half_end,symbol,category,rank
2020-06-30,RELIANCE,large,1
2020-06-30,TCS,large,2
2020-06-30,HDFCBANK,large,3
2020-06-30,HINDUNILVR,large,4
2020-06-30,HDFC,large,5
2020-06-30,INFY,large,6
2020-06-30,BHARTIARTL,large,7
2020-06-30,KOTAKBANK,large,8
2020-06-30,ICICIBANK,large,9
2020-06-30,ITC,large,10
2020-06-30,SBIN,large,11
2020-06-30,BAJFINANCE,large,12
2020-06-30,MARUTI,large,13
2020-06-30,ASIANPAINT,large,14
2020-06-30,AXISBANK,large,16
2020-06-30,HCLTECH,large,17
2020-06-30,LT,large,18
2020-06-30,DMART,large,19
2020-06-30,WIPRO,large,20
2020-06-30,ONGC,large,21
2020-06-30,ULTRACEMCO,large,22
2020-06-30,BAJAJFINSV,large,23
2020-06-30,HDFCLIFE,large,24
2020-06-30,SUNPHARMA,large,25
2020-06-30,NTPC,large,26
2020-06-30,COALINDIA,large,27
2020-06-30,TITAN,large,28
2020-06-30,POWERGRID,large,29
2020-06-30,IOC,large,30
2020-06-30,BPCL,large,31
2020-06-30,DABUR,large,32
2020-06-30,SBILIFE,large,33
2020-06-30,BAJAJ-AUTO,large,34
2020-06-30,SHREECEM,large,35
2020-06-30,HINDZINC,large,36
2020-06-30,PIDILITIND,large,37
2020-06-30,BRITANNIA,large,38
2020-06-30,ADANIPORTS,large,39
2020-06-30,GODREJCP,large,40
2020-06-30,TECHM,large,41
2020-06-30,ICICIPRULI,large,42
2020-06-30,HDFCAMC,large,43
2020-06-30,DRREDDY,large,44
2020-06-30,DIVISLAB,large,45
2020-06-30,ICICIGI,large,46
2020-06-30,M&M,large,47
2020-06-30,SBICARD,large,48
2020-06-30,INDUSINDBK,large,49
2020-06-30,BANDHANBNK,large,50
2020-06-30,JSWSTEEL,large,51
2020-06-30,BERGEPAINT,large,52
2020-06-30,EICHERMOT,large,53
2020-06-30,GAIL,large,54
2020-06-30,DLF,large,55
2020-06-30,INDIGO,large,56
2020-06-30,SIEMENS,large,57
2020-06-30,HEROMOTOCO,large,58
2020-06-30,MCDOWELL-N,large,59
2020-06-30,CIPLA,large,60
2020-06-30,GRASIM,large,61
2020-06-30,VEDL,large,62
2020-06-30,TATASTEEL,large,63
2020-06-30,MARICO,large,64
2020-06-30,TATAMOTORS,large,65
2020-06-30,BIOCON,large,66
2020-06-30,INFRATEL,large,67
2020-06-30,AMBUJACEM,large,68
2020-06-30,TORNTPHARM,large,69
2020-06-30,COLPAL,large,70
2020-06-30,PETRONET,large,71
2020-06-30,HAVELLS,large,72
2020-06-30,BOSCHLTD,large,73
2020-06-30,LUPIN,large,74
2020-06-30,UPL,large,75
2020-06-30,PGHH,large,76
2020-06-30,ADANIGREEN,large,77
2020-06-30,HINDALCO,large,78
2020-06-30,AUROPHARMA,large,79
2020-06-30,HINDPETRO,large,80
2020-06-30,MUTHOOTFIN,large,81
2020-06-30,IGL,large,83
2020-06-30,MOTHERSUMI,large,84
2020-06-30,PNB,large,85
2020-06-30,NAUKRI,large,86
2020-06-30,CADILAHC,large,87
2020-06-30,LTI,large,88
2020-06-30,BAJAJHLDNG,large,89
2020-06-30,GICRE,large,90
2020-06-30,BANKBARODA,large,91
2020-06-30,IDBI,large,92
2020-06-30,ALKEM,large,93
2020-06-30,UBL,large,94
2020-06-30,NMDC,large,95
2020-06-30,ADANITRANS,large,96
2020-06-30,MRF,large,97
2020-06-30,PEL,large,98
2020-06-30,TATACONSUM,large,99
2020-06-30,CONCOR,large,100
2020-06-30,WHIRLPOOL,mid,101
2020-06-30,PFC,mid,102
2020-06-30,HONAUT,mid,103
2020-06-30,ACC,mid,104
2020-06-30,GLAXO,mid,105
2020-06-30,KANSAINER,mid,106
2020-06-30,YESBANK,mid,107
2020-06-30,PAGEIND,mid,108
2020-06-30,3MINDIA,mid,109
2020-06-30,RECLTD,mid,110
2020-06-30,ABB,mid,111
2020-06-30,JUBLFOOD,mid,112
2020-06-30,NHPC,mid,113
2020-06-30,OFSS,mid,114
2020-06-30,HAL,mid,115
2020-06-30,AUBANK,mid,116
2020-06-30,GODREJPROP,mid,117
2020-06-30,IRCTC,mid,118
2020-06-30,SRF,mid,119
2020-06-30,NIACL,mid,120
2020-06-30,PIIND,mid,121
2020-06-30,APOLLOHOSP,mid,122
2020-06-30,BALKRISIND,mid,123
2020-06-30,VBL,mid,124
2020-06-30,TRENT,mid,125
2020-06-30,ADANIENT,mid,126
2020-06-30,SRTRANSFIN,mid,127
2020-06-30,VOLTAS,mid,128
2020-06-30,PFIZER,mid,129
2020-06-30,BEL,mid,131
2020-06-30,BATAINDIA,mid,132
2020-06-30,ZEEL,mid,133
2020-06-30,NAM-INDIA,mid,134
2020-06-30,GUJGASLTD,mid,135
2020-06-30,TVSMOTOR,mid,136
2020-06-30,IPCALAB,mid,137
2020-06-30,GILLETTE,mid,138
2020-06-30,ASHOKLEY,mid,139
2020-06-30,CHOLAFIN,mid,140
2020-06-30,RAJESHEXPO,mid,141
2020-06-30,COROMANDEL,mid,142
2020-06-30,BHARATFORG,mid,143
2020-06-30,SANOFI,mid,144
2020-06-30,L&TFH,mid,145
2020-06-30,ADANIPOWER,mid,146
2020-06-30,RELAXO,mid,147
2020-06-30,AARTIIND,mid,148
2020-06-30,SUNTV,mid,149
2020-06-30,ABCAPITAL,mid,150
2020-06-30,LICHSGFIN,mid,151
2020-06-30,IDEA,mid,152
2020-06-30,SUNDARMFIN,mid,153
2020-06-30,BANKINDIA,mid,154
2020-06-30,RAMCOCEM,mid,155
2020-06-30,UNIONBANK,mid,156
2020-06-30,OBEROIRLTY,mid,157
2020-06-30,AIAENG,mid,158
2020-06-30,MPHASIS,mid,159
2020-06-30,ASTRAL,mid,160
2020-06-30,M&MFIN,mid,161
2020-06-30,CANBK,mid,162
2020-06-30,CROMPTON,mid,163
2020-06-30,TORNTPOWER,mid,164
2020-06-30,ADANIGAS,mid,165
2020-06-30,IDFCFIRSTB,mid,166
2020-06-30,MINDTREE,mid,167
2020-06-30,LTTS,mid,168
2020-06-30,SUPREMEIND,mid,169
2020-06-30,SAIL,mid,170
2020-06-30,ABFRL,mid,171
2020-06-30,EXIDEIND,mid,172
2020-06-30,JINDALSTEL,mid,173
2020-06-30,ATUL,mid,174
2020-06-30,LALPATHLAB,mid,175
2020-06-30,APLLTD,mid,176
2020-06-30,IOB,mid,177
2020-06-30,ISEC,mid,178
2020-06-30,MFSL,mid,179
2020-06-30,POLYCAB,mid,180
2020-06-30,CUB,mid,181
2020-06-30,DALBHARAT,mid,182
2020-06-30,FEDERALBNK,mid,183
2020-06-30,SYNGENE,mid,184
2020-06-30,CASTROLIND,mid,185
2020-06-30,CUMMINSIND,mid,186
2020-06-30,WABCOINDIA,mid,187
2020-06-30,SCHAEFFLER,mid,188
2020-06-30,INDHOTEL,mid,189
2020-06-30,GSPL,mid,190
2020-06-30,MANAPPURAM,mid,191
2020-06-30,GMRINFRA,mid,192
2020-06-30,GODREJIND,mid,193
2020-06-30,UCOBANK,mid,194
2020-06-30,ENDURANCE,mid,195
2020-06-30,SUMICHEM,mid,196
2020-06-30,TATAPOWER,mid,197
2020-06-30,AAVAS,mid,198
2020-06-30,AJANTPHARM,mid,199
2020-06-30,TATACOMM,mid,200
2020-06-30,OIL,mid,201
2020-06-30,RUCHI,mid,202
2020-06-30,CRISIL,mid,203
2020-06-30,NATCOPHARM,mid,204
2020-06-30,AMARAJABAT,mid,205
2020-06-30,BHEL,mid,206
2020-06-30,RBLBANK,mid,207
2020-06-30,EMAMILTD,mid,208
2020-06-30,PHOENIXLTD,mid,209
2020-06-30,THERMAX,mid,210
2020-06-30,FORTIS,mid,211
2020-06-30,FRETAIL,mid,212
2020-06-30,MGL,mid,213
2020-06-30,VINATIORGA,mid,214
2020-06-30,IIFLWAM,mid,215
2020-06-30,PRESTIGE,mid,216
2020-06-30,ESCORTS,mid,217
2020-06-30,MOTILALOFS,mid,218
2020-06-30,AKZOINDIA,mid,219
2020-06-30,JKCEMENT,mid,220
2020-06-30,NIITTECH,mid,221
2020-06-30,HATSUN,mid,222
2020-06-30,SOLARINDS,mid,223
2020-06-30,GLENMARK,mid,224
2020-06-30,HEXAWARE,mid,225
2020-06-30,CENTRALBK,mid,226
2020-06-30,SJVN,mid,227
2020-06-30,CREDITACC,mid,228
2020-06-30,IBULHSGFIN,mid,229
2020-06-30,GODREJAGRO,mid,230
2020-06-30,SKFINDIA,mid,231
2020-06-30,JSWENERGY,mid,232
2020-06-30,MINDAIND,mid,233
2020-06-30,VGUARD,mid,234
2020-06-30,TIINDIA,mid,235
2020-06-30,CESC,mid,236
2020-06-30,SUNDRMFAST,mid,237
2020-06-30,ZYDUSWELL,mid,238
2020-06-30,JUBILANT,mid,239
2020-06-30,METROPOLIS,mid,240
2020-06-30,ITI,mid,241
2020-06-30,CHOLAHLDNG,mid,242
2020-06-30,TTKPRESTIG,mid,243
2020-06-30,SYMPHONY,mid,244
2020-06-30,PVR,mid,245
2020-06-30,TATACHEM,mid,246
2020-06-30,IBVENTURES,mid,247
2020-06-30,JMFINANCIL,mid,248
2020-06-30,KAJARIACER,mid,249
2020-06-30,APOLLOTYRE,mid,250
2020-06-30,SFL,small,251
2020-06-30,ASTRAZEN,small,252
2020-06-30,BBTC,small,253
2020-06-30,PGHL,small,254
2020-06-30,NLCINDIA,small,255
2020-06-30,TIMKEN,small,256
2020-06-30,SHRIRAMCIT,small,257
2020-06-30,NAVINFLUOR,small,258
2020-06-30,RITES,small,259
2020-06-30,UJJIVANSFB,small,260
2020-06-30,KEC,small,261
2020-06-30,INDIAMART,small,262
2020-06-30,SIS,small,263
2020-06-30,AVANTIFEED,small,264
2020-06-30,NATIONALUM,small,265
2020-06-30,JCHAC,small,266
2020-06-30,ERIS,small,267
2020-06-30,ASTERDM,small,268
2020-06-30,AEGISCHEM,small,269
2020-06-30,FINEORG,small,270
2020-06-30,MRPL,small,271
2020-06-30,MAHABANK,small,272
2020-06-30,BLUESTARCO,small,273
2020-06-30,NH,small,274
2020-06-30,DEEPAKNTR,small,275
2020-06-30,EDELWEISS,small,277
2020-06-30,GRINDWELL,small,278
2020-06-30,FINPIPE,small,279
2020-06-30,CHAMBLFERT,small,280
2020-06-30,HUDCO,small,281
2020-06-30,KIOCL,small,282
2020-06-30,GODFRYPHLP,small,283
2020-06-30,EIHOTEL,small,284
2020-06-30,BLUEDART,small,285
2020-06-30,QUESS,small,287
2020-06-30,VSTIND,small,288
2020-06-30,ESSELPACK,small,289
2020-06-30,KRBL,small,290
2020-06-30,TATAELXSI,small,291
2020-06-30,INDIANB,small,292
2020-06-30,CARBORUNIV,small,293
2020-06-30,LINDEINDIA,small,294
2020-06-30,DIXON,small,295
2020-06-30,FLFL,small,296
2020-06-30,GALAXYSURF,small,297
2020-06-30,RATNAMANI,small,298
2020-06-30,IEX,small,299
2020-06-30,CANFINHOME,small,300
2020-06-30,DCMSHRIRAM,small,301
2020-06-30,SPANDANA,small,302
2020-06-30,PNBHOUSING,small,303
2020-06-30,ASAHIINDIA,small,304
2020-06-30,ENGINERSIN,small,305
2020-06-30,VTL,small,306
2020-06-30,CHALET,small,307
2020-06-30,PERSISTENT,small,308
2020-06-30,FLUOROCHEM,small,309
2020-06-30,LAURUSLABS,small,310
2020-06-30,BDL,small,311
2020-06-30,VIPIND,small,312
2020-06-30,RADICO,small,313
2020-06-30,GMMPFAUDLR,small,314
2020-06-30,MAHINDCIE,small,315
2020-06-30,BASF,small,317
2020-06-30,JYOTHYLAB,small,318
2020-06-30,JBCHEPHARM,small,319
2020-06-30,FINCABLES,small,320
2020-06-30,CENTURYTEX,small,321
2020-06-30,NBCC,small,322
2020-06-30,KALPATPOWR,small,323
2020-06-30,BIRLACORPN,small,324
2020-06-30,GRAPHITE,small,325
2020-06-30,ORIENTELEC,small,326
2020-06-30,MASFIN,small,327
2020-06-30,RALLIS,small,328
2020-06-30,DBL,small,329
2020-06-30,BAJAJELEC,small,330
2020-06-30,GRANULES,small,331
2020-06-30,AMBER,small,332
2020-06-30,RVNL,small,333
2020-06-30,IRCON,small,334
2020-06-30,STRTECH,small,335
2020-06-30,FDC,small,336
2020-06-30,APLAPOLLO,small,337
2020-06-30,COCHINSHIP,small,338
2020-06-30,SUNTECK,small,339
2020-06-30,TV18BRDCST,small,340
2020-06-30,SUVENPHAR,small,341
2020-06-30,NESCO,small,342
2020-06-30,HEIDELBERG,small,343
2020-06-30,TATAINVEST,small,344
2020-06-30,SPARC,small,345
2020-06-30,IDFC,small,346
2020-06-30,AFFLE,small,347
2020-06-30,PNCINFRA,small,349
2020-06-30,IIFL,small,350
2020-06-30,VAKRANGEE,small,351
2020-06-30,DCBBANK,small,352
2020-06-30,GEPIL,small,353
2020-06-30,REDINGTON,small,354
2020-06-30,HATHWAY,small,355
2020-06-30,STAR,small,356
2020-06-30,MIDHANI,small,357
2020-06-30,VARROC,small,358
2020-06-30,GESHIP,small,359
2020-06-30,CEATLTD,small,360
2020-06-30,KPRMILL,small,361
2020-06-30,MAHSCOOTER,small,362
2020-06-30,WELSPUNIND,small,363
2020-06-30,SUNCLAYLTD,small,364
2020-06-30,CYIENT,small,365
2020-06-30,POWERINDIA,small,366
2020-06-30,TEAMLEASE,small,367
2020-06-30,BRIGADE,small,368
2020-06-30,GPPL,small,369
2020-06-30,HEG,small,370
2020-06-30,EIDPARRY,small,371
2020-06-30,INFIBEAM,small,372
2020-06-30,KEI,small,373
2020-06-30,GULFOILLUB,small,374
2020-06-30,STARCEMENT,small,375
2020-06-30,KNRCON,small,376
2020-06-30,VMART,small,377
2020-06-30,MOIL,small,378
2020-06-30,ALKYLAMINE,small,379
2020-06-30,VAIBHAVGBL,small,380
2020-06-30,INOXLEISUR,small,381
2020-06-30,DELTACORP,small,382
2020-06-30,JKLAKSHMI,small,383
2020-06-30,INDIACEM,small,384
2020-06-30,LAXMIMACH,small,385
2020-06-30,CERA,small,386
2020-06-30,SHILPAMED,small,387
2020-06-30,UJJIVAN,small,389
2020-06-30,SWSOLAR,small,390
2020-06-30,OMAXE,small,391
2020-06-30,CGCL,small,392
2020-06-30,LUXIND,small,393
2020-06-30,GARFIBRES,small,394
2020-06-30,WELCORP,small,395
2020-06-30,HINDCOPPER,small,396
2020-06-30,WOCKPHARMA,small,397
2020-06-30,CENTURYPLY,small,398
2020-06-30,IBREALEST,small,399
2020-06-30,BEML,small,400
2020-06-30,BALRAMCHIN,small,401
2020-06-30,TRIDENT,small,402
2020-06-30,KARURVYSYA,small,403
2020-06-30,SUDARSCHEM,small,404
2020-06-30,THYROCARE,small,405
2020-06-30,RAIN,small,406
2020-06-30,TCNSBRANDS,small,407
2020-06-30,ELGIEQUIP,small,408
2020-06-30,FCONSUMER,small,409
2020-06-30,LEMONTREE,small,410
2020-06-30,ZENSARTECH,small,411
2020-06-30,JUSTDIAL,small,412
2020-06-30,BHARATRAS,small,413
2020-06-30,KSCL,small,414
2020-06-30,SWANENERGY,small,415
2020-06-30,IRB,small,416
2020-06-30,CCL,small,417
2020-06-30,NETWORK18,small,418
2020-06-30,ALOKINDS,small,419
2020-06-30,GET&D,small,420
2020-06-30,TCIEXP,small,421
2020-06-30,SONATSOFTW,small,422
2020-06-30,TECHNOE,small,423
2020-06-30,SOBHA,small,424
2020-06-30,CSBBANK,small,425
2020-06-30,CDSL,small,426
2020-06-30,FSL,small,427
2020-06-30,RAYMOND,small,428
2020-06-30,TASTYBITE,small,429
2020-06-30,INDOSTAR,small,430
2020-06-30,ICRA,small,431
2020-06-30,FMGOETZE,small,432
2020-06-30,BAJAJCON,small,433
2020-06-30,TRITURBINE,small,434
2020-06-30,GUJALKALI,small,435
2020-06-30,MMTC,small,436
2020-06-30,EQUITAS,small,437
2020-06-30,PRSMJOHNSN,small,438
2020-06-30,MHRIL,small,439
2020-06-30,TATASTLBSL,small,440
2020-06-30,DEN,small,441
2020-06-30,GNFC,small,442
2020-06-30,SHOPERSTOP,small,443
2020-06-30,GREAVESCOT,small,444
2020-06-30,CAPLIPOINT,small,445
2020-06-30,POLYMED,small,446
2020-06-30,DHANUKA,small,447
2020-06-30,RCF,small,448
2020-06-30,MAHLOG,small,449
2020-06-30,SCI,small,451
2020-06-30,GSFC,small,452
2020-06-30,RESPONIND,small,453
2020-06-30,ORIENTREF,small,455
2020-06-30,JSWHL,small,456
2020-06-30,SUPRAJIT,small,457
2020-06-30,JINDALSAW,small,459
2020-06-30,ALLCARGO,small,460
2020-06-30,HSCL,small,461
2020-06-30,BSOFT,small,463
2020-06-30,ASHOKA,small,464
2020-06-30,NCC,small,465
2020-06-30,ESABINDIA,small,467
2020-06-30,INDOCO,small,468
2020-06-30,SEQUENT,small,469
2020-06-30,INGERRAND,small,470
2020-06-30,VESUVIUS,small,471
2020-06-30,SCHNEIDER,small,472
2020-06-30,KSB,small,473
2020-06-30,BSE,small,476
2020-06-30,FAIRCHEM,small,477
2020-06-30,LAOPALA,small,479
2020-06-30,GRSE,small,480
2020-06-30,MAHSEAMLES,small,481
2020-06-30,JKPAPER,small,483
2020-06-30,ECLERX,small,484
2020-06-30,KPITTECH,small,485
2020-06-30,IFBIND,small,487
2020-06-30,ITDC,small,488
2020-06-30,MINDACORP,small,489
2020-06-30,GREENLAM,small,490
2020-06-30,VRLLOG,small,491
2020-06-30,NILKAMAL,small,492
2020-06-30,BALMLAWRIE,small,493
2020-06-30,NAVNETEDUL,small,494
2020-06-30,ADVENZYMES,small,495
2020-06-30,VENKEYS,small,496
2020-06-30,KIRLOSENG,small,497
2020-06-30,SHARDACROP,small,498
2020-06-30,PAPERPROD,small,499
2020-06-30,DBCORP,small,500
2020-06-30,AARTIDRUGS,small,501
2020-06-30,HFCL,small,502
2020-06-30,JSL,small,503
2020-06-30,PHILIPCARB,small,504
2020-06-30,ARVINDFASN,small,505
2020-06-30,KTKBANK,small,507
2020-06-30,AHLUCONT,small,508
2020-06-30,JTEKTINDIA,small,509
2020-06-30,TCI,small,511
2020-06-30,SUPPETRO,small,512
2020-06-30,IOLCP,small,513
2020-06-30,PSPPROJECT,small,515
2020-06-30,TATACOFFEE,small,516
2020-06-30,GAEL,small,517
2020-06-30,JAGRAN,small,518
2020-06-30,DIAMONDYD,small,519
2020-06-30,GMDCLTD,small,520
2020-06-30,JKTYRE,small,521
2020-06-30,SUZLON,small,522
2020-06-30,NOCIL,small,523
2020-06-30,POLYPLEX,small,524
2020-06-30,DISHTV,small,525
2020-06-30,PRAJIND,small,527
2020-06-30,THOMASCOOK,small,528
2020-06-30,JAICORPLTD,small,529
2020-06-30,ACCELYA,small,530
2020-06-30,MAHLIFE,small,531
2020-06-30,TATAMETALI,small,532
2020-06-30,KOLTEPATIL,small,533
2020-06-30,SWARAJENG,small,534
2020-06-30,SOUTHBANK,small,535
2020-06-30,HIKAL,small,536
2020-06-30,GREENPLY,small,537
2020-06-30,PRINCEPIPE,small,538
2020-06-30,TIDEWATER,small,539
2020-06-30,TATASTLLP,small,540
2020-06-30,INTELLECT,small,541
2020-06-30,FACT,small,542
2020-06-30,UFLEX,small,543
2020-06-30,RUPA,small,544
2020-06-30,ATFL,small,545
2020-06-30,SOLARA,small,546
2020-06-30,ALEMBICLTD,small,547
2020-06-30,CARERATING,small,548
2020-06-30,JSLHISAR,small,549
2020-06-30,TRIVENI,small,550
2020-06-30,BANARISUG,small,551
2020-06-30,GHCL,small,552
2020-06-30,BOMDYEING,small,553
2020-06-30,HERITGFOOD,small,554
2020-06-30,HGINFRA,small,555
2020-06-30,PTC,small,556
2020-06-30,RAMCOIND,small,557
2020-06-30,SHRIPISTON,small,558
2020-06-30,HGS,small,559
2020-06-30,DCAL,small,560
2020-06-30,IIFLSEC,small,561
2020-06-30,SUBROS,small,562
2020-06-30,APARINDS,small,563
2020-06-30,MAITHANALL,small,564
2020-06-30,MEGH,small,565
2020-06-30,JAMNAAUTO,small,567
2020-06-30,CHENNPETRO,small,568
2020-06-30,GABRIEL,small,569
2020-06-30,NIITLTD,small,570
2020-06-30,ORIENTCEM,small,571
2020-06-30,BALAMINES,small,573
2020-06-30,REPCOHOME,small,574
2020-06-30,RENUKA,small,575
2020-06-30,NFL,small,576
2020-06-30,TVTODAY,small,577
2020-06-30,SANDHAR,small,578
2020-06-30,SHK,small,579
2020-06-30,AMRUTANJAN,small,581
2020-06-30,BLISSGVS,small,582
2020-06-30,SADBHAV,small,583
2020-06-30,DFMFOODS,small,584
2020-06-30,WHEELS,small,585
2020-06-30,WSTCSTPAPR,small,586
2020-06-30,PILANIINVS,small,587
2020-06-30,INEOSSTYRO,small,588
2020-06-30,TINPLATE,small,589
2020-06-30,NEWGEN,small,590
2020-06-30,KIRIINDUS,small,591
2020-06-30,JINDALPOLY,small,593
2020-06-30,GDL,small,594
2020-06-30,PSB,small,596
2020-06-30,PURVA,small,597
2020-06-30,GFLLIMITED,small,598
2020-06-30,FSC,small,599
2020-06-30,VOLTAMP,small,600
2020-06-30,HESTERBIO,small,601
2020-06-30,J&KBANK,small,602
2020-06-30,LUMAXIND,small,604
2020-06-30,SAFARI,small,605
2020-06-30,BFINVEST,small,607
2020-06-30,HCC,small,608
2020-06-30,KKCL,small,609
2020-06-30,TAKE,small,610
2020-06-30,TVSSRICHAK,small,611
2020-06-30,SOTL,small,613
2020-06-30,RSYSTEMS,small,614
2020-06-30,JMCPROJECT,small,615
2020-06-30,ASTEC,small,616
2020-06-30,HONDAPOWER,small,617
2020-06-30,UNICHEMLAB,small,619
2020-06-30,PFOCUS,small,620
2020-06-30,GOCLCORP,small,621
2020-06-30,WONDERLA,small,622
2020-06-30,NEOGEN,small,623
2020-06-30,PAISALO,small,624
2020-06-30,GIPCL,small,626
2020-06-30,TANLA,small,627
2020-06-30,WELENT,small,628
2020-06-30,KIRLOSBROS,small,629
2020-06-30,MAJESCO,small,631
2020-06-30,DHAMPURSUG,small,632
2020-06-30,NBVENTURES,small,633
2020-06-30,IFCI,small,634
2020-06-30,SEAMECLTD,small,635
2020-06-30,ORISSAMINE,small,636
2020-06-30,VSTTILLERS,small,638
2020-06-30,TIMETECHNO,small,640
2020-06-30,AUTOAXLES,small,641
2020-06-30,TAJGVK,small,642
2020-06-30,TNPL,small,643
2020-06-30,HCG,small,644
2020-06-30,MAGMA,small,645
2020-06-30,SESHAPAPER,small,646
2020-06-30,INSECTICID,small,648
2020-06-30,ANDHRAPAP,small,649
2020-06-30,JINDWORLD,small,650
2020-06-30,EXCELINDUS,small,651
2020-06-30,DEEPAKFERT,small,652
2020-06-30,HINDOILEXP,small,653
2020-06-30,JBMA,small,655
2020-06-30,INDIANHUME,small,656
2020-06-30,PANACEABIO,small,657
2020-06-30,MATRIMONY,small,659
2020-06-30,SAGCEM,small,660
2020-06-30,MAYURUNIQ,small,661
2020-06-30,CAPACITE,small,662
2020-06-30,BFUTILITIE,small,663
2020-06-30,ENIL,small,664
2020-06-30,MSTCLTD,small,666
2020-06-30,MARKSANS,small,667
2020-06-30,INDIAGLYCO,small,668
2020-06-30,APEX,small,669
2020-06-30,ARVIND,small,670
2020-06-30,RELIGARE,small,671
2020-06-30,SSWL,small,672
2020-06-30,SADBHIN,small,673
2020-06-30,PARAGMILK,small,674
2020-06-30,IGARASHI,small,675
2020-06-30,JPPOWER,small,676
2020-06-30,OLECTRA,small,678
2020-06-30,VINDHYATEL,small,679
2020-06-30,FEL,small,680
2020-06-30,SHALBY,small,682
2020-06-30,JKIL,small,683
2020-06-30,DAAWAT,small,684
2020-06-30,SUNDARMHLD,small,686
2020-06-30,SATIA,small,687
2020-06-30,BORORENEW,small,688
2020-06-30,KSL,small,689
2020-06-30,WABAG,small,690
2020-06-30,HIMATSEIDE,small,691
2020-06-30,AGCNET,small,692
2020-06-30,MASTEK,small,693
2020-06-30,CLNINDIA,small,694
2020-06-30,RKFORGE,small,695
2020-06-30,SIYSIL,small,696
2020-06-30,ITDCEM,small,697
2020-06-30,ICIL,small,699
2020-06-30,PDSMFL,small,700
2020-06-30,SRIPIPES,small,701
2020-06-30,OCCL,small,702
2020-06-30,SHANKARA,small,703
2020-06-30,RTNPOWER,small,704
2020-06-30,SHIL,small,706
2020-06-30,HIL,small,708
2020-06-30,DOLLAR,small,709
2020-06-30,NRBBEARING,small,710
2020-06-30,DPSCLTD,small,711
2020-06-30,EIHAHOTELS,small,713
2020-06-30,CIGNITITEC,small,714
2020-06-30,LGBBROSLTD,small,715
2020-06-30,KITEX,small,716
2020-06-30,FOSECOIND,small,717
2020-06-30,ASHIANA,small,719
2020-06-30,POWERMECH,small,720
2020-06-30,RANEHOLDIN,small,721
2020-06-30,NUCLEUS,small,722
2020-06-30,TEXRAIL,small,723
2020-06-30,SASKEN,small,724
2020-06-30,ANANTRAJ,small,725
2020-06-30,PFS,small,726
2020-06-30,BODALCHEM,small,727
2020-06-30,HMT,small,728
2020-06-30,MOREPENLAB,small,729
2020-06-30,DREDGECORP,small,730
2020-06-30,QUICKHEAL,small,731
2020-06-30,GMBREW,small,733
2020-06-30,NXTDIGITAL,small,734
2020-06-30,FILATEX,small,735
2020-06-30,DALMIASUG,small,737
2020-06-30,PRABHAT,small,738
2020-06-30,INOXWIND,small,739
2020-06-30,BEPL,small,740
2020-06-30,ANDHRSUGAR,small,741
2020-06-30,ASTRAMICRO,small,743
2020-06-30,SANGHIIND,small,744
2020-06-30,CAMLINFINE,small,745
2020-06-30,MUTHOOTCAP,small,746
2020-06-30,ACE,small,747
2020-06-30,INDNIPPON,small,748
2020-06-30,KCP,small,749
2020-06-30,SATIN,small,750
2020-06-30,SHANTIGEAR,small,751
2020-06-30,GALLISPAT,small,752
2020-06-30,MMFL,small,753
2020-06-30,SURYAROSNI,small,754
2020-06-30,SUVEN,small,755
2020-06-30,GTPL,small,756
2020-06-30,CENTRUM,small,757
2020-06-30,IMPAL,small,758
2020-06-30,TIIL,small,760
2020-06-30,SIRCA,small,762
2020-06-30,SPENCERS,small,763
2020-06-30,SMLISUZU,small,764
2020-06-30,SOMANYCERA,small,765
2020-06-30,TTKHLTCARE,small,766
2020-06-30,PRAKASH,small,767
2020-06-30,STERTOOLS,small,769
2020-06-30,SARDAEN,small,770
2020-06-30,PCJEWELLER,small,772
2020-06-30,IBULISL,small,773
2020-06-30,KOKUYOCMLN,small,774
2020-06-30,AIONJSW,small,775
2020-06-30,APCOTEXIND,small,776
2020-06-30,KINGFA,small,777
2020-06-30,GATI,small,778
2020-06-30,RADIOCITY,small,779
2020-06-30,MOLDTKPAC,small,781
2020-06-30,SUNFLAG,small,782
2020-06-30,CONFIPET,small,783
2020-06-30,BAJAJHIND,small,784
2020-06-30,USHAMART,small,785
2020-06-30,SAREGAMA,small,786
2020-06-30,KICL,small,787
2020-06-30,SNOWMAN,small,788
2020-06-30,BANCOINDIA,small,789
2020-06-30,RPOWER,small,790
2020-06-30,MAXVIL,small,791
2020-06-30,OAL,small,792
2020-06-30,MANGLMCEM,small,793
2020-06-30,MIRZAINT,small,794
2020-06-30,LUMAXTECH,small,795
2020-06-30,GEOJITFSL,small,796
2020-06-30,PATELENG,small,798
2020-06-30,CESCVENT,small,799
2020-06-30,ASIANTILES,small,800
2020-06-30,GPIL,small,801
2020-06-30,MANINFRA,small,803
2020-06-30,NATHBIOGEN,small,806
2020-06-30,REPRO,small,807
2020-06-30,KIRLOSIND,small,808
2020-06-30,TIRUMALCHM,small,810
2020-06-30,BALAJITELE,small,811
2020-06-30,MPSLTD,small,812
2020-06-30,PUNJABCHEM,small,813
2020-06-30,RGL,small,814
2020-06-30,MTNL,small,815
2020-06-30,GAYAPROJ,small,816
2020-06-30,GENUSPOWER,small,818
2020-06-30,TTML,small,820
2020-06-30,ELECTCAST,small,821
2020-06-30,COSMOFILMS,small,822
2020-06-30,THEINVEST,small,823
2020-06-30,RELINFRA,small,825
2020-06-30,GVKPIL,small,826
2020-06-30,GICHSGFIN,small,827
2020-06-30,HBLPOWER,small,828
2020-06-30,COFFEEDAY,small,829
2020-06-30,AVTNPL,small,830
2020-06-30,PNBGILTS,small,832
2020-06-30,LAKSHVILAS,small,833
2020-06-30,ADFFOODS,small,835
2020-06-30,GANECOS,small,836
2020-06-30,XCHANGING,small,837
2020-06-30,EMAMIPAP,small,838
2020-06-30,KESORAMIND,small,839
2020-06-30,BLS,small,840
2020-06-30,ZEELEARN,small,842
2020-06-30,TEJASNET,small,843
2020-06-30,DWARKESH,small,846
2020-06-30,NACLIND,small,848
2020-06-30,GUFICBIO,small,849
2020-06-30,TEXINFRA,small,850
2020-06-30,GTLINFRA,small,851
2020-06-30,BHAGERIA,small,852
2020-06-30,WENDT,small,853
2020-06-30,ARMANFIN,small,854
2020-06-30,RIIL,small,855
2020-06-30,CGPOWER,small,856
2020-06-30,FIEMIND,small,857
2020-06-30,APTECHT,small,859
2020-06-30,MEP,small,860
2020-06-30,NEULANDLAB,small,862
2020-06-30,GREENPANEL,small,863
2020-06-30,EVEREADY,small,865
2020-06-30,DYNAMATECH,small,866
2020-06-30,INDORAMA,small,868
2020-06-30,VADILALIND,small,869
2020-06-30,APOLLOPIPE,small,870
2020-06-30,TWL,small,871
2020-06-30,IGPL,small,872
2020-06-30,IMFA,small,873
2020-06-30,IFGLEXPOR,small,874
2020-06-30,NELCO,small,875
2020-06-30,RICOAUTO,small,876
2020-06-30,GNA,small,879
2020-06-30,EBIXFOREX,small,880
2020-06-30,UNITECH,small,881
2020-06-30,ORIENTPPR,small,883
2020-06-30,SHARDAMOTR,small,884
2020-06-30,THANGAMAYL,small,887
2020-06-30,SHREDIGCEM,small,889
2020-06-30,PLASTIBLEN,small,890
2020-06-30,RPGLIFE,small,891
2020-06-30,JPASSOCIAT,small,892
2020-06-30,5PAISA,small,893
2020-06-30,PRICOLLTD,small,894
2020-06-30,ATULAUTO,small,895
2020-06-30,SUTLEJTEX,small,897
2020-06-30,ANUP,small,898
2020-06-30,CANTABIL,small,899
2020-06-30,DHFL,small,900
2020-06-30,UNIVCABLES,small,902
2020-06-30,ORIENTHOT,small,904
2020-06-30,AMBIKCO,small,910
2020-06-30,BBL,small,911
2020-06-30,HMVL,small,912
2020-06-30,MONTECARLO,small,913
2020-06-30,BRNL,small,914
2020-06-30,SANDESH,small,916
2020-06-30,AVADHSUGAR,small,918
2020-06-30,MUNJALAU,small,919
2020-06-30,TFCILTD,small,920
2020-06-30,UNIENTER,small,921
2020-06-30,RBL,small,922
2020-06-30,CENTUM,small,923
2020-06-30,SHALPAINTS,small,924
2020-06-30,ZOTA,small,926
2020-06-30,ALICON,small,927
2020-06-30,MUNJALSHOW,small,928
2020-06-30,JAYBARMARU,small,929
2020-06-30,NBIFIN,small,930
2020-06-30,SUMMITSEC,small,931
2020-06-30,MANGCHEFER,small,936
2020-06-30,INDRAMEDCO,small,937
2020-06-30,NAVKARCORP,small,939
2020-06-30,ZUARI,small,940
2020-06-30,NELCAST,small,941
2020-06-30,CONTROLPR,small,942
2020-06-30,KUANTUM,small,943
2020-06-30,VHL,small,945
2020-06-30,ADORWELD,small,946
2020-06-30,TDPOWERSYS,small,947
2020-06-30,RAMCOSYS,small,948
2020-06-30,ASALCBR,small,949
2020-06-30,63MOONS,small,950
2020-06-30,ZENTEC,small,952
2020-06-30,DECCANCE,small,953
2020-06-30,JISLJALEQS,small,954
2020-06-30,SREEL,small,955
2020-06-30,HSIL,small,958
2020-06-30,SHRIRAMEPC,small,959
2020-06-30,SMSPHARMA,small,960
2020-06-30,SHAKTIPUMP,small,962
2020-06-30,NSIL,small,963
2020-06-30,AJMERA,small,964
2020-06-30,SPIC,small,967
2020-06-30,SKIPPER,small,968
2020-06-30,CENTENKA,small,970
2020-06-30,NRAIL,small,971
2020-06-30,AHLWEST,small,972
2020-06-30,CEREBRAINT,small,973
2020-06-30,NCLIND,small,975
2020-06-30,GKWLIMITED,small,978
2020-06-30,LINCOLN,small,980
2020-06-30,EVERESTIND,small,981
2020-06-30,VISAKAIND,small,982
2020-06-30,SREINFRA,small,983
2020-06-30,APCL,small,984
2020-06-30,DATAMATICS,small,987
2020-06-30,MAHEPC,small,989
2020-06-30,ALLSEC,small,990
2020-06-30,GLOBUSSPR,small,991
2020-06-30,SUBEX,small,992
2020-06-30,HARITASEAT,small,994
2020-06-30,SANGHVIMOV,small,995
2020-06-30,RTNINFRA,small,996
2020-06-30,GRAVITA,small,999
2020-06-30,MUKANDLTD,small,1000
2020-06-30,3IINFOTECH,small,1001
2020-06-30,UTTAMSUGAR,small,1002
2020-06-30,SPAL,small,1003
2020-06-30,NECLIFE,small,1004
2020-06-30,KAYA,small,1006
2020-06-30,THEMISMED,small,1007
2020-06-30,ARSHIYA,small,1008
2020-06-30,ZODIACLOTH,small,1009
2020-06-30,PENIND,small,1010
2020-06-30,DLINKINDIA,small,1011
2020-06-30,VIDHIING,small,1013
2020-06-30,PRECAM,small,1014
2020-06-30,HTMEDIA,small,1016
2020-06-30,ELECON,small,1018
2020-06-30,TNPETRO,small,1019
2020-06-30,DHANBANK,small,1020
2020-06-30,HINDNATGLS,small,1021
2020-06-30,DICIND,small,1022
2020-06-30,MAHESHWARI,small,1023
2020-06-30,MARATHON,small,1026
2020-06-30,IFBAGRO,small,1027
2020-06-30,ESTER,small,1028
2020-06-30,JETAIRWAYS,small,1029
2020-06-30,SHREEPUSHK,small,1031
2020-06-30,MANALIPETC,small,1032
2020-06-30,HLVLTD,small,1036
2020-06-30,PANAMAPET,small,1037
2020-06-30,SHRENIK,small,1039
2020-06-30,ARVSMART,small,1041
2020-06-30,ONMOBILE,small,1042
2020-06-30,FCL,small,1044
2020-06-30,RUBYMILLS,small,1045
2020-06-30,ASHAPURMIN,small,1046
2020-06-30,BUTTERFLY,small,1048
2020-06-30,BCG,small,1049
2020-06-30,POKARNA,small,1050
2020-06-30,GANDHITUBE,small,1051
2020-06-30,BINDALAGRO,small,1052
2020-06-30,VISHWARAJ,small,1055
2020-06-30,SDBL,small,1056
2020-06-30,GOLDIAM,small,1058
2020-06-30,UFO,small,1059
2020-06-30,RML,small,1061
2020-06-30,DCW,small,1063
2020-06-30,HIRECT,small,1064
2020-06-30,JAYAGROGN,small,1065
2020-06-30,MADRASFERT,small,1067
2020-06-30,NAGAFERT,small,1068
2020-06-30,PGIL,small,1070
2020-06-30,MANINDS,small,1071
2020-06-30,PRECWIRE,small,1072
2020-06-30,STCINDIA,small,1076
2020-06-30,LINCPEN,small,1077
2020-06-30,ALBERTDAVD,small,1078
2020-06-30,DEEPIND,small,1079
2020-06-30,ZEEMEDIA,small,1081
2020-06-30,CUPID,small,1082
2020-06-30,CAREERP,small,1083
2020-06-30,PROZONINTU,small,1084
2020-06-30,SORILINFRA,small,1088
2020-06-30,SHEMAROO,small,1091
2020-06-30,JAIBALAJI,small,1092
2020-06-30,VARDHACRLC,small,1093
2020-06-30,HERCULES,small,1095
2020-06-30,V2RETAIL,small,1096
2020-06-30,ARTEMISMED,small,1099
2020-06-30,PPAP,small,1100
2020-06-30,UCALFUEL,small,1101
2020-06-30,MENONBE,small,1102
2020-06-30,EXPLEOSOL,small,1103
2020-06-30,VSSL,small,1105
2020-06-30,HITECHGEAR,small,1106
2020-06-30,RCOM,small,1107
2020-06-30,RAJRATAN,small,1110
2020-06-30,CHEMBOND,small,1111
2020-06-30,ORICONENT,small,1113
2020-06-30,HINDCOMPOS,small,1114
2020-06-30,MANAKSIA,small,1116
2020-06-30,KDDL,small,1118
2020-06-30,NITINSPIN,small,1119
2020-06-30,BGRENERGY,small,1125
2020-06-30,EKC,small,1126
2020-06-30,TCPLPACK,small,1127
2020-06-30,GULFPETRO,small,1132
2020-06-30,GALLANTT,small,1135
2020-06-30,VIPULLTD,small,1136
2020-06-30,INFOBEAN,small,1138
2020-06-30,PTL,small,1140
2020-06-30,KHADIM,small,1141
2020-06-30,SASTASUNDR,small,1142
2020-06-30,DVL,small,1143
2020-06-30,JINDRILL,small,1145
2020-06-30,CREST,small,1146
2020-06-30,SCHAND,small,1148
2020-06-30,ADVANIHOTR,small,1149
2020-06-30,TI,small,1150
2020-06-30,ALANKIT,small,1153
2020-06-30,HCL-INSYS,small,1154
2020-06-30,GOKEX,small,1155
2020-06-30,CHEMFAB,small,1156
2020-06-30,HPL,small,1158
2020-06-30,JAYNECOIND,small,1159
2020-06-30,SIMPLEXINF,small,1160
2020-06-30,MSPL,small,1161
2020-06-30,ROSSELLIND,small,1162
2020-06-30,SANGINITA,small,1163
2020-06-30,OPTIEMUS,small,1164
2020-06-30,NDTV,small,1165
2020-06-30,RELCAPITAL,small,1166
2020-06-30,LIBERTSHOE,small,1167
2020-06-30,RAMKY,small,1168
2020-06-30,SPECIALITY,small,1169
2020-06-30,VASCONEQ,small,1172
2020-06-30,MMP,small,1173
2020-06-30,RAMANEWS,small,1174
2020-06-30,GOACARBON,small,1175
2020-06-30,TBZ,small,1178
2020-06-30,GUJAPOLLO,small,1179
2020-06-30,RSWM,small,1180
2020-06-30,RAJTV,small,1181
2020-06-30,GSCLCEMENT,small,1184
2020-06-30,SANGAMIND,small,1188
2020-06-30,VIMTALABS,small,1189
2020-06-30,DBREALTY,small,1192
2020-06-30,KARDA,small,1195
2020-06-30,ORBTEXP,small,1198
2020-06-30,NIPPOBATRY,small,1199
2020-06-30,SAKSOFT,small,1200
2020-06-30,KABRAEXTRU,small,1201
2020-06-30,BIRLATYRE,small,1202
2020-06-30,SRHHYPOLTD,small,1205
2020-06-30,AKSHARCHEM,small,1207
2020-06-30,KAMDHENU,small,1208
2020-06-30,WALCHANNAG,small,1210
2020-06-30,ORIENTABRA,small,1211
2020-06-30,AHLEAST,small,1212
2020-06-30,VLSFINANCE,small,1218
2020-06-30,SEYAIND,small,1219
2020-06-30,KOTHARIPRO,small,1220
2020-06-30,RUSHIL,small,1223
2020-06-30,BIRLAMONEY,small,1227
2020-06-30,AXISCADES,small,1229
2020-06-30,PODDARMENT,small,1230
2020-06-30,TVSELECT,small,1231
2020-06-30,SELAN,small,1232
2020-06-30,KILITCH,small,1233
2020-06-30,GULPOLY,small,1234
2020-06-30,INDTERRAIN,small,1237
2020-06-30,OMMETALS,small,1238
2020-06-30,BANSWRAS,small,1239
2020-06-30,STARPAPER,small,1245
2020-06-30,SHIVAMAUTO,small,1247
2020-06-30,SWELECTES,small,1249
2020-06-30,EIMCOELECO,small,1250
2020-06-30,GOKULAGRO,small,1251
2020-06-30,VIKASMCORP,small,1253
2020-06-30,ASTRON,small,1255
2020-06-30,MIRCELECTR,small,1256
2020-06-30,GREENPOWER,small,1257
2020-06-30,APOLLO,small,1260
2020-06-30,BASML,small,1261
2020-06-30,PIONDIST,small,1262
2020-06-30,NILAINFRA,small,1263
2020-06-30,TIPSINDLTD,small,1264
2020-06-30,ROHLTD,small,1265
2020-06-30,JUBLINDS,small,1266
2020-06-30,CAPTRUST,small,1268
2020-06-30,KCPSUGIND,small,1272
2020-06-30,IITL,small,1273
2020-06-30,SARLAPOLY,small,1275
2020-06-30,TIL,small,1276
2020-06-30,KANORICHEM,small,1279
2020-06-30,JASH,small,1283
2020-06-30,UGARSUGAR,small,1284
2020-06-30,AKASH,small,1285
2020-06-30,BIL,small,1286
2020-06-30,DYNPRO,small,1287
2020-06-30,AIRAN,small,1288
2020-06-30,STEELXIND,small,1294
2020-06-30,ASAHISONG,small,1295
2020-06-30,MBAPL,small,1296
2020-06-30,NITCO,small,1297
2020-06-30,SANWARIA,small,1298
2020-06-30,PODDARHOUS,small,1300
2020-06-30,MAGADSUGAR,small,1302
2020-06-30,JPINFRATEC,small,1303
2020-06-30,ESSARSHPNG,small,1304
2020-06-30,ELECTHERM,small,1305
2020-06-30,PRAXIS,small,1306
2020-06-30,KREBSBIO,small,1307
2020-06-30,GOKUL,small,1309
2020-06-30,BLKASHYAP,small,1310
2020-06-30,DONEAR,small,1311
2020-06-30,LASA,small,1312
2020-06-30,VISHNU,small,1313
2020-06-30,MAZDA,small,1315
2020-06-30,APOLSINHOT,small,1316
2020-06-30,EROSMEDIA,small,1322
2020-06-30,BIRLACABLE,small,1323
2020-06-30,SALASAR,small,1324
2020-06-30,SALZERELEC,small,1325
2020-06-30,BRFL,small,1326
2020-06-30,GANESHHOUC,small,1327
2020-06-30,KELLTONTEC,small,1328
2020-06-30,GEECEE,small,1329
2020-06-30,SETCO,small,1330
2020-06-30,EMMBI,small,1332
2020-06-30,ASIANHOTNR,small,1335
2020-06-30,RNAVAL,small,1337
2020-06-30,RANEENGINE,small,1338
2020-06-30,GENESYS,small,1340
2020-06-30,ZUARIGLOB,small,1342
2020-06-30,OPTOCIRCUI,small,1344
2020-06-30,MITTAL,small,1345
2020-06-30,SAKUMA,small,1347
2020-06-30,PDMJEPAPER,small,1348
2020-06-30,SHREYAS,small,1349
2020-06-30,NAHARSPING,small,1356
2020-06-30,HITECH,small,1357
2020-06-30,SILINV,small,1358
2020-06-30,RUCHIRA,small,1360
2020-06-30,ADHUNIKIND,small,1362
2020-06-30,UVSL,small,1365
2020-06-30,TALBROAUTO,small,1366
2020-06-30,KOPRAN,small,1368
2020-06-30,ORIENTBELL,small,1369
2020-06-30,ABAN,small,1370
2020-06-30,SHREYANIND,small,1372
2020-06-30,DIGISPICE,small,1376
2020-06-30,KAKATCEM,small,1377
2020-06-30,VINYLINDIA,small,1378
2020-06-30,UNIPLY,small,1379
2020-06-30,KRISHANA,small,1380
2020-06-30,JAYSREETEA,small,1382
2020-06-30,PARACABLES,small,1383
2020-06-30,HITECHCORP,small,1385
2020-06-30,MAWANASUG,small,1387
2020-06-30,PONNIERODE,small,1388
2020-06-30,INDSWFTLAB,small,1389
2020-06-30,SITINET,small,1390
2020-06-30,AYMSYNTEX,small,1391
2020-06-30,UNITEDTEA,small,1392
2020-06-30,GENUSPAPER,small,1393
2020-06-30,JOCIL,small,1394
2020-06-30,RPPINFRA,small,1396
2020-06-30,TCIDEVELOP,small,1397
2020-06-30,EMKAY,small,1398
2020-06-30,FMNL,small,1402
2020-06-30,ALPHAGEO,small,1406
2020-06-30,REVATHI,small,1408
2020-06-30,MAHASTEEL,small,1409
2020-06-30,DHUNINV,small,1411
2020-06-30,HARRMALAYA,small,1412
2020-06-30,EMAMIREAL,small,1415
2020-06-30,SHIVATEX,small,1416
2020-06-30,MOLDTECH,small,1417
2020-06-30,PILITA,small,1418
2020-06-30,AURIONPRO,small,1423
2020-06-30,TRIGYN,small,1428
2020-06-30,PREMEXPLN,small,1431
2020-06-30,DTIL,small,1432
2020-06-30,CREATIVE,small,1433
2020-06-30,PENINLAND,small,1434
2020-06-30,INSPIRISYS,small,1435
2020-06-30,NAHARCAP,small,1436
2020-06-30,CYBERTECH,small,1438
2020-06-30,MAHAPEXLTD,small,1440
2020-06-30,DENORA,small,1441
2020-06-30,20MICRONS,small,1443
2020-06-30,SAKHTISUG,small,1449
2020-06-30,INVENTURE,small,1450
2020-06-30,CEBBCO,small,1451
2020-06-30,PITTIENG,small,1455
2020-06-30,HINDMOTORS,small,1458
2020-06-30,TRIL,small,1460
2020-06-30,JMTAUTOLTD,small,1464
2020-06-30,INDOTECH,small,1465
2020-06-30,WINDMACHIN,small,1467
2020-06-30,HDIL,small,1472
2020-06-30,NDL,small,1473
2020-06-30,STEL,small,1477
2020-06-30,PPL,small,1478
2020-06-30,ARIHANTSUP,small,1483
2020-06-30,NAHARPOLY,small,1485
2020-06-30,URJA,small,1487
2020-06-30,CONSOFINVT,small,1488
2020-06-30,RUCHINFRA,small,1489
2020-06-30,VIVIMEDLAB,small,1491
2020-06-30,SMARTLINK,small,1492
2020-06-30,TRF,small,1493
2020-06-30,KOTARISUG,small,1494
2020-06-30,BHARATWIRE,small,1497
2020-06-30,PGEL,small,1499
2020-06-30,ANDHRACEMT,small,1502
2020-06-30,PRIMESECU,small,1504
2020-06-30,NAHARINDUS,small,1505
2020-06-30,GRPLTD,small,1506
2020-06-30,ASPINWALL,small,1509
2020-06-30,AKSHOPTFBR,small,1513
2020-06-30,KAPSTON,small,1515
2020-06-30,SKIL,small,1516
2020-06-30,BALAXI,small,1522
2020-06-30,DPWIRES,small,1525
2020-06-30,VERTOZ,small,1527
2020-06-30,IVC,small,1532
2020-06-30,UTTAMSTL,small,1534
2020-06-30,GOODLUCK,small,1535
2020-06-30,UMANGDAIRY,small,1539
2020-06-30,A2ZINFRA,small,1540
2020-06-30,PARSVNATH,small,1543
2020-06-30,KOTHARIPET,small,1546
2020-06-30,LOVABLE,small,1554
2020-06-30,SKMEGGPROD,small,1560
2020-06-30,OSWALAGRO,small,1561
2020-06-30,ORIENTLTD,small,1563
2020-06-30,SAKAR,small,1564
2020-06-30,SAGARDEEP,small,1567
2020-06-30,SUPERHOUSE,small,1568
2020-06-30,JBFIND,small,1569
2020-06-30,MTEDUCARE,small,1570
2020-06-30,8KMILES,small,1571
2020-06-30,MANPASAND,small,1572
2020-06-30,ONWARDTEC,small,1573
2020-06-30,BPL,small,1574
2020-06-30,UJAAS,small,1576
2020-06-30,ADSL,small,1579
2020-06-30,REFEX,small,1580
2020-06-30,COMPINFO,small,1584
2020-06-30,HUBTOWN,small,1587
2020-06-30,TPLPLASTEH,small,1594
2020-06-30,SPTL,small,1597
2020-06-30,ARIES,small,1600
2020-06-30,ANSALAPI,small,1601
2020-06-30,SMSLIFE,small,1603
2020-06-30,UNIVPHOTO,small,1604
2020-06-30,ISFT,small,1609
2020-06-30,SPLIL,small,1611
2020-06-30,XELPMOC,small,1614
2020-06-30,SUNDRMBRAK,small,1615
2020-06-30,KECL,small,1616
2020-06-30,CINELINE,small,1618
2020-06-30,ELGIRUBCO,small,1621
2020-06-30,GPTINFRA,small,1624
2020-06-30,TTL,small,1626
2020-06-30,VETO,small,1629
2020-06-30,VIKASECO,small,1633
2020-06-30,MODIRUBBER,small,1634
2020-06-30,AMJLAND,small,1635
2020-06-30,MANGALAM,small,1636
2020-06-30,AGARIND,small,1640
2020-06-30,CLEDUCATE,small,1641
2020-06-30,MURUDCERA,small,1642
2020-06-30,ASHIMASYN,small,1645
2020-06-30,GLOBALVECT,small,1650
2020-06-30,KMSUGAR,small,1652
2020-06-30,SIL,small,1660
2020-06-30,OMAXAUTO,small,1661
2020-06-30,JAGSNPHARM,small,1662
2020-06-30,CORALFINAC,small,1668
2020-06-30,BHAGYAPROP,small,1674
2020-06-30,RHFL,small,1680
2020-06-30,BALLARPUR,small,1681
2020-06-30,KAMATHOTEL,small,1691
2020-06-30,BROOKS,small,1693
2020-06-30,VIDEOIND,small,1697
2020-06-30,NOIDATOLL,small,1700
2020-06-30,JMA,small,1702
2020-06-30,SHYAMCENT,small,1706
2020-06-30,ROLTA,small,1707
2020-06-30,MBECL,small,1708
2020-06-30,MOTOGENFIN,small,1709
2020-06-30,MANAKSTEEL,small,1710
2020-06-30,WELINV,small,1713
2020-06-30,TOUCHWOOD,small,1714
2020-06-30,SINTEX,small,1717
2020-06-30,MUKTAARTS,small,1718
2020-06-30,TOKYOPLAST,small,1728
2020-06-30,JHS,small,1729
2020-06-30,WEBELSOLAR,small,1732
2020-06-30,LGBFORGE,small,1734
2020-06-30,RANASUG,small,1738
2020-06-30,SICAL,small,1741
2020-06-30,PIONEEREMB,small,1742
2020-06-30,PANACHE,small,1743
2020-06-30,SIGIND,small,1749
2020-06-30,BALPHARMA,small,1751
2020-06-30,BHAGYANGR,small,1757
2020-06-30,ARROWGREEN,small,1760
2020-06-30,GINNIFILA,small,1761
2020-06-30,RAMASTEEL,small,1762
2020-06-30,COMPUSOFT,small,1765
2020-06-30,MINDTECK,small,1766
2020-06-30,HEXATRADEX,small,1768
2020-06-30,BYKE,small,1770
2020-06-30,ISMTLTD,small,1771
2020-06-30,LIBAS,small,1774
2020-06-30,KWALITY,small,1777
2020-06-30,GILLANDERS,small,1779
2020-06-30,MARALOVER,small,1780
2020-06-30,VIPCLOTHNG,small,1784
2020-06-30,SICAGEN,small,1789
2020-06-30,DCMNVL,small,1791
2020-06-30,DAMODARIND,small,1793
2020-06-30,MRO-TEK,small,1794
2020-06-30,LOTUSEYE,small,1795
2020-06-30,WANBURY,small,1799
2020-06-30,LYKALABS,small,1810
2020-06-30,GEEKAYWIRE,small,1814
2020-06-30,SURANAT&P,small,1821
2020-06-30,LSIL,small,1823
2020-06-30,MALUPAPER,small,1824
2020-06-30,GSS,small,1827
2020-06-30,VAISHALI,small,1830
2020-06-30,AUTOIND,small,1833
2020-06-30,NDGL,small,1834
2020-06-30,HOVS,small,1835
2020-06-30,KALYANIFRG,small,1844
2020-06-30,CMICABLES,small,1845
2020-06-30,CORDSCABLE,small,1852
2020-06-30,VISASTEEL,small,1853
2020-06-30,SOUTHWEST,small,1854
2020-06-30,IL&FSTRANS,small,1857
2020-06-30,CIMMCO,small,1862
2020-06-30,VISESHINFO,small,1864
2020-06-30,INTENTECH,small,1869
2020-06-30,ATLANTA,small,1870
2020-06-30,BIGBLOC,small,1875
2020-06-30,ARCHIDPLY,small,1877
2020-06-30,PREMIERPOL,small,1879
2020-06-30,MCLEODRUSS,small,1880
2020-06-30,PRESSMN,small,1882
2020-06-30,MBLINFRA,small,1883
2020-06-30,INDIANCARD,small,1889
2020-06-30,TAINWALCHM,small,1891
2020-06-30,RAJSREESUG,small,1892
2020-06-30,VENUSREM,small,1895
2020-06-30,ARCHIES,small,1896
2020-06-30,CCHHL,small,1897
2020-06-30,NEXTMEDIA,small,1899
2020-06-30,SUMIT,small,1902
2020-06-30,GOLDENTOBC,small,1908
2020-06-30,AUSOMENT,small,1910
2020-06-30,IVP,small,1913
2020-06-30,DUCON,small,1916
2020-06-30,RSSOFTWARE,small,1917
2020-06-30,GROBTEA,small,1919
2020-06-30,WIPL,small,1921
2020-06-30,WEIZMANIND,small,1927
2020-06-30,AROGRANITE,small,1928
2020-06-30,BHARATGEAR,small,1929
2020-06-30,ALKALI,small,1932
2020-06-30,UNIVASTU,small,1938
2020-06-30,LOKESHMACH,small,1943
2020-06-30,MORARJEE,small,1944
2020-06-30,PRAENG,small,1945
2020-06-30,FCSSOFT,small,1951
2020-06-30,ONEPOINT,small,1955
2020-06-30,SAMBHAAV,small,1958
2020-06-30,ALPA,small,1962
2020-06-30,CTE,small,1965
2020-06-30,PUNJLLOYD,small,1974
2020-06-30,RMCL,small,1975
2020-06-30,GAMMNINFRA,small,1979
2020-06-30,SUNDARAM,small,1983
2020-06-30,STEELCITY,small,1996
2020-06-30,REMSONSIND,small,1997
2020-06-30,BAGFILMS,small,1999
2020-06-30,ROLLT,small,2000
2020-06-30,ALMONDZ,small,2015
2020-06-30,GARDENSILK,small,2016
2020-06-30,NILASPACES,small,2019
2020-06-30,DCM,small,2023
2020-06-30,KSERASERA,small,2027
2020-06-30,BEDMUTHA,small,2031
2020-06-30,AGROPHOS,small,2032
2020-06-30,AARVI,small,2040
2020-06-30,ARSSINFRA,small,2046
2020-06-30,OISL,small,2049
2020-06-30,CINEVISTA,small,2051
2020-06-30,SURANASOL,small,2053
2020-06-30,MAANALU,small,2062
2020-06-30,ASAL,small,2063
2020-06-30,IMAGICAA,small,2067
2020-06-30,SUPREMEINF,small,2070
2020-06-30,PKTEA,small,2074
2020-06-30,TEXMOPIPES,small,2089
2020-06-30,SPMLINFRA,small,2093
2020-06-30,DBSTOCKBRO,small,2095
2020-06-30,TARMAT,small,2104
2020-06-30,MANAKALUCO,small,2106
2020-06-30,MANUGRAPH,small,2110
2020-06-30,GANGESSECU,small,2117
2020-06-30,INDOSOLAR,small,2118
2020-06-30,HISARMETAL,small,2120
2020-06-30,PRECOT,small,2127
2020-06-30,PATINTLOG,small,2133
2020-06-30,SURYALAXMI,small,2138
2020-06-30,GAL,small,2141
2020-06-30,MCDHOLDING,small,2151
2020-06-30,MEGASOFT,small,2156
2020-06-30,KOHINOOR,small,2157
2020-06-30,DGCONTENT,small,2160
2020-06-30,INDBANK,small,2162
2020-06-30,IL&FSENGG,small,2178
2020-06-30,SALONA,small,2179
2020-06-30,AMDIND,small,2198
2020-06-30,KGL,small,2199
2020-06-30,NECCLTD,small,2200
2020-06-30,SHREERAMA,small,2201
2020-06-30,ATLASCYCLE,small,2206
2020-06-30,KANANIIND,small,2209
2020-06-30,BSL,small,2213
2020-06-30,AARVEEDEN,small,2214
2020-06-30,KEYFINSERV,small,2215
2020-06-30,TERASOFT,small,2221
2020-06-30,SHIRPUR-G,small,2228
2020-06-30,IZMO,small,2232
2020-06-30,ENERGYDEV,small,2233
2020-06-30,SIMBHALS,small,2236
2020-06-30,ORIENTALTL,small,2247
2020-06-30,LAMBODHARA,small,2249
2020-06-30,MANAKCOAT,small,2254
2020-06-30,BVCL,small,2258
2020-06-30,ANIKINDS,small,2263
2020-06-30,CELEBRITY,small,2264
2020-06-30,JYOTISTRUC,small,2276
2020-06-30,EDUCOMP,small,2277
2020-06-30,PALASHSECU,small,2280
2020-06-30,INDOWIND,small,2285
2020-06-30,SANGHVIFOR,small,2286
2020-06-30,ANSALHSG,small,2289
2020-06-30,BANG,small,2293
2020-06-30,BEARDSELL,small,2296
2020-06-30,MERCATOR,small,2314
2020-06-30,PEARLPOLY,small,2315
2020-06-30,SHIVAMILLS,small,2316
2020-06-30,MADHAV,small,2319
2020-06-30,KRIDHANINF,small,2325
2020-06-30,BANARBEADS,small,2334
2020-06-30,DHARSUGAR,small,2336
2020-06-30,CENTEXT,small,2338
2020-06-30,ZENITHEXPO,small,2341
2020-06-30,GTL,small,2344
2020-06-30,SALSTEEL,small,2349
2020-06-30,TIMESGTY,small,2352
2020-06-30,METALFORGE,small,2353
2020-06-30,DELTAMAGNT,small,2360
2020-06-30,BLBLIMITED,small,2363
2020-06-30,AGRITECH,small,2374
2020-06-30,AUTOLITIND,small,2380
2020-06-30,BINANIIND,small,2381
2020-06-30,INDOTHAI,small,2390
2020-06-30,KERNEX,small,2393
2020-06-30,OILCOUNTUB,small,2398
2020-06-30,TMRVL,small,2401
2020-06-30,TREEHOUSE,small,2424
2020-06-30,DSSL,small,2425
2020-06-30,CCCL,small,2426
2020-06-30,SELMCL,small,2427
2020-06-30,PNC,small,2432
2020-06-30,BIOFILCHEM,small,2435
2020-06-30,SUPERSPIN,small,2437
2020-06-30,ORTINLABSS,small,2448
2020-06-30,CUBEXTUB,small,2451
2020-06-30,MADHUCON,small,2452
2020-06-30,SGL,small,2453
2020-06-30,XPROINDIA,small,2456
2020-06-30,KSK,small,2463
2020-06-30,ARCOTECH,small,2480
2020-06-30,COX&KINGS,small,2496
2020-06-30,SUMEETINDS,small,2525
2020-06-30,LPDC,small,2526
2020-06-30,WILLAMAGOR,small,2536
2020-06-30,BILENERGY,small,2546
2020-06-30,TIJARIA,small,2548
2020-06-30,CNOVAPETRO,small,2560
2020-06-30,GOLDTECH,small,2563
2020-06-30,JITFINFRA,small,2576
2020-06-30,SOMICONVEY,small,2579
2020-06-30,ABMINTLTD,small,2583
2020-06-30,EON,small,2591
2020-06-30,BHANDARI,small,2595
2020-06-30,MANGTIMBER,small,2599
2020-06-30,BALKRISHNA,small,2604
2020-06-30,RKDL,small,2607
2020-06-30,NAGREEKEXP,small,2608
2020-06-30,FLEXITUFF,small,2610
2020-06-30,DIAPOWER,small,2613
2020-06-30,CASTEXTECH,small,2629
2020-06-30,KHANDSE,small,2633
2020-06-30,ARIHANT,small,2645
2020-06-30,INDLMETER,small,2646
2020-06-30,INDSWFTLTD,small,2649
2020-06-30,SHAHALLOYS,small,2667
2020-06-30,MIC,small,2670
2020-06-30,INFOMEDIA,small,2673
2020-06-30,LFIC,small,2675
2020-06-30,NIBL,small,2682
2020-06-30,PALREDTEC,small,2683
2020-06-30,KARMAENG,small,2684
2020-06-30,ZODJRDMKJ,small,2692
2020-06-30,JINDALPHOT,small,2695
2020-06-30,CALSOFT,small,2712
2020-06-30,PATSPINLTD,small,2724
2020-06-30,21STCENMGM,small,2725
2020-06-30,STINDIA,small,2774
2020-06-30,MUKANDENGG,small,2786
2020-06-30,JPOLYINVST,small,2787
2020-06-30,HILTON,small,2788
2020-06-30,NITINFIRE,small,2804
2020-06-30,MOHOTAIND,small,2805
2020-06-30,LYPSAGEMS,small,2816
2020-06-30,DIGJAMLTD,small,2817
2020-06-30,MAGNUM,small,2824
2020-06-30,GTNIND,small,2825
2020-06-30,NKIND,small,2837
2020-06-30,SANCO,small,2838
2020-06-30,ADROITINFO,small,2844
2020-06-30,VASWANI,small,2853
2020-06-30,GOENKA,small,2854
2020-06-30,SPYL,small,2871
2020-06-30,TECHNOFAB,small,2879
2020-06-30,STAMPEDE,small,2890
2020-06-30,COUNCODOS,small,2900
2020-06-30,DQE,small,2903
2020-06-30,PARABDRUGS,small,2918
2020-06-30,SATHAISPAT,small,2919
2020-06-30,SEPOWER,small,2932
2020-06-30,GLOBOFFS,small,2953
2020-06-30,S&SPOWER,small,2962
2020-06-30,SETUINFRA,small,2965
2020-06-30,EXCEL,small,2975
2020-06-30,TREJHARA,small,3009
2020-06-30,BURNPUR,small,3013
2020-06-30,KHAITANLTD,small,3022
2020-06-30,SEZAL,small,3026
2020-06-30,NATNLSTEEL,small,3051
2020-06-30,ONELIFECAP,small,3067
2020-06-30,3PLAND,small,3070
2020-06-30,NAGREEKCAP,small,3071
2020-06-30,TGBHOTELS,small,3086
2020-06-30,SHYAMTEL,small,3099
2020-06-30,TFL,small,3101
2020-06-30,TCIFINANCE,small,3114
2020-06-30,SOMATEX,small,3119
2020-06-30,PDPL,small,3121
2020-06-30,EDL,small,3122
2020-06-30,JVLAGRO,small,3125
2020-06-30,OMKARCHEM,small,3144
2020-06-30,DOLPHINOFF,small,3152
2020-06-30,VIVIDHA,small,3166
2020-06-30,JINDCOT,small,3171
2020-06-30,BSELINFRA,small,3174
2020-06-30,GAYAHWS,small,3179
2020-06-30,MVL,small,3199
2020-06-30,VARDMNPOLY,small,3202
2020-06-30,GFSTEELS,small,3220
2020-06-30,GTNTEX,small,3228
2020-06-30,BLUECOAST,small,3246
2020-06-30,EUROTEXIND,small,3247
2020-06-30,MASKINVEST,small,3263
2020-06-30,NIRAJISPAT,small,3285
2020-06-30,ANTGRAPHIC,small,3297
2020-06-30,PRAKASHSTL,small,3309
2020-06-30,EASUNREYRL,small,3319
2020-06-30,VICEROY,small,3322
2020-06-30,EASTSILK,small,3324
2020-06-30,TALWALKARS,small,3335
2020-06-30,ZENITHBIR,small,3337
2020-06-30,TARAPUR,small,3356
2020-06-30,HAVISHA,small,3357
2020-06-30,ROHITFERRO,small,3359
2020-06-30,ANKITMETAL,small,3360
2020-06-30,CANDC,small,3365
2020-06-30,ESSDEE,small,3383
2020-06-30,KALYANI,small,3395
2020-06-30,ZICOM,small,3410
2020-06-30,SMPL,small,3446
2020-06-30,SPCENET,small,3460
2020-06-30,PSL,small,3464
2020-06-30,RADAAN,small,3480
2020-06-30,EMCO,small,3495
2020-06-30,TNTELE,small,3510
2020-06-30,MOHITIND,small,3531
2020-06-30,RAJRAYON,small,3544
2020-06-30,MELSTAR,small,3550
2020-06-30,SABTN,small,3556
2020-06-30,PREMIER,small,3566
2020-06-30,DNAMEDIA,small,3591
2020-06-30,TALWGYM,small,3622
2020-06-30,GUJRAFFIA,small,3623
2020-06-30,CELESTIAL,small,3643
2020-06-30,BAFNAPH,small,3654
2020-06-30,HBSL,small,3659
2020-06-30,SYNCOM,small,3666
2020-06-30,TVVISION,small,3688
2020-06-30,HIGHGROUND,small,3693
2020-06-30,RAJVIR,small,3705
2020-06-30,BARTRONICS,small,3721
2020-06-30,CHROMATIC,small,3735
2020-06-30,UNITY,small,3748
2020-06-30,ALPSINDUS,small,3755
2020-06-30,BKMINDST,small,3779
2020-06-30,THIRUSUGAR,small,3798
2020-06-30,SUJANAUNI,small,3809
2020-06-30,KAVVERITEL,small,3820
2020-06-30,GLFL,small,3824
2020-06-30,AIFL,small,3846
2020-06-30,INTEGRA,small,3850
2020-06-30,IMPEXFERRO,small,3854
2020-06-30,WSI,small,3868
2020-06-30,REGENCERAM,small,3869
2020-06-30,TANTIACONS,small,3873
2020-06-30,ARENTERP,small,3876
2020-06-30,WINSOME,small,3881
2020-06-30,NORBTEAEXP,small,3890
2020-06-30,RAINBOWPAP,small,3893
2020-06-30,TECHIN,small,3930
2020-06-30,CKFSL,small,3933
2020-06-30,CYBERMEDIA,small,3939
2020-06-30,ALCHEM,small,3945
2020-06-30,VIJIFIN,small,3954
2020-06-30,SPENTEX,small,3968
2020-06-30,PRADIP,small,3969
2020-06-30,LAKPRE,small,4066
2020-06-30,PROSEED,small,4073
2020-06-30,UMESLTD,small,4082
2020-06-30,CREATIVEYE,small,4093
2020-06-30,PAEL,small,4137
2020-06-30,NTL,small,4149
2020-06-30,ORTEL,small,4166
2020-06-30,QUINTEGRA,small,4171
2020-06-30,GANGOTRI,small,4177
2020-06-30,SUBCAPCITY,small,4182
2020-06-30,HINDSYNTEX,small,4215
2020-06-30,JAINSTUDIO,small,4219
2020-06-30,BGLOBAL,small,4233
2020-06-30,METKORE,small,4255
2020-06-30,GBGLOBAL,small,4265
2020-06-30,ICSA,small,4270
2020-06-30,EUROCERA,small,4281
2020-06-30,JIKIND,small,4282
2020-06-30,CURATECH,small,4323
2020-06-30,GISOLUTION,small,4339
2020-06-30,BLUEBLENDS,small,4417
2020-06-30,THOMASCOTT,small,4425
2020-06-30,KAUSHALYA,small,4456
2020-06-30,HOTELRUGBY,small,4469
2020-06-30,RAMSARUP,small,4470
2020-06-30,BLUECHIP,small,4475
2020-06-30,DCMFINSERV,small,4523
2020-06-30,EUROMULTI,small,4536
2020-06-30,SABEVENTS,small,4603
2020-06-30,SITASHREE,small,4647
2020-06-30,ATNINTER,small,4698
2020-06-30,XLENERGY,small,4699
2020-06-30,JAIHINDPRO,small,4707
2020-12-31,RELIANCE,large,1
2020-12-31,TCS,large,2
2020-12-31,HDFCBANK,large,3
2020-12-31,HINDUNILVR,large,4
2020-12-31,INFY,large,5
2020-12-31,HDFC,large,6
2020-12-31,KOTAKBANK,large,7
2020-12-31,ICICIBANK,large,8
2020-12-31,BHARTIARTL,large,9
2020-12-31,ITC,large,10
2020-12-31,BAJFINANCE,large,11
2020-12-31,HCLTECH,large,12
2020-12-31,MARUTI,large,13
2020-12-31,ASIANPAINT,large,14
2020-12-31,SBIN,large,15
2020-12-31,WIPRO,large,16
2020-12-31,AXISBANK,large,18
2020-12-31,DMART,large,19
2020-12-31,LT,large,20
2020-12-31,ULTRACEMCO,large,21
2020-12-31,SUNPHARMA,large,22
2020-12-31,HDFCLIFE,large,23
2020-12-31,BAJAJFINSV,large,24
2020-12-31,ADANIGREEN,large,25
2020-12-31,TITAN,large,26
2020-12-31,ONGC,large,27
2020-12-31,POWERGRID,large,28
2020-12-31,HINDZINC,large,29
2020-12-31,NTPC,large,30
2020-12-31,BRITANNIA,large,31
2020-12-31,DABUR,large,32
2020-12-31,BAJAJAUTO,large,33
2020-12-31,BPCL,large,34
2020-12-31,SBILIFE,large,35
2020-12-31,DIVISLAB,large,36
2020-12-31,IOC,large,37
2020-12-31,SHREECEM,large,38
2020-12-31,COALINDIA,large,39
2020-12-31,M&M,large,40
2020-12-31,DRREDDY,large,41
2020-12-31,PIDILITIND,large,42
2020-12-31,SBICARD,large,43
2020-12-31,TECHM,large,44
2020-12-31,ADANIPORTS,large,45
2020-12-31,GODREJCP,large,46
2020-12-31,JSWSTEEL,large,47
2020-12-31,ICICIPRULI,large,48
2020-12-31,EICHERMOT,large,49
2020-12-31,CIPLA,large,50
2020-12-31,ICICIGI,large,51
2020-12-31,HEROMOTOCO,large,52
2020-12-31,BERGEPAINT,large,53
2020-12-31,BANDHANBNK,large,54
2020-12-31,HDFCAMC,large,55
2020-12-31,BIOCON,large,56
2020-12-31,INDIGO,large,57
2020-12-31,TATASTEEL,large,58
2020-12-31,GRASIM,large,59
2020-12-31,AUROPHARMA,large,60
2020-12-31,LTI,large,61
2020-12-31,INDUSINDBK,large,62
2020-12-31,MARICO,large,63
2020-12-31,MUTHOOTFIN,large,64
2020-12-31,TATACONSUM,large,65
2020-12-31,TATAMOTORS,large,66
2020-12-31,SIEMENS,large,67
2020-12-31,AMBUJACEM,large,68
2020-12-31,NAUKRI,large,69
2020-12-31,TORNTPHARM,large,70
2020-12-31,VEDL,large,71
2020-12-31,GAIL,large,72
2020-12-31,HAVELLS,large,73
2020-12-31,LUPIN,large,74
2020-12-31,HINDALCO,large,75
2020-12-31,CADILAHC,large,76
2020-12-31,DLF,large,77
2020-12-31,MCDOWELLN,large,78
2020-12-31,INDUSTOWER,large,79
2020-12-31,IDBI,large,80
2020-12-31,COLPAL,large,81
2020-12-31,BOSCHLTD,large,82
2020-12-31,MOTHERSUMI,large,83
2020-12-31,PETRONET,large,84
2020-12-31,GLAND,large,85
2020-12-31,UPL,large,86
2020-12-31,YESBANK,large,87
2020-12-31,PGHH,large,89
2020-12-31,ADANIENT,large,90
2020-12-31,ADANITRANS,large,91
2020-12-31,ALKEM,large,92
2020-12-31,PEL,large,93
2020-12-31,HINDPETRO,large,94
2020-12-31,PIIND,large,95
2020-12-31,PNB,large,96
2020-12-31,BAJAJHLDNG,large,97
2020-12-31,IGL,large,98
2020-12-31,JUBLFOOD,large,99
2020-12-31,HAL,large,100
2020-12-31,NMDC,mid,101
2020-12-31,ACC,mid,102
2020-12-31,MRF,mid,103
2020-12-31,HONAUT,mid,104
2020-12-31,BALKRISIND,mid,105
2020-12-31,WHIRLPOOL,mid,106
2020-12-31,APOLLOHOSP,mid,107
2020-12-31,IDEA,mid,108
2020-12-31,UBL,mid,109
2020-12-31,KANSAINER,mid,110
2020-12-31,OFSS,mid,111
2020-12-31,IPCALAB,mid,112
2020-12-31,GLAXO,mid,113
2020-12-31,SRF,mid,114
2020-12-31,TATACOMM,mid,116
2020-12-31,PFC,mid,117
2020-12-31,GODREJPROP,mid,118
2020-12-31,BEL,mid,119
2020-12-31,ADANIGAS,mid,120
2020-12-31,CONCOR,mid,121
2020-12-31,GICRE,mid,122
2020-12-31,PAGEIND,mid,123
2020-12-31,MPHASIS,mid,124
2020-12-31,TRENT,mid,125
2020-12-31,AUBANK,mid,126
2020-12-31,3MINDIA,mid,127
2020-12-31,VOLTAS,mid,128
2020-12-31,BANKBARODA,mid,129
2020-12-31,COROMANDEL,mid,130
2020-12-31,PFIZER,mid,131
2020-12-31,IRCTC,mid,132
2020-12-31,CHOLAFIN,mid,133
2020-12-31,RECLTD,mid,134
2020-12-31,ASHOKLEY,mid,135
2020-12-31,GUJGASLTD,mid,136
2020-12-31,BHARATFORG,mid,137
2020-12-31,VBL,mid,138
2020-12-31,JINDALSTEL,mid,139
2020-12-31,TVSMOTOR,mid,140
2020-12-31,NHPC,mid,141
2020-12-31,SYNGENE,mid,142
2020-12-31,MINDTREE,mid,143
2020-12-31,ABB,mid,144
2020-12-31,RUCHI,mid,145
2020-12-31,SRTRANSFIN,mid,146
2020-12-31,APLLTD,mid,147
2020-12-31,SANOFI,mid,148
2020-12-31,NIACL,mid,149
2020-12-31,AARTIIND,mid,150
2020-12-31,ZEEL,mid,151
2020-12-31,UNIONBANK,mid,152
2020-12-31,ASTRAL,mid,153
2020-12-31,SUPREMEIND,mid,154
2020-12-31,RAMCOCEM,mid,155
2020-12-31,CROMPTON,mid,156
2020-12-31,IDFCFIRSTB,mid,157
2020-12-31,GILLETTE,mid,158
2020-12-31,BATAINDIA,mid,159
2020-12-31,TATAPOWER,mid,160
2020-12-31,LTTS,mid,161
2020-12-31,NAMINDIA,mid,162
2020-12-31,SUNTV,mid,163
2020-12-31,ATUL,mid,164
2020-12-31,M&MFIN,mid,165
2020-12-31,LALPATHLAB,mid,166
2020-12-31,ABCAPITAL,mid,167
2020-12-31,IOB,mid,168
2020-12-31,SAIL,mid,169
2020-12-31,AIAENG,mid,170
2020-12-31,RELAXO,mid,171
2020-12-31,SUNDARMFIN,mid,172
2020-12-31,ESCORTS,mid,173
2020-12-31,MFSL,mid,174
2020-12-31,DALBHARAT,mid,175
2020-12-31,EMAMILTD,mid,176
2020-12-31,TORNTPOWER,mid,177
2020-12-31,NATCOPHARM,mid,178
2020-12-31,OBEROIRLTY,mid,179
2020-12-31,LICHSGFIN,mid,180
2020-12-31,ISEC,mid,181
2020-12-31,BANKINDIA,mid,182
2020-12-31,ADANIPOWER,mid,183
2020-12-31,ENDURANCE,mid,184
2020-12-31,CANBK,mid,185
2020-12-31,GMRINFRA,mid,186
2020-12-31,EXIDEIND,mid,187
2020-12-31,SUMICHEM,mid,188
2020-12-31,L&TFH,mid,189
2020-12-31,LAURUSLABS,mid,190
2020-12-31,MANAPPURAM,mid,191
2020-12-31,RAJESHEXPO,mid,192
2020-12-31,AJANTPHARM,mid,193
2020-12-31,GODREJIND,mid,194
2020-12-31,GLENMARK,mid,195
2020-12-31,AMARAJABAT,mid,196
2020-12-31,CRISIL,mid,197
2020-12-31,POLYCAB,mid,198
2020-12-31,COFORGE,mid,199
2020-12-31,HATSUN,mid,200
2020-12-31,CUMMINSIND,mid,201
2020-12-31,JKCEMENT,mid,202
2020-12-31,UCOBANK,mid,203
2020-12-31,INDIAMART,mid,204
2020-12-31,JUBILANT,mid,205
2020-12-31,TIINDIA,mid,206
2020-12-31,INDHOTEL,mid,207
2020-12-31,BHEL,mid,208
2020-12-31,SCHAEFFLER,mid,209
2020-12-31,ITI,mid,210
2020-12-31,ABFRL,mid,211
2020-12-31,CASTROLIND,mid,212
2020-12-31,DHANI,mid,213
2020-12-31,GSPL,mid,214
2020-12-31,WABCOINDIA,mid,215
2020-12-31,VINATIORGA,mid,216
2020-12-31,AAVAS,mid,217
2020-12-31,FEDERALBNK,mid,218
2020-12-31,CUB,mid,219
2020-12-31,MAXHEALTH,mid,220
2020-12-31,DIXON,mid,221
2020-12-31,NAVINFLUOR,mid,222
2020-12-31,ZYDUSWELL,mid,223
2020-12-31,PHOENIXLTD,mid,224
2020-12-31,OIL,mid,225
2020-12-31,FORTIS,mid,226
2020-12-31,RBLBANK,mid,227
2020-12-31,ASTRAZEN,mid,228
2020-12-31,CREDITACC,mid,229
2020-12-31,DEEPAKNTR,mid,230
2020-12-31,PRESTIGE,mid,231
2020-12-31,GODREJAGRO,mid,232
2020-12-31,JSWENERGY,mid,233
2020-12-31,SUNDRMFAST,mid,234
2020-12-31,THERMAX,mid,235
2020-12-31,SOLARINDS,mid,236
2020-12-31,MOTILALOFS,mid,237
2020-12-31,MGL,mid,238
2020-12-31,AKZOINDIA,mid,239
2020-12-31,METROPOLIS,mid,240
2020-12-31,MINDAIND,mid,241
2020-12-31,BBTC,mid,242
2020-12-31,SJVN,mid,243
2020-12-31,SUVENPHAR,mid,244
2020-12-31,PGHL,mid,245
2020-12-31,TATACHEM,mid,246
2020-12-31,IIFLWAM,mid,247
2020-12-31,GRANULES,mid,248
2020-12-31,CENTRALBK,mid,249
2020-12-31,PERSISTENT,mid,250
2020-12-31,IBULHSGFIN,small,251
2020-12-31,KEC,small,252
2020-12-31,KAJARIACER,small,254
2020-12-31,TATAELXSI,small,255
2020-12-31,TIMKEN,small,256
2020-12-31,APOLLOTYRE,small,257
2020-12-31,TTKPRESTIG,small,258
2020-12-31,EPL,small,259
2020-12-31,CHOLAHLDNG,small,260
2020-12-31,CESC,small,261
2020-12-31,SKFINDIA,small,262
2020-12-31,KIOCL,small,263
2020-12-31,JMFINANCIL,small,264
2020-12-31,FINEORG,small,265
2020-12-31,MAHABANK,small,266
2020-12-31,AEGISCHEM,small,267
2020-12-31,VGUARD,small,268
2020-12-31,ALOKINDS,small,269
2020-12-31,INDIANB,small,270
2020-12-31,CHAMBLFERT,small,271
2020-12-31,ASTERDM,small,272
2020-12-31,JBCHEPHARM,small,273
2020-12-31,NLCINDIA,small,274
2020-12-31,BLUEDART,small,275
2020-12-31,HUDCO,small,276
2020-12-31,SFL,small,277
2020-12-31,ERIS,small,278
2020-12-31,NH,small,280
2020-12-31,AFFLE,small,281
2020-12-31,APLAPOLLO,small,282
2020-12-31,AVANTIFEED,small,283
2020-12-31,PVR,small,284
2020-12-31,LINDEINDIA,small,285
2020-12-31,UTIAMC,small,286
2020-12-31,FINPIPE,small,287
2020-12-31,NATIONALUM,small,288
2020-12-31,BURGERKING,small,289
2020-12-31,AMBER,small,290
2020-12-31,BDL,small,291
2020-12-31,ALKYLAMINE,small,292
2020-12-31,GALAXYSURF,small,293
2020-12-31,EDELWEISS,small,294
2020-12-31,BASF,small,295
2020-12-31,GMMPFAUDLR,small,296
2020-12-31,RITES,small,297
2020-12-31,KRBL,small,298
2020-12-31,GRINDWELL,small,299
2020-12-31,SYMPHONY,small,300
2020-12-31,BLUESTARCO,small,301
2020-12-31,AARTIDRUGS,small,302
2020-12-31,UJJIVANSFB,small,303
2020-12-31,HATHWAY,small,304
2020-12-31,QUESS,small,305
2020-12-31,RATNAMANI,small,306
2020-12-31,JCHAC,small,307
2020-12-31,STLTECH,small,308
2020-12-31,IEX,small,309
2020-12-31,VAIBHAVGBL,small,311
2020-12-31,SHRIRAMCIT,small,312
2020-12-31,WELSPUNIND,small,313
2020-12-31,STAR,small,314
2020-12-31,DCMSHRIRAM,small,315
2020-12-31,BAJAJELEC,small,316
2020-12-31,CANFINHOME,small,317
2020-12-31,SIS,small,318
2020-12-31,RADICO,small,319
2020-12-31,MRPL,small,320
2020-12-31,FDC,small,321
2020-12-31,RALLIS,small,322
2020-12-31,INFIBEAM,small,323
2020-12-31,ROUTE,small,324
2020-12-31,CARBORUNIV,small,325
2020-12-31,TV18BRDCST,small,326
2020-12-31,FLUOROCHEM,small,327
2020-12-31,VSTIND,small,328
2020-12-31,ASAHIINDIA,small,329
2020-12-31,PNBHOUSING,small,330
2020-12-31,EIDPARRY,small,331
2020-12-31,MAHINDCIE,small,332
2020-12-31,JYOTHYLAB,small,333
2020-12-31,FRETAIL,small,334
2020-12-31,BIRLACORPN,small,335
2020-12-31,HAPPSTMNDS,small,336
2020-12-31,EIHOTEL,small,337
2020-12-31,GODFRYPHLP,small,338
2020-12-31,BSOFT,small,339
2020-12-31,DBL,small,340
2020-12-31,IDFC,small,341
2020-12-31,NBCC,small,342
2020-12-31,SPARC,small,343
2020-12-31,VTL,small,344
2020-12-31,FSL,small,345
2020-12-31,THYROCARE,small,346
2020-12-31,CDSL,small,347
2020-12-31,REDINGTON,small,349
2020-12-31,TANLA,small,350
2020-12-31,MASFIN,small,351
2020-12-31,FINCABLES,small,352
2020-12-31,COCHINSHIP,small,353
2020-12-31,KPRMILL,small,354
2020-12-31,ENGINERSIN,small,355
2020-12-31,CYIENT,small,356
2020-12-31,HEIDELBERG,small,357
2020-12-31,TATAINVEST,small,358
2020-12-31,RVNL,small,359
2020-12-31,IOLCP,small,360
2020-12-31,GARFIBRES,small,361
2020-12-31,ORIENTELEC,small,362
2020-12-31,VIPIND,small,363
2020-12-31,POWERINDIA,small,364
2020-12-31,ZENSARTECH,small,365
2020-12-31,GPPL,small,366
2020-12-31,SHILPAMED,small,367
2020-12-31,ROSSARI,small,368
2020-12-31,PNCINFRA,small,369
2020-12-31,CGCL,small,370
2020-12-31,IRB,small,371
2020-12-31,KALPATPOWR,small,372
2020-12-31,IRCON,small,373
2020-12-31,EQUITASBNK,small,374
2020-12-31,CEATLTD,small,375
2020-12-31,SPANDANA,small,376
2020-12-31,VARROC,small,377
2020-12-31,POLYMED,small,378
2020-12-31,GRAPHITE,small,379
2020-12-31,LAXMIMACH,small,380
2020-12-31,BHARATRAS,small,381
2020-12-31,NETWORK18,small,382
2020-12-31,INDIACEM,small,383
2020-12-31,TEAMLEASE,small,384
2020-12-31,CSBBANK,small,385
2020-12-31,TRIDENT,small,386
2020-12-31,SUNTECK,small,387
2020-12-31,CENTURYPLY,small,388
2020-12-31,SWSOLAR,small,389
2020-12-31,CAPLIPOINT,small,390
2020-12-31,MIDHANI,small,391
2020-12-31,CENTURYTEX,small,392
2020-12-31,MAZDOCK,small,393
2020-12-31,WOCKPHARMA,small,394
2020-12-31,BRIGADE,small,395
2020-12-31,VMART,small,396
2020-12-31,RAIN,small,397
2020-12-31,MAHSCOOTER,small,398
2020-12-31,SUNCLAYLTD,small,399
2020-12-31,STARCEMENT,small,400
2020-12-31,DEN,small,401
2020-12-31,DHANUKA,small,402
2020-12-31,NESCO,small,403
2020-12-31,GESHIP,small,404
2020-12-31,HINDCOPPER,small,405
2020-12-31,ELGIEQUIP,small,406
2020-12-31,KNRCON,small,407
2020-12-31,VAKRANGEE,small,410
2020-12-31,SEQUENT,small,411
2020-12-31,INDOSTAR,small,412
2020-12-31,LUXIND,small,413
2020-12-31,KSCL,small,414
2020-12-31,JKLAKSHMI,small,415
2020-12-31,CERA,small,416
2020-12-31,CCL,small,417
2020-12-31,KEI,small,418
2020-12-31,GULFOILLUB,small,419
2020-12-31,RESPONIND,small,420
2020-12-31,SONATSOFTW,small,421
2020-12-31,MOIL,small,422
2020-12-31,IIFL,small,423
2020-12-31,SWANENERGY,small,424
2020-12-31,PRSMJOHNSN,small,425
2020-12-31,BALRAMCHIN,small,427
2020-12-31,BECTORFOOD,small,428
2020-12-31,DELTACORP,small,429
2020-12-31,SUDARSCHEM,small,430
2020-12-31,GNFC,small,431
2020-12-31,CHALET,small,432
2020-12-31,SOLARA,small,433
2020-12-31,JUSTDIAL,small,434
2020-12-31,TCIEXP,small,435
2020-12-31,HEG,small,436
2020-12-31,ADVENZYMES,small,437
2020-12-31,TASTYBITE,small,438
2020-12-31,UJJIVAN,small,439
2020-12-31,SUZLON,small,440
2020-12-31,TATASTLBSL,small,441
2020-12-31,KARURVYSYA,small,442
2020-12-31,INTELLECT,small,443
2020-12-31,JSWHL,small,444
2020-12-31,ALLCARGO,small,445
2020-12-31,BEML,small,446
2020-12-31,WELCORP,small,447
2020-12-31,INOXLEISUR,small,448
2020-12-31,MMTC,small,449
2020-12-31,SCI,small,450
2020-12-31,DCBBANK,small,451
2020-12-31,IBREALEST,small,452
2020-12-31,BAJAJCON,small,453
2020-12-31,GEPIL,small,454
2020-12-31,RCF,small,455
2020-12-31,BALAMINES,small,456
2020-12-31,ANGELBRKG,small,457
2020-12-31,KPITTECH,small,458
2020-12-31,ICRA,small,459
2020-12-31,IFBIND,small,460
2020-12-31,GSFC,small,462
2020-12-31,SOBHA,small,463
2020-12-31,JSL,small,464
2020-12-31,DCAL,small,465
2020-12-31,SUPRAJIT,small,466
2020-12-31,MAHLOG,small,467
2020-12-31,SHARDACROP,small,468
2020-12-31,GET&D,small,469
2020-12-31,GUJALKALI,small,470
2020-12-31,ALEMBICLTD,small,471
2020-12-31,BSE,small,472
2020-12-31,ECLERX,small,473
2020-12-31,SUPPETRO,small,474
2020-12-31,MHRIL,small,475
2020-12-31,LEMONTREE,small,476
2020-12-31,GAEL,small,477
2020-12-31,TCNSBRANDS,small,478
2020-12-31,ORIENTREF,small,479
2020-12-31,UFLEX,small,480
2020-12-31,TRITURBINE,small,481
2020-12-31,LAOPALA,small,482
2020-12-31,JSLHISAR,small,483
2020-12-31,INDOCO,small,484
2020-12-31,PHILIPCARB,small,485
2020-12-31,NCC,small,486
2020-12-31,GRSE,small,487
2020-12-31,POLYPLEX,small,488
2020-12-31,PRINCEPIPE,small,489
2020-12-31,TECHNOE,small,491
2020-12-31,ESABINDIA,small,492
2020-12-31,HFCL,small,493
2020-12-31,PRIVISCL,small,494
2020-12-31,MAJESCO,small,495
2020-12-31,NOCIL,small,497
2020-12-31,ICIL,small,498
2020-12-31,ASTEC,small,500
2020-12-31,ITDC,small,501
2020-12-31,HUHTAMAKI,small,502
2020-12-31,JINDALSAW,small,503
2020-12-31,HEMIPROP,small,504
2020-12-31,FLFL,small,506
2020-12-31,MARKSANS,small,507
2020-12-31,DISHTV,small,508
2020-12-31,HSCL,small,509
2020-12-31,VENKEYS,small,510
2020-12-31,RENUKA,small,511
2020-12-31,HIKAL,small,512
2020-12-31,JINDALPOLY,small,513
2020-12-31,NILKAMAL,small,515
2020-12-31,ASHOKA,small,516
2020-12-31,MASTEK,small,517
2020-12-31,FMGOETZE,small,518
2020-12-31,INGERRAND,small,519
2020-12-31,SCHNEIDER,small,522
2020-12-31,TATACOFFEE,small,523
2020-12-31,RAYMOND,small,524
2020-12-31,EQUITAS,small,525
2020-12-31,VESUVIUS,small,526
2020-12-31,NIITLTD,small,527
2020-12-31,BALMLAWRIE,small,528
2020-12-31,JTEKTINDIA,small,530
2020-12-31,MEGH,small,532
2020-12-31,GREAVESCOT,small,533
2020-12-31,BOROLTD,small,535
2020-12-31,KSB,small,536
2020-12-31,GREENLAM,small,537
2020-12-31,NAVNETEDUL,small,538
2020-12-31,FCONSUMER,small,539
2020-12-31,SWARAJENG,small,540
2020-12-31,TATASTLLP,small,541
2020-12-31,JAMNAAUTO,small,542
2020-12-31,JPPOWER,small,543
2020-12-31,NFL,small,546
2020-12-31,TRIVENI,small,547
2020-12-31,UNICHEMLAB,small,549
2020-12-31,TCI,small,550
2020-12-31,MINDACORP,small,551
2020-12-31,ATFL,small,552
2020-12-31,FACT,small,553
2020-12-31,PAISALO,small,554
2020-12-31,JKPAPER,small,555
2020-12-31,KIRIINDUS,small,556
2020-12-31,DAAWAT,small,557
2020-12-31,CGPOWER,small,558
2020-12-31,SHOPERSTOP,small,559
2020-12-31,RAMCOIND,small,560
2020-12-31,JKTYRE,small,561
2020-12-31,BANARISUG,small,562
2020-12-31,HGS,small,563
2020-12-31,SUBROS,small,564
2020-12-31,MAHSEAMLES,small,565
2020-12-31,KIRLOSENG,small,566
2020-12-31,JAICORPLTD,small,567
2020-12-31,AHLUCONT,small,568
2020-12-31,CHEMCON,small,569
2020-12-31,TATAMETALI,small,570
2020-12-31,PTC,small,571
2020-12-31,RUPA,small,573
2020-12-31,DFMFOODS,small,574
2020-12-31,BLISSGVS,small,575
2020-12-31,NEWGEN,small,576
2020-12-31,GHCL,small,577
2020-12-31,TIDEWATER,small,578
2020-12-31,NEOGEN,small,579
2020-12-31,VRLLOG,small,581
2020-12-31,MAITHANALL,small,582
2020-12-31,NUCLEUS,small,583
2020-12-31,PSPPROJECT,small,584
2020-12-31,DEEPAKFERT,small,585
2020-12-31,TINPLATE,small,586
2020-12-31,VSTTILLERS,small,587
2020-12-31,ACCELYA,small,588
2020-12-31,GABRIEL,small,589
2020-12-31,GMDCLTD,small,590
2020-12-31,HCG,small,591
2020-12-31,MATRIMONY,small,592
2020-12-31,DIAMONDYD,small,593
2020-12-31,KTKBANK,small,594
2020-12-31,HERITGFOOD,small,595
2020-12-31,PILANIINVS,small,597
2020-12-31,BOMDYEING,small,598
2020-12-31,PRAJIND,small,599
2020-12-31,ORIENTCEM,small,600
2020-12-31,SANDHAR,small,601
2020-12-31,DBCORP,small,602
2020-12-31,HESTERBIO,small,603
2020-12-31,IIFLSEC,small,604
2020-12-31,AGCNET,small,605
2020-12-31,OAL,small,606
2020-12-31,SOUTHBANK,small,607
2020-12-31,OMAXE,small,608
2020-12-31,MAHLIFE,small,609
2020-12-31,KOLTEPATIL,small,611
2020-12-31,AMRUTANJAN,small,612
2020-12-31,RSYSTEMS,small,613
2020-12-31,BEPL,small,614
2020-12-31,THOMASCOOK,small,615
2020-12-31,ORISSAMINE,small,616
2020-12-31,IFCI,small,617
2020-12-31,ARVINDFASN,small,618
2020-12-31,SAGCEM,small,619
2020-12-31,SHK,small,620
2020-12-31,SHRIPISTON,small,621
2020-12-31,HGINFRA,small,622
2020-12-31,J&KBANK,small,623
2020-12-31,LUMAXIND,small,625
2020-12-31,HIL,small,626
2020-12-31,TVTODAY,small,627
2020-12-31,RELIGARE,small,628
2020-12-31,CARERATING,small,630
2020-12-31,NXTDIGITAL,small,631
2020-12-31,APARINDS,small,632
2020-12-31,PANACEABIO,small,633
2020-12-31,CHENNPETRO,small,634
2020-12-31,PURVA,small,635
2020-12-31,RTNPOWER,small,636
2020-12-31,BORORENEW,small,638
2020-12-31,MOREPENLAB,small,639
2020-12-31,GDL,small,640
2020-12-31,MAYURUNIQ,small,641
2020-12-31,GTPL,small,642
2020-12-31,TVSSRICHAK,small,643
2020-12-31,REPCOHOME,small,644
2020-12-31,WSTCSTPAPR,small,645
2020-12-31,CAMLINFINE,small,646
2020-12-31,PFS,small,647
2020-12-31,GREENPLY,small,648
2020-12-31,DPSCLTD,small,649
2020-12-31,SURYAROSNI,small,651
2020-12-31,SUBEXLTD,small,652
2020-12-31,JBMA,small,654
2020-12-31,GPIL,small,655
2020-12-31,GIPCL,small,656
2020-12-31,BFINVEST,small,657
2020-12-31,JAGRAN,small,658
2020-12-31,PFOCUS,small,659
2020-12-31,VOLTAMP,small,660
2020-12-31,AUTOAXLES,small,661
2020-12-31,MSTCLTD,small,662
2020-12-31,INEOSSTYRO,small,663
2020-12-31,RAMCOSYS,small,665
2020-12-31,WELENT,small,666
2020-12-31,NEULANDLAB,small,667
2020-12-31,EXCELINDUS,small,668
2020-12-31,DALMIASUG,small,669
2020-12-31,EVEREADY,small,670
2020-12-31,SEAMECLTD,small,672
2020-12-31,SAREGAMA,small,674
2020-12-31,HONDAPOWER,small,675
2020-12-31,SATIA,small,676
2020-12-31,WHEELS,small,677
2020-12-31,HMT,small,679
2020-12-31,CIGNITITEC,small,680
2020-12-31,WABAG,small,681
2020-12-31,ASTRAMICRO,small,682
2020-12-31,HIMATSEIDE,small,683
2020-12-31,JINDWORLD,small,684
2020-12-31,KSL,small,685
2020-12-31,GEOJITFSL,small,687
2020-12-31,HINDOILEXP,small,688
2020-12-31,RKFORGE,small,689
2020-12-31,GFLLIMITED,small,690
2020-12-31,SOTL,small,691
2020-12-31,INOXWIND,small,692
2020-12-31,MAGMA,small,693
2020-12-31,SAFARI,small,694
2020-12-31,DHAMPURSUG,small,695
2020-12-31,NBVENTURES,small,696
2020-12-31,JPASSOCIAT,small,697
2020-12-31,KIRLOSBROS,small,698
2020-12-31,TTML,small,699
2020-12-31,INSECTICID,small,700
2020-12-31,SASKEN,small,701
2020-12-31,SHALBY,small,702
2020-12-31,WONDERLA,small,703
2020-12-31,BFUTILITIE,small,704
2020-12-31,KKCL,small,705
2020-12-31,RPOWER,small,706
2020-12-31,TIMETECHNO,small,707
2020-12-31,ARVIND,small,708
2020-12-31,IGARASHI,small,709
2020-12-31,QUICKHEAL,small,711
2020-12-31,CAPACITE,small,712
2020-12-31,GOCLCORP,small,714
2020-12-31,HCC,small,715
2020-12-31,VINDHYATEL,small,716
2020-12-31,SESHAPAPER,small,717
2020-12-31,IGPL,small,718
2020-12-31,JMCPROJECT,small,719
2020-12-31,SARDAEN,small,720
2020-12-31,ACE,small,721
2020-12-31,SADBHAV,small,722
2020-12-31,BLS,small,724
2020-12-31,ITDCEM,small,725
2020-12-31,INDIAGLYCO,small,727
2020-12-31,RTNINFRA,small,728
2020-12-31,PSB,small,729
2020-12-31,PARAGMILK,small,730
2020-12-31,DOLLAR,small,732
2020-12-31,GTLINFRA,small,733
2020-12-31,TAJGVK,small,734
2020-12-31,JSWISPL,small,735
2020-12-31,5PAISA,small,737
2020-12-31,BODALCHEM,small,739
2020-12-31,PDSMFL,small,740
2020-12-31,SUNDARMHLD,small,741
2020-12-31,INDIANHUME,small,742
2020-12-31,SUNFLAG,small,743
2020-12-31,SOMANYCERA,small,744
2020-12-31,CLNINDIA,small,745
2020-12-31,JKIL,small,746
2020-12-31,ADFFOODS,small,747
2020-12-31,APEX,small,748
2020-12-31,FAIRCHEMOR,small,749
2020-12-31,ANDHRAPAP,small,750
2020-12-31,COSMOFILMS,small,753
2020-12-31,GALLISPAT,small,754
2020-12-31,KCP,small,755
2020-12-31,ANDHRSUGAR,small,756
2020-12-31,ASHIANA,small,757
2020-12-31,ASIANTILES,small,758
2020-12-31,XCHANGING,small,759
2020-12-31,ELECTCAST,small,760
2020-12-31,OCCL,small,761
2020-12-31,SHANKARA,small,762
2020-12-31,GREENPANEL,small,764
2020-12-31,LGBBROSLTD,small,765
2020-12-31,TNPL,small,766
2020-12-31,SHANTIGEAR,small,767
2020-12-31,TIRUMALCHM,small,769
2020-12-31,NACLIND,small,770
2020-12-31,NRBBEARING,small,771
2020-12-31,SHREDIGCEM,small,772
2020-12-31,TEJASNET,small,773
2020-12-31,APCOTEXIND,small,775
2020-12-31,EIHAHOTELS,small,776
2020-12-31,FOSECOIND,small,777
2020-12-31,DREDGECORP,small,778
2020-12-31,GUFICBIO,small,779
2020-12-31,TIIL,small,780
2020-12-31,MOLDTKPAC,small,781
2020-12-31,INDNIPPON,small,782
2020-12-31,ESTER,small,783
2020-12-31,PNBGILTS,small,784
2020-12-31,PRAKASH,small,785
2020-12-31,SRIPIPES,small,786
2020-12-31,SMSPHARMA,small,787
2020-12-31,BALAJITELE,small,788
2020-12-31,MMFL,small,789
2020-12-31,JISLJALEQS,small,790
2020-12-31,GATI,small,791
2020-12-31,GMBREW,small,792
2020-12-31,PUNJABCHEM,small,793
2020-12-31,USHAMART,small,794
2020-12-31,SSWL,small,795
2020-12-31,SPENCERS,small,796
2020-12-31,TEXRAIL,small,797
2020-12-31,GENUSPOWER,small,798
2020-12-31,BANCOINDIA,small,799
2020-12-31,SANGHIIND,small,802
2020-12-31,ENIL,small,803
2020-12-31,GLOBUSSPR,small,804
2020-12-31,KITEX,small,805
2020-12-31,SIYSIL,small,806
2020-12-31,RELINFRA,small,808
2020-12-31,ANANTRAJ,small,811
2020-12-31,LUMAXTECH,small,812
2020-12-31,FIEMIND,small,814
2020-12-31,RADIOCITY,small,815
2020-12-31,SHIL,small,816
2020-12-31,IMPAL,small,817
2020-12-31,AVTNPL,small,819
2020-12-31,TTKHLTCARE,small,820
2020-12-31,TAKE,small,821
2020-12-31,SIRCA,small,822
2020-12-31,RANEHOLDIN,small,823
2020-12-31,FEL,small,824
2020-12-31,SUVEN,small,825
2020-12-31,SNOWMAN,small,826
2020-12-31,CENTRUM,small,827
2020-12-31,CONFIPET,small,829
2020-12-31,MPSLTD,small,831
2020-12-31,PCJEWELLER,small,832
2020-12-31,STERTOOLS,small,833
2020-12-31,MUTHOOTCAP,small,835
2020-12-31,KIRLOSIND,small,836
2020-12-31,FILATEX,small,837
2020-12-31,SHARDAMOTR,small,838
2020-12-31,VIKASMCORP,small,839
2020-12-31,PRABHAT,small,840
2020-12-31,IMFA,small,842
2020-12-31,MANINFRA,small,843
2020-12-31,TARC,small,844
2020-12-31,BAJAJHIND,small,845
2020-12-31,THEINVEST,small,846
2020-12-31,SADBHIN,small,848
2020-12-31,MIRZAINT,small,851
2020-12-31,POWERMECH,small,852
2020-12-31,MTNL,small,853
2020-12-31,CESCVENT,small,854
2020-12-31,KINGFA,small,855
2020-12-31,KESORAMIND,small,856
2020-12-31,APOLLOPIPE,small,858
2020-12-31,WENDT,small,859
2020-12-31,RIIL,small,861
2020-12-31,SMLISUZU,small,862
2020-12-31,KOKUYOCMLN,small,863
2020-12-31,HBLPOWER,small,865
2020-12-31,ASHAPURMIN,small,866
2020-12-31,RPGLIFE,small,867
2020-12-31,GANECOS,small,868
2020-12-31,ANUP,small,869
2020-12-31,OLECTRA,small,870
2020-12-31,INDORAMA,small,871
2020-12-31,BHAGERIA,small,872
2020-12-31,RCOM,small,873
2020-12-31,ZENTEC,small,875
2020-12-31,KICL,small,876
2020-12-31,NATHBIOGEN,small,878
2020-12-31,KARDA,small,879
2020-12-31,MAXVIL,small,880
2020-12-31,DHFL,small,881
2020-12-31,BALAXI,small,882
2020-12-31,MUKANDLTD,small,884
2020-12-31,IFGLEXPOR,small,885
2020-12-31,GICHSGFIN,small,888
2020-12-31,MUNJALAU,small,891
2020-12-31,OPTIEMUS,small,892
2020-12-31,PATELENG,small,893
2020-12-31,3IINFOTECH,small,894
2020-12-31,THANGAMAYL,small,896
2020-12-31,HSIL,small,898
2020-12-31,MANGLMCEM,small,899
2020-12-31,JETAIRWAYS,small,900
2020-12-31,VISAKAIND,small,901
2020-12-31,DWARKESH,small,902
2020-12-31,FSC,small,903
2020-12-31,CANTABIL,small,904
2020-12-31,VIDHIING,small,906
2020-12-31,PLASTIBLEN,small,908
2020-12-31,COFFEEDAY,small,909
2020-12-31,VADILALIND,small,912
2020-12-31,TWL,small,913
2020-12-31,MUNJALSHOW,small,915
2020-12-31,NCLIND,small,916
2020-12-31,SKIPPER,small,918
2020-12-31,RBL,small,919
2020-12-31,NELCAST,small,921
2020-12-31,EBIXFOREX,small,922
2020-12-31,BUTTERFLY,small,924
2020-12-31,APTECHT,small,926
2020-12-31,MANALIPETC,small,927
2020-12-31,GNA,small,928
2020-12-31,UNIDT,small,930
2020-12-31,PRICOLLTD,small,931
2020-12-31,INDRAMEDCO,small,932
2020-12-31,TEXINFRA,small,933
2020-12-31,ARMANFIN,small,936
2020-12-31,RGL,small,937
2020-12-31,ASALCBR,small,939
2020-12-31,AARTISURF,small,940
2020-12-31,JAYBARMARU,small,941
2020-12-31,NECLIFE,small,943
2020-12-31,GVKPIL,small,944
2020-12-31,REPRO,small,945
2020-12-31,YAARII,small,946
2020-12-31,EXPLEOSOL,small,947
2020-12-31,APCL,small,948
2020-12-31,NELCO,small,950
2020-12-31,SUMMITSEC,small,952
2020-12-31,EMAMIPAP,small,954
2020-12-31,UNIVCABLES,small,956
2020-12-31,LINCOLN,small,957
2020-12-31,BBL,small,958
2020-12-31,DYNAMATECH,small,959
2020-12-31,POKARNA,small,960
2020-12-31,UNITECH,small,962
2020-12-31,SUTLEJTEX,small,963
2020-12-31,SHRENIK,small,964
2020-12-31,ONMOBILE,small,965
2020-12-31,ALICON,small,966
2020-12-31,UNIENTER,small,967
2020-12-31,ZEELEARN,small,969
2020-12-31,MAHEPC,small,970
2020-12-31,ROSSELLIND,small,972
2020-12-31,NAVKARCORP,small,974
2020-12-31,DECCANCE,small,975
2020-12-31,DATAMATICS,small,976
2020-12-31,RICOAUTO,small,978
2020-12-31,CENTUM,small,979
2020-12-31,SPIC,small,980
2020-12-31,KUANTUM,small,981
2020-12-31,VHL,small,984
2020-12-31,GAYAPROJ,small,985
2020-12-31,MANGCHEFER,small,986
2020-12-31,AMBIKCO,small,987
2020-12-31,SATIN,small,991
2020-12-31,KELLTONTEC,small,992
2020-12-31,FCL,small,993
2020-12-31,SANDESH,small,995
2020-12-31,NBIFIN,small,996
2020-12-31,CENTENKA,small,997
2020-12-31,MONTECARLO,small,998
2020-12-31,SHAKTIPUMP,small,999
2020-12-31,KOPRAN,small,1000
2020-12-31,NSIL,small,1002
2020-12-31,ORIENTPPR,small,1003
2020-12-31,ORIENTHOT,small,1004
2020-12-31,MANINDS,small,1005
2020-12-31,VISHWARAJ,small,1007
2020-12-31,SHRIRAMEPC,small,1009
2020-12-31,AVADHSUGAR,small,1012
2020-12-31,HMVL,small,1013
2020-12-31,SHALPAINTS,small,1014
2020-12-31,ATULAUTO,small,1015
2020-12-31,ALLSEC,small,1017
2020-12-31,ZUARI,small,1018
2020-12-31,EVERESTIND,small,1020
2020-12-31,DLINKINDIA,small,1021
2020-12-31,MARINE,small,1022
2020-12-31,TDPOWERSYS,small,1023
2020-12-31,AKASH,small,1026
2020-12-31,BIRLATYRE,small,1027
2020-12-31,CONTROLPR,small,1028
2020-12-31,PANAMAPET,small,1029
2020-12-31,STCINDIA,small,1031
2020-12-31,ZOTA,small,1032
2020-12-31,EKC,small,1034
2020-12-31,SHAREINDIA,small,1035
2020-12-31,CEREBRAINT,small,1036
2020-12-31,63MOONS,small,1037
2020-12-31,SANGHVIMOV,small,1038
2020-12-31,DCW,small,1039
2020-12-31,SREINFRA,small,1040
2020-12-31,ADORWELD,small,1041
2020-12-31,SREEL,small,1042
2020-12-31,GRAVITA,small,1043
2020-12-31,PRECAM,small,1044
2020-12-31,TNPETRO,small,1045
2020-12-31,NRAIL,small,1048
2020-12-31,SHREEPUSHK,small,1050
2020-12-31,DICIND,small,1051
2020-12-31,RAJRATAN,small,1053
2020-12-31,ARSHIYA,small,1055
2020-12-31,IFBAGRO,small,1056
2020-12-31,AJMERA,small,1058
2020-12-31,THEMISMED,small,1060
2020-12-31,TCPLPACK,small,1062
2020-12-31,UTTAMSUGAR,small,1064
2020-12-31,HTMEDIA,small,1065
2020-12-31,BCG,small,1066
2020-12-31,DHANBANK,small,1067
2020-12-31,ELECON,small,1068
2020-12-31,ARVSMART,small,1069
2020-12-31,PGIL,small,1070
2020-12-31,HARITASEAT,small,1072
2020-12-31,SASTASUNDR,small,1073
2020-12-31,SRHHYPOLTD,small,1074
2020-12-31,BRFL,small,1075
2020-12-31,MAXIND,small,1076
2020-12-31,BINDALAGRO,small,1077
2020-12-31,VSSL,small,1079
2020-12-31,TFCILTD,small,1080
2020-12-31,SAKSOFT,small,1081
2020-12-31,HLVLTD,small,1082
2020-12-31,PPAP,small,1084
2020-12-31,INFOBEAN,small,1085
2020-12-31,GOLDIAM,small,1086
2020-12-31,LIKHITHA,small,1087
2020-12-31,AHLWEST,small,1088
2020-12-31,TIPSINDLTD,small,1091
2020-12-31,KAYA,small,1092
2020-12-31,HERCULES,small,1093
2020-12-31,ORICONENT,small,1094
2020-12-31,CUPID,small,1095
2020-12-31,MEP,small,1096
2020-12-31,PRECWIRE,small,1098
2020-12-31,JAYAGROGN,small,1100
2020-12-31,SPAL,small,1101
2020-12-31,MADRASFERT,small,1104
2020-12-31,GKWLIMITED,small,1105
2020-12-31,NAGAFERT,small,1107
2020-12-31,BGRENERGY,small,1109
2020-12-31,MARATHON,small,1110
2020-12-31,HINDCOMPOS,small,1111
2020-12-31,CAREERP,small,1114
2020-12-31,RUBYMILLS,small,1115
2020-12-31,XELPMOC,small,1116
2020-12-31,HCLINSYS,small,1117
2020-12-31,GULPOLY,small,1118
2020-12-31,INDSWFTLAB,small,1121
2020-12-31,GANDHITUBE,small,1123
2020-12-31,VIMTALABS,small,1124
2020-12-31,BRNL,small,1125
2020-12-31,GSCLCEMENT,small,1126
2020-12-31,RML,small,1128
2020-12-31,LASA,small,1130
2020-12-31,GOKEX,small,1131
2020-12-31,MSPL,small,1133
2020-12-31,PTL,small,1134
2020-12-31,MANAKSIA,small,1135
2020-12-31,GALLANTT,small,1139
2020-12-31,ZEEMEDIA,small,1140
2020-12-31,PROZONINTU,small,1141
2020-12-31,UCALFUEL,small,1143
2020-12-31,SALASAR,small,1145
2020-12-31,ASAHISONG,small,1150
2020-12-31,NITINSPIN,small,1151
2020-12-31,HINDNATGLS,small,1152
2020-12-31,TBZ,small,1153
2020-12-31,GUJAPOLLO,small,1154
2020-12-31,MAHESHWARI,small,1155
2020-12-31,STEELXIND,small,1156
2020-12-31,DYNPRO,small,1162
2020-12-31,LINCPEN,small,1163
2020-12-31,RELCAPITAL,small,1165
2020-12-31,VARDHACRLC,small,1167
2020-12-31,PENIND,small,1168
2020-12-31,MENONBE,small,1170
2020-12-31,ALBERTDAVD,small,1171
2020-12-31,LIBERTSHOE,small,1172
2020-12-31,ZODIACLOTH,small,1175
2020-12-31,APOLLO,small,1176
2020-12-31,ALANKIT,small,1177
2020-12-31,RAMKY,small,1180
2020-12-31,HITECHGEAR,small,1186
2020-12-31,JUBLINDS,small,1188
2020-12-31,ORIENTABRA,small,1189
2020-12-31,CREST,small,1190
2020-12-31,TI,small,1193
2020-12-31,SCHAND,small,1194
2020-12-31,ARTEMISMED,small,1195
2020-12-31,BIRLAMONEY,small,1196
2020-12-31,JAYNECOIND,small,1197
2020-12-31,KABRAEXTRU,small,1198
2020-12-31,VLSFINANCE,small,1200
2020-12-31,NDTV,small,1201
2020-12-31,HDIL,small,1204
2020-12-31,JASH,small,1205
2020-12-31,SORILINFRA,small,1206
2020-12-31,JINDRILL,small,1207
2020-12-31,HPL,small,1208
2020-12-31,OPTOCIRCUI,small,1209
2020-12-31,RNAVAL,small,1211
2020-12-31,UFO,small,1212
2020-12-31,HIRECT,small,1215
2020-12-31,NIPPOBATRY,small,1216
2020-12-31,RSWM,small,1217
2020-12-31,RUCHINFRA,small,1219
2020-12-31,RAMANEWS,small,1221
2020-12-31,GULFPETRO,small,1222
2020-12-31,GOACARBON,small,1224
2020-12-31,SANGAMIND,small,1225
2020-12-31,CHEMBOND,small,1226
2020-12-31,KAMDHENU,small,1227
2020-12-31,ADVANIHOTR,small,1228
2020-12-31,ASTRON,small,1229
2020-12-31,RUSHIL,small,1230
2020-12-31,KHADIM,small,1231
2020-12-31,WALCHANNAG,small,1233
2020-12-31,V2RETAIL,small,1235
2020-12-31,JAIBALAJI,small,1236
2020-12-31,AXISCADES,small,1237
2020-12-31,DVL,small,1238
2020-12-31,JPINFRATEC,small,1243
2020-12-31,DBREALTY,small,1244
2020-12-31,CYBERTECH,small,1246
2020-12-31,EROSMEDIA,small,1247
2020-12-31,MIRCELECTR,small,1248
2020-12-31,KHAICHEM,small,1249
2020-12-31,MMP,small,1253
2020-12-31,MCL,small,1254
2020-12-31,BALLARPUR,small,1256
2020-12-31,DIGISPICE,small,1257
2020-12-31,MANGALAM,small,1258
2020-12-31,GOKULAGRO,small,1259
2020-12-31,SWELECTES,small,1261
2020-12-31,PODDARMENT,small,1265
2020-12-31,UNIVPHOTO,small,1266
2020-12-31,DPABHUSHAN,small,1267
2020-12-31,CHEMFAB,small,1268
2020-12-31,MCLEODRUSS,small,1272
2020-12-31,KDDL,small,1275
2020-12-31,VISHNU,small,1276
2020-12-31,TVSELECT,small,1279
2020-12-31,GOKUL,small,1280
2020-12-31,SIMPLEXINF,small,1283
2020-12-31,KOTHARIPRO,small,1284
2020-12-31,VINYLINDIA,small,1285
2020-12-31,EIMCOELECO,small,1287
2020-12-31,RAJTV,small,1291
2020-12-31,MAZDA,small,1292
2020-12-31,AKSHARCHEM,small,1293
2020-12-31,BIL,small,1295
2020-12-31,ROHLTD,small,1296
2020-12-31,VERTOZ,small,1297
2020-12-31,VASCONEQ,small,1298
2020-12-31,NILAINFRA,small,1300
2020-12-31,SINTERCOM,small,1301
2020-12-31,SDBL,small,1305
2020-12-31,JAYSREETEA,small,1306
2020-12-31,URJA,small,1307
2020-12-31,ESSARSHPNG,small,1308
2020-12-31,VIPULLTD,small,1309
2020-12-31,HARRMALAYA,small,1313
2020-12-31,NAHARPOLY,small,1315
2020-12-31,KREBSBIO,small,1316
2020-12-31,ORBTEXP,small,1317
2020-12-31,SEYAIND,small,1318
2020-12-31,SHIVAMAUTO,small,1319
2020-12-31,PGEL,small,1320
2020-12-31,KCPSUGIND,small,1321
2020-12-31,SELAN,small,1326
2020-12-31,KANORICHEM,small,1327
2020-12-31,DEEPENR,small,1328
2020-12-31,8KMILES,small,1330
2020-12-31,SPECIALITY,small,1331
2020-12-31,AHLEAST,small,1332
2020-12-31,SHEMAROO,small,1334
2020-12-31,DTIL,small,1336
2020-12-31,AIRAN,small,1337
2020-12-31,MAGADSUGAR,small,1339
2020-12-31,SPTL,small,1342
2020-12-31,VIKASECO,small,1343
2020-12-31,UGARSUGAR,small,1345
2020-12-31,OMMETALS,small,1346
2020-12-31,SALZERELEC,small,1349
2020-12-31,PILITA,small,1351
2020-12-31,ANDHRACEMT,small,1354
2020-12-31,ORIENTBELL,small,1358
2020-12-31,BIRLACABLE,small,1359
2020-12-31,GREENPOWER,small,1361
2020-12-31,SILINV,small,1362
2020-12-31,HITECHCORP,small,1363
2020-12-31,JMTAUTOLTD,small,1364
2020-12-31,SINTEX,small,1366
2020-12-31,ZUARIGLOB,small,1367
2020-12-31,SMSLIFE,small,1368
2020-12-31,UNITEDTEA,small,1371
2020-12-31,PDMJEPAPER,small,1373
2020-12-31,TRIGYN,small,1375
2020-12-31,AURIONPRO,small,1376
2020-12-31,SARLAPOLY,small,1377
2020-12-31,HEXATRADEX,small,1379
2020-12-31,BIOFILCHEM,small,1380
2020-12-31,TRIL,small,1383
2020-12-31,NAHARSPING,small,1385
2020-12-31,RVHL,small,1386
2020-12-31,STARPAPER,small,1387
2020-12-31,JOCIL,small,1388
2020-12-31,KRISHANA,small,1389
2020-12-31,BLKASHYAP,small,1391
2020-12-31,GEECEE,small,1393
2020-12-31,INVENTURE,small,1394
2020-12-31,ABAN,small,1395
2020-12-31,PPL,small,1399
2020-12-31,GENESYS,small,1402
2020-12-31,TALBROAUTO,small,1403
2020-12-31,TIL,small,1405
2020-12-31,BASML,small,1406
2020-12-31,AYMSYNTEX,small,1407
2020-12-31,PIONDIST,small,1411
2020-12-31,HITECH,small,1412
2020-12-31,DONEAR,small,1413
2020-12-31,SHREYAS,small,1415
2020-12-31,SUULD,small,1416
2020-12-31,APOLSINHOT,small,1418
2020-12-31,EMKAY,small,1420
2020-12-31,VENUSREM,small,1422
2020-12-31,SETCO,small,1423
2020-12-31,MBAPL,small,1424
2020-12-31,KILITCH,small,1425
2020-12-31,SANWARIA,small,1426
2020-12-31,DHUNINV,small,1427
2020-12-31,RANEENGINE,small,1429
2020-12-31,VIVIMEDLAB,small,1434
2020-12-31,PARSVNATH,small,1438
2020-12-31,NITCO,small,1440
2020-12-31,PREMEXPLN,small,1442
2020-12-31,PONNIERODE,small,1443
2020-12-31,GENUSPAPER,small,1444
2020-12-31,EMMBI,small,1448
2020-12-31,ELECTHERM,small,1450
2020-12-31,CEBBCO,small,1451
2020-12-31,BANSWRAS,small,1452
2020-12-31,REVATHI,small,1453
2020-12-31,GANESHHOUC,small,1454
2020-12-31,MAHASTEEL,small,1455
2020-12-31,PARACABLES,small,1458
2020-12-31,CREATIVE,small,1459
2020-12-31,PENINLAND,small,1463
2020-12-31,SAKUMA,small,1465
2020-12-31,IITL,small,1466
2020-12-31,RUCHIRA,small,1467
2020-12-31,REFEX,small,1470
2020-12-31,IVC,small,1472
2020-12-31,OSWALAGRO,small,1476
2020-12-31,PRIMESECU,small,1480
2020-12-31,KOTARISUG,small,1483
2020-12-31,BROOKS,small,1484
2020-12-31,KAKATCEM,small,1485
2020-12-31,HINDMOTORS,small,1487
2020-12-31,MOLDTECH,small,1490
2020-12-31,RPPINFRA,small,1491
2020-12-31,JAGSNPHARM,small,1492
2020-12-31,SITINET,small,1493
2020-12-31,EMAMIREAL,small,1496
2020-12-31,ISMTLTD,small,1497
2020-12-31,INDTERRAIN,small,1499
2020-12-31,VIDEOIND,small,1500
2020-12-31,DENORA,small,1501
2020-12-31,CAPTRUST,small,1502
2020-12-31,PITTIENG,small,1506
2020-12-31,SKMEGGPROD,small,1511
2020-12-31,SHIVATEX,small,1512
2020-12-31,ADSL,small,1514
2020-12-31,INSPIRISYS,small,1516
2020-12-31,ASHIMASYN,small,1517
2020-12-31,SAKAR,small,1518
2020-12-31,NAHARCAP,small,1519
2020-12-31,FMNL,small,1520
2020-12-31,ASIANHOTNR,small,1521
2020-12-31,NIRAJ,small,1522
2020-12-31,JHS,small,1525
2020-12-31,BHARATWIRE,small,1526
2020-12-31,NAHARINDUS,small,1529
2020-12-31,ALPHAGEO,small,1537
2020-12-31,TCIDEVELOP,small,1538
2020-12-31,20MICRONS,small,1540
2020-12-31,STEL,small,1541
2020-12-31,MAWANASUG,small,1543
2020-12-31,SHREYANIND,small,1544
2020-12-31,CONSOFINVT,small,1545
2020-12-31,SANGINITA,small,1548
2020-12-31,ONWARDTEC,small,1550
2020-12-31,BAFNAPH,small,1552
2020-12-31,PODDARHOUS,small,1553
2020-12-31,ISFT,small,1554
2020-12-31,SAKHTISUG,small,1555
2020-12-31,SUPERHOUSE,small,1556
2020-12-31,REPL,small,1559
2020-12-31,RHFL,small,1561
2020-12-31,NDL,small,1563
2020-12-31,INDOTECH,small,1564
2020-12-31,ARIES,small,1566
2020-12-31,ASPINWALL,small,1569
2020-12-31,ICEMAKE,small,1571
2020-12-31,UMANGDAIRY,small,1572
2020-12-31,AKSHOPTFBR,small,1577
2020-12-31,MAHAPEXLTD,small,1578
2020-12-31,SAGARDEEP,small,1579
2020-12-31,GRPLTD,small,1580
2020-12-31,ARIHANTSUP,small,1585
2020-12-31,VETO,small,1586
2020-12-31,SMARTLINK,small,1587
2020-12-31,MGEL,small,1588
2020-12-31,NDRAUTO,small,1589
2020-12-31,KAPSTON,small,1591
2020-12-31,DANGEE,small,1594
2020-12-31,WELINV,small,1596
2020-12-31,BIGBLOC,small,1599
2020-12-31,KMSUGAR,small,1601
2020-12-31,GOODLUCK,small,1602
2020-12-31,BPL,small,1603
2020-12-31,WINDMACHIN,small,1604
2020-12-31,TPLPLASTEH,small,1607
2020-12-31,PRAXIS,small,1609
2020-12-31,GINNIFILA,small,1611
2020-12-31,RANASUG,small,1612
2020-12-31,AGARIND,small,1613
2020-12-31,KOTHARIPET,small,1615
2020-12-31,ADHUNIKIND,small,1616
2020-12-31,LOVABLE,small,1620
2020-12-31,MBLINFRA,small,1621
2020-12-31,BSHSL,small,1622
2020-12-31,UTTAMSTL,small,1626
2020-12-31,TRF,small,1630
2020-12-31,SHYAMCENT,small,1634
2020-12-31,RKEC,small,1638
2020-12-31,MBECL,small,1639
2020-12-31,ELGIRUBCO,small,1641
2020-12-31,ROLTA,small,1646
2020-12-31,CORALFINAC,small,1650
2020-12-31,COMPINFO,small,1652
2020-12-31,GPTINFRA,small,1656
2020-12-31,WANBURY,small,1659
2020-12-31,NOIDATOLL,small,1661
2020-12-31,DPWIRES,small,1662
2020-12-31,UJAAS,small,1665
2020-12-31,OMAXAUTO,small,1668
2020-12-31,SPLIL,small,1669
2020-12-31,AMJLAND,small,1672
2020-12-31,HUBTOWN,small,1679
2020-12-31,MTEDUCARE,small,1686
2020-12-31,FCSSOFT,small,1687
2020-12-31,SUNDRMBRAK,small,1688
2020-12-31,JMA,small,1689
2020-12-31,MINDTECK,small,1693
2020-12-31,SOUTHWEST,small,1694
2020-12-31,INTENTECH,small,1695
2020-12-31,CINELINE,small,1696
2020-12-31,AUTOIND,small,1698
2020-12-31,MURUDCERA,small,1699
2020-12-31,CLEDUCATE,small,1701
2020-12-31,GEEKAYWIRE,small,1704
2020-12-31,TTL,small,1708
2020-12-31,KECL,small,1711
2020-12-31,MODIRUBBER,small,1714
2020-12-31,VIPCLOTHNG,small,1720
2020-12-31,MANAKSTEEL,small,1724
2020-12-31,A2ZINFRA,small,1725
2020-12-31,UNIPLY,small,1728
2020-12-31,ORIENTLTD,small,1729
2020-12-31,KAMATHOTEL,small,1731
2020-12-31,ANSALAPI,small,1735
2020-12-31,GLOBALVECT,small,1736
2020-12-31,JBFIND,small,1740
2020-12-31,LSIL,small,1741
2020-12-31,KWALITY,small,1746
2020-12-31,BHAGYAPROP,small,1753
2020-12-31,BALPHARMA,small,1756
2020-12-31,WORTH,small,1760
2020-12-31,SKIL,small,1768
2020-12-31,VISASTEEL,small,1771
2020-12-31,WEBELSOLAR,small,1775
2020-12-31,MACPOWER,small,1778
2020-12-31,MOTOGENFIN,small,1781
2020-12-31,ARROWGREEN,small,1782
2020-12-31,RAMASTEEL,small,1785
2020-12-31,GILLANDERS,small,1786
2020-12-31,ROLLT,small,1792
2020-12-31,GAMMNINFRA,small,1798
2020-12-31,ALPA,small,1799
2020-12-31,ATLANTA,small,1800
2020-12-31,LGBFORGE,small,1806
2020-12-31,SICAL,small,1807
2020-12-31,LOTUSEYE,small,1808
2020-12-31,GROBTEA,small,1814
2020-12-31,COMPUSOFT,small,1816
2020-12-31,SRPL,small,1818
2020-12-31,SIL,small,1819
2020-12-31,NDGL,small,1821
2020-12-31,MARALOVER,small,1823
2020-12-31,SELMCL,small,1824
2020-12-31,SIGIND,small,1826
2020-12-31,MUKTAARTS,small,1827
2020-12-31,BHAGYANGR,small,1828
2020-12-31,BYKE,small,1831
2020-12-31,PIONEEREMB,small,1834
2020-12-31,AUSOMENT,small,1835
2020-12-31,ARCHIDPLY,small,1836
2020-12-31,TOKYOPLAST,small,1837
2020-12-31,DAMODARIND,small,1841
2020-12-31,DGCONTENT,small,1842
2020-12-31,PANACHE,small,1846
2020-12-31,SUNDARAM,small,1853
2020-12-31,CCHHL,small,1855
2020-12-31,GSS,small,1856
2020-12-31,PUNJLLOYD,small,1858
2020-12-31,WEIZMANIND,small,1859
2020-12-31,LYKALABS,small,1860
2020-12-31,AARVI,small,1863
2020-12-31,PREMIERPOL,small,1864
2020-12-31,SURANAT&P,small,1868
2020-12-31,TOTAL,small,1872
2020-12-31,CTE,small,1879
2020-12-31,DCMNVL,small,1881
2020-12-31,CMICABLES,small,1882
2020-12-31,ACCURACY,small,1883
2020-12-31,GLOBE,small,1889
2020-12-31,RSSOFTWARE,small,1893
2020-12-31,IVP,small,1897
2020-12-31,TAINWALCHM,small,1899
2020-12-31,PKTEA,small,1902
2020-12-31,CORDSCABLE,small,1903
2020-12-31,BAGFILMS,small,1904
2020-12-31,MANAKALUCO,small,1905
2020-12-31,IL&FSENGG,small,1907
2020-12-31,TARMAT,small,1909
2020-12-31,KALYANIFRG,small,1912
2020-12-31,NECCLTD,small,1913
2020-12-31,KSERASERA,small,1914
2020-12-31,BHARATGEAR,small,1923
2020-12-31,SICAGEN,small,1924
2020-12-31,GLOBAL,small,1925
2020-12-31,INDOSOLAR,small,1926
2020-12-31,INDIANCARD,small,1928
2020-12-31,NILASPACES,small,1930
2020-12-31,AAKASH,small,1931
2020-12-31,STEELCITY,small,1932
2020-12-31,ALKALI,small,1936
2020-12-31,GAL,small,1944
2020-12-31,PRAENG,small,1945
2020-12-31,IL&FSTRANS,small,1946
2020-12-31,REMSONSIND,small,1949
2020-12-31,MAANALU,small,1951
2020-12-31,SUPREMEENG,small,1953
2020-12-31,TOUCHWOOD,small,1957
2020-12-31,IZMO,small,1959
2020-12-31,MALUPAPER,small,1960
2020-12-31,MROTEK,small,1964
2020-12-31,HOVS,small,1965
2020-12-31,GOLDENTOBC,small,1968
2020-12-31,AROGRANITE,small,1969
2020-12-31,DUCON,small,1971
2020-12-31,PRESSMN,small,1979
2020-12-31,PRECOT,small,1981
2020-12-31,BEDMUTHA,small,1986
2020-12-31,GARDENSILK,small,1988
2020-12-31,LIBAS,small,1990
2020-12-31,GTL,small,2001
2020-12-31,TEXMOPIPES,small,2005
2020-12-31,INDBANK,small,2013
2020-12-31,ARCHIES,small,2017
2020-12-31,VAISHALI,small,2019
2020-12-31,LOKESHMACH,small,2021
2020-12-31,GANGESSECU,small,2022
2020-12-31,WIPL,small,2023
2020-12-31,OISL,small,2025
2020-12-31,IMAGICAA,small,2027
2020-12-31,HISARMETAL,small,2030
2020-12-31,SHREERAMA,small,2034
2020-12-31,SAMBHAAV,small,2036
2020-12-31,SHRADHA,small,2038
2020-12-31,PATINTLOG,small,2040
2020-12-31,RAJSREESUG,small,2043
2020-12-31,DCM,small,2051
2020-12-31,BANKA,small,2055
2020-12-31,MORARJEE,small,2062
2020-12-31,EDUCOMP,small,2065
2020-12-31,ANIKINDS,small,2069
2020-12-31,CINEVISTA,small,2077
2020-12-31,TERASOFT,small,2086
2020-12-31,KANANIIND,small,2090
2020-12-31,UNIVASTU,small,2096
2020-12-31,KEYFINSERV,small,2100
2020-12-31,SURANASOL,small,2101
2020-12-31,MCDHOLDING,small,2102
2020-12-31,NEXTMEDIA,small,2111
2020-12-31,JYOTISTRUC,small,2113
2020-12-31,MEGASOFT,small,2114
2020-12-31,MITTAL,small,2121
2020-12-31,ASAL,small,2122
2020-12-31,ORTINLABSS,small,2126
2020-12-31,SPMLINFRA,small,2136
2020-12-31,KOHINOOR,small,2138
2020-12-31,BANARBEADS,small,2141
2020-12-31,KGL,small,2144
2020-12-31,ALMONDZ,small,2149
2020-12-31,ARSSINFRA,small,2154
2020-12-31,CENTEXT,small,2158
2020-12-31,AARON,small,2164
2020-12-31,DBSTOCKBRO,small,2169
2020-12-31,GODHA,small,2175
2020-12-31,SALONA,small,2181
2020-12-31,ONEPOINT,small,2185
2020-12-31,DSSL,small,2186
2020-12-31,BVCL,small,2193
2020-12-31,ENERGYDEV,small,2199
2020-12-31,SURYALAXMI,small,2201
2020-12-31,PALASHSECU,small,2205
2020-12-31,MANAKCOAT,small,2209
2020-12-31,AMDIND,small,2213
2020-12-31,KRIDHANINF,small,2230
2020-12-31,PEARLPOLY,small,2233
2020-12-31,MANUGRAPH,small,2243
2020-12-31,SUMIT,small,2244
2020-12-31,ORIENTALTL,small,2247
2020-12-31,MERCATOR,small,2250
2020-12-31,TIRUPATIFL,small,2256
2020-12-31,SIMBHALS,small,2259
2020-12-31,LAMBODHARA,small,2267
2020-12-31,SANGHVIFOR,small,2270
2020-12-31,INDOWIND,small,2271
2020-12-31,BSL,small,2275
2020-12-31,RMCL,small,2279
2020-12-31,ATLASCYCLE,small,2284
2020-12-31,AARVEEDEN,small,2286
2020-12-31,TREEHOUSE,small,2288
2020-12-31,BLBLIMITED,small,2289
2020-12-31,SUPREMEINF,small,2310
2020-12-31,SILLYMONKS,small,2314
2020-12-31,BANG,small,2315
2020-12-31,KEERTI,small,2317
2020-12-31,DIGJAMLTD,small,2319
2020-12-31,FLEXITUFF,small,2320
2020-12-31,PALREDTEC,small,2328
2020-12-31,COX&KINGS,small,2335
2020-12-31,ABMINTLTD,small,2338
2020-12-31,SALSTEEL,small,2341
2020-12-31,ANSALHSG,small,2350
2020-12-31,ARCOTECH,small,2352
2020-12-31,SOMICONVEY,small,2354
2020-12-31,KERNEX,small,2359
2020-12-31,XPROINDIA,small,2368
2020-12-31,ZENITHEXPO,small,2375
2020-12-31,GOENKA,small,2378
2020-12-31,BEARDSELL,small,2387
2020-12-31,MADHAV,small,2395
2020-12-31,SHIRPURG,small,2402
2020-12-31,DELTAMAGNT,small,2407
2020-12-31,SUPERSPIN,small,2409
2020-12-31,MADHUCON,small,2411
2020-12-31,CELEBRITY,small,2413
2020-12-31,LPDC,small,2420
2020-12-31,SUMEETINDS,small,2422
2020-12-31,AGROPHOS,small,2424
2020-12-31,AUTOLITIND,small,2430
2020-12-31,TREJHARA,small,2433
2020-12-31,TIMESGTY,small,2436
2020-12-31,SGL,small,2446
2020-12-31,METALFORGE,small,2454
2020-12-31,TMRVL,small,2458
2020-12-31,PNC,small,2463
2020-12-31,DIAPOWER,small,2464
2020-12-31,SHIVAMILLS,small,2468
2020-12-31,OILCOUNTUB,small,2476
2020-12-31,KSK,small,2477
2020-12-31,STAMPEDE,small,2487
2020-12-31,VARDMNPOLY,small,2495
2020-12-31,WILLAMAGOR,small,2506
2020-12-31,CUBEXTUB,small,2509
2020-12-31,JITFINFRA,small,2527
2020-12-31,MAGNUM,small,2534
2020-12-31,INDOTHAI,small,2543
2020-12-31,INFOMEDIA,small,2552
2020-12-31,BILENERGY,small,2554
2020-12-31,AGRITECH,small,2556
2020-12-31,BHANDARI,small,2561
2020-12-31,INDSWFTLTD,small,2562
2020-12-31,NAGREEKEXP,small,2571
2020-12-31,NITINFIRE,small,2574
2020-12-31,CNOVAPETRO,small,2586
2020-12-31,TIJARIA,small,2589
2020-12-31,LFIC,small,2594
2020-12-31,DHARSUGAR,small,2598
2020-12-31,MIC,small,2613
2020-12-31,RKDL,small,2618
2020-12-31,ORCHPHARMA,small,2624
2020-12-31,GOLDTECH,small,2632
2020-12-31,PATSPINLTD,small,2654
2020-12-31,NIBL,small,2657
2020-12-31,PARABDRUGS,small,2667
2020-12-31,COUNCODOS,small,2687
2020-12-31,GLOBOFFS,small,2691
2020-12-31,BALKRISHNA,small,2692
2020-12-31,VASWANI,small,2699
2020-12-31,CASTEXTECH,small,2701
2020-12-31,JINDALPHOT,small,2707
2020-12-31,JPOLYINVST,small,2711
2020-12-31,GTNIND,small,2729
2020-12-31,TGBHOTELS,small,2734
2020-12-31,SHAHALLOYS,small,2739
2020-12-31,ARIHANT,small,2745
2020-12-31,NATNLSTEEL,small,2753
2020-12-31,BURNPUR,small,2754
2020-12-31,PRAKASHSTL,small,2758
2020-12-31,OMKARCHEM,small,2763
2020-12-31,MOHOTAIND,small,2767
2020-12-31,MASKINVEST,small,2773
2020-12-31,MANGTIMBER,small,2778
2020-12-31,ZODJRDMKJ,small,2801
2020-12-31,SPYL,small,2802
2020-12-31,ANKITMETAL,small,2812
2020-12-31,INDLMETER,small,2817
2020-12-31,SANCO,small,2827
2020-12-31,3PLAND,small,2840
2020-12-31,ADROITINFO,small,2844
2020-12-31,UNITY,small,2849
2020-12-31,CCCL,small,2854
2020-12-31,CALSOFT,small,2856
2020-12-31,NKIND,small,2866
2020-12-31,VIVIDHA,small,2867
2020-12-31,ADL,small,2870
2020-12-31,HILTON,small,2879
2020-12-31,SATHAISPAT,small,2886
2020-12-31,MUKANDENGG,small,2888
2020-12-31,ROHITFERRO,small,2896
2020-12-31,EXCEL,small,2898
2020-12-31,KHANDSE,small,2901
2020-12-31,KARMAENG,small,2909
2020-12-31,ZENITHSTL,small,2931
2020-12-31,VICEROY,small,2963
2020-12-31,SETUINFRA,small,2965
2020-12-31,21STCENMGM,small,2978
2020-12-31,SEPOWER,small,2998
2020-12-31,DQE,small,3000
2020-12-31,SEZAL,small,3015
2020-12-31,GAYAHWS,small,3016
2020-12-31,TECHNOFAB,small,3034
2020-12-31,EMCO,small,3039
2020-12-31,LYPSAGEMS,small,3045
2020-12-31,STINDIA,small,3047
2020-12-31,SOMATEX,small,3063
2020-12-31,TALWALKARS,small,3101
2020-12-31,ZICOM,small,3113
2020-12-31,BSELINFRA,small,3124
2020-12-31,EASTSILK,small,3132
2020-12-31,PREMIER,small,3161
2020-12-31,EASUNREYRL,small,3180
2020-12-31,ROML,small,3194
2020-12-31,ONELIFECAP,small,3200
2020-12-31,SUBCAPCITY,small,3203
2020-12-31,GFSTEELS,small,3221
2020-12-31,WSI,small,3242
2020-12-31,CANDC,small,3247
2020-12-31,EUROTEXIND,small,3264
2020-12-31,S&SPOWER,small,3276
2020-12-31,ALCHEM,small,3277
2020-12-31,SYNCOM,small,3301
2020-12-31,BARTRONICS,small,3303
2020-12-31,EUROCERA,small,3311
2020-12-31,TFL,small,3314
2020-12-31,HAVISHA,small,3327
2020-12-31,NAGREEKCAP,small,3332
2020-12-31,GUJRAFFIA,small,3358
2020-12-31,SHYAMTEL,small,3364
2020-12-31,NIRAJISPAT,small,3377
2020-12-31,TCIFINANCE,small,3387
2020-12-31,INTEGRA,small,3394
2020-12-31,NORBTEAEXP,small,3395
2020-12-31,BKMINDST,small,3415
2020-12-31,GTNTEX,small,3418
2020-12-31,SMPL,small,3435
2020-12-31,TVVISION,small,3451
2020-12-31,RAJRAYON,small,3457
2020-12-31,IMPEXFERRO,small,3459
2020-12-31,DNAMEDIA,small,3476
2020-12-31,KALYANI,small,3483
2020-12-31,CHROMATIC,small,3498
2020-12-31,NTL,small,3510
2020-12-31,SPENTEX,small,3511
2020-12-31,SPCENET,small,3517
2020-12-31,GLFL,small,3529
2020-12-31,BLUECOAST,small,3530
2020-12-31,TALWGYM,small,3551
2020-12-31,MOHITIND,small,3569
2020-12-31,SABTN,small,3584
2020-12-31,CREATIVEYE,small,3588
2020-12-31,TNTELE,small,3593
2020-12-31,KAUSHALYA,small,3612
2020-12-31,RADAAN,small,3622
2020-12-31,SUJANAUNI,small,3629
2020-12-31,VIJIFIN,small,3664
2020-12-31,ALPSINDUS,small,3678
2020-12-31,THIRUSUGAR,small,3703
2020-12-31,LAKPRE,small,3742
2020-12-31,CKFSL,small,3776
2020-12-31,TECHIN,small,3807
2020-12-31,JAINSTUDIO,small,3817
2020-12-31,METKORE,small,3829
2020-12-31,HBSL,small,3830
2020-12-31,UMESLTD,small,3877
2020-12-31,ORTEL,small,3895
2020-12-31,JIKIND,small,3940
2020-12-31,PROSEED,small,3957
2020-12-31,WINSOME,small,3966
2020-12-31,ARENTERP,small,3977
2020-12-31,EUROMULTI,small,3986
2020-12-31,MELSTAR,small,3997
2020-12-31,CYBERMEDIA,small,4005
2020-12-31,PRADIP,small,4060
2020-12-31,TANTIACONS,small,4099
2020-12-31,PAEL,small,4219
2020-12-31,DCMFINSERV,small,4250
2020-12-31,GBGLOBAL,small,4281
2020-12-31,GISOLUTION,small,4294
2020-12-31,HOTELRUGBY,small,4352
2020-12-31,THOMASCOTT,small,4359
2020-12-31,RAMSARUP,small,4432
2020-12-31,BLUECHIP,small,4477
2020-12-31,SABEVENTS,small,4551
2020-12-31,JAIHINDPRO,small,4562
2020-12-31,ATNINTER,small,4733
2021-06-30,RELIANCE,large,1
2021-06-30,TCS,large,2
2021-06-30,HDFCBANK,large,3
2021-06-30,INFY,large,4
2021-06-30,HINDUNILVR,large,5
2021-06-30,HDFC,large,6
2021-06-30,ICICIBANK,large,7
2021-06-30,KOTAKBANK,large,8
2021-06-30,SBIN,large,9
2021-06-30,BAJFINANCE,large,10
2021-06-30,BHARTIARTL,large,11
2021-06-30,HCLTECH,large,12
2021-06-30,WIPRO,large,13
2021-06-30,ITC,large,14
2021-06-30,ASIANPAINT,large,15
2021-06-30,AXISBANK,large,16
2021-06-30,MARUTI,large,17
2021-06-30,LT,large,18
2021-06-30,DMART,large,19
2021-06-30,ULTRACEMCO,large,20
2021-06-30,ADANIGREEN,large,21
2021-06-30,BAJAJFINSV,large,23
2021-06-30,SUNPHARMA,large,24
2021-06-30,ADANIPORTS,large,25
2021-06-30,HDFCLIFE,large,26
2021-06-30,ONGC,large,27
2021-06-30,TITAN,large,28
2021-06-30,JSWSTEEL,large,29
2021-06-30,HINDZINC,large,30
2021-06-30,POWERGRID,large,31
2021-06-30,ADANIENT,large,32
2021-06-30,BAJAJ-AUTO,large,33
2021-06-30,TATAMOTORS,large,34
2021-06-30,NTPC,large,35
2021-06-30,ADANITRANS,large,36
2021-06-30,TATASTEEL,large,37
2021-06-30,DIVISLAB,large,38
2021-06-30,M&M,large,39
2021-06-30,ATGL,large,40
2021-06-30,SHREECEM,large,41
2021-06-30,TECHM,large,42
2021-06-30,DABUR,large,43
2021-06-30,BPCL,large,44
2021-06-30,PIDILITIND,large,45
2021-06-30,IOC,large,46
2021-06-30,SBICARD,large,47
2021-06-30,SBILIFE,large,48
2021-06-30,COALINDIA,large,49
2021-06-30,GRASIM,large,50
2021-06-30,BRITANNIA,large,51
2021-06-30,VEDL,large,52
2021-06-30,DRREDDY,large,53
2021-06-30,GODREJCP,large,54
2021-06-30,HINDALCO,large,55
2021-06-30,INDUSINDBK,large,56
2021-06-30,BERGEPAINT,large,57
2021-06-30,ICICIPRULI,large,58
2021-06-30,EICHERMOT,large,59
2021-06-30,CIPLA,large,60
2021-06-30,DLF,large,61
2021-06-30,LTI,large,62
2021-06-30,INDUSTOWER,large,63
2021-06-30,ICICIGI,large,64
2021-06-30,SIEMENS,large,65
2021-06-30,MOTHERSUMI,large,66
2021-06-30,HAVELLS,large,67
2021-06-30,GAIL,large,68
2021-06-30,INDIGO,large,69
2021-06-30,HDFCAMC,large,70
2021-06-30,HEROMOTOCO,large,71
2021-06-30,NAUKRI,large,72
2021-06-30,TATACONSUM,large,73
2021-06-30,AMBUJACEM,large,74
2021-06-30,MARICO,large,75
2021-06-30,AUROPHARMA,large,76
2021-06-30,CADILAHC,large,77
2021-06-30,BANDHANBNK,large,78
2021-06-30,MUTHOOTFIN,large,79
2021-06-30,LUPIN,large,80
2021-06-30,UPL,large,81
2021-06-30,BIOCON,large,82
2021-06-30,TORNTPHARM,large,83
2021-06-30,BOSCHLTD,large,84
2021-06-30,COLPAL,large,85
2021-06-30,NMDC,large,86
2021-06-30,GLAND,large,87
2021-06-30,APOLLOHOSP,large,88
2021-06-30,CHOLAFIN,large,89
2021-06-30,MCDOWELL-N,large,90
2021-06-30,PGHH,large,91
2021-06-30,PNB,large,92
2021-06-30,PEL,large,93
2021-06-30,SAIL,large,94
2021-06-30,JUBLFOOD,large,95
2021-06-30,BAJAJHLDNG,large,96
2021-06-30,YESBANK,large,97
2021-06-30,BANKBARODA,large,98
2021-06-30,IDBI,large,99
2021-06-30,HONAUT,large,100
2021-06-30,PIIND,mid,101
2021-06-30,JINDALSTEL,mid,102
2021-06-30,GODREJPROP,mid,103
2021-06-30,HINDPETRO,mid,104
2021-06-30,IGL,mid,105
2021-06-30,PETRONET,mid,106
2021-06-30,SRF,mid,107
2021-06-30,MRF,mid,108
2021-06-30,ASHOKLEY,mid,109
2021-06-30,BALKRISIND,mid,110
2021-06-30,GUJGASLTD,mid,111
2021-06-30,ALKEM,mid,112
2021-06-30,ACC,mid,113
2021-06-30,CONCOR,mid,114
2021-06-30,SRTRANSFIN,mid,115
2021-06-30,BEL,mid,116
2021-06-30,HAL,mid,117
2021-06-30,MINDTREE,mid,118
2021-06-30,UBL,mid,119
2021-06-30,ASTRAL,mid,120
2021-06-30,VOLTAS,mid,121
2021-06-30,PAGEIND,mid,122
2021-06-30,IDFCFIRSTB,mid,123
2021-06-30,MPHASIS,mid,124
2021-06-30,ADANIPOWER,mid,125
2021-06-30,AUBANK,mid,126
2021-06-30,GICRE,mid,128
2021-06-30,TATACOMM,mid,129
2021-06-30,TATAPOWER,mid,130
2021-06-30,PFC,mid,131
2021-06-30,KANSAINER,mid,132
2021-06-30,ABB,mid,133
2021-06-30,IRFC,mid,134
2021-06-30,BHARATFORG,mid,135
2021-06-30,MFSL,mid,136
2021-06-30,IDEA,mid,137
2021-06-30,WHIRLPOOL,mid,138
2021-06-30,OFSS,mid,139
2021-06-30,VBL,mid,140
2021-06-30,DALBHARAT,mid,141
2021-06-30,LODHA,mid,142
2021-06-30,IRCTC,mid,143
2021-06-30,TVSMOTOR,mid,144
2021-06-30,RECLTD,mid,145
2021-06-30,LTTS,mid,146
2021-06-30,3MINDIA,mid,147
2021-06-30,TRENT,mid,148
2021-06-30,ABCAPITAL,mid,149
2021-06-30,IOB,mid,150
2021-06-30,SUNDARMFIN,mid,151
2021-06-30,SUPREMEIND,mid,152
2021-06-30,IPCALAB,mid,153
2021-06-30,NIACL,mid,154
2021-06-30,GLAXO,mid,155
2021-06-30,AARTIIND,mid,156
2021-06-30,NHPC,mid,157
2021-06-30,CROMPTON,mid,158
2021-06-30,CANBK,mid,159
2021-06-30,RUCHI,mid,161
2021-06-30,INDIAMART,mid,162
2021-06-30,LAURUSLABS,mid,163
2021-06-30,COROMANDEL,mid,164
2021-06-30,RELAXO,mid,165
2021-06-30,L&TFH,mid,166
2021-06-30,SYNGENE,mid,167
2021-06-30,UNIONBANK,mid,168
2021-06-30,BANKINDIA,mid,169
2021-06-30,PFIZER,mid,170
2021-06-30,RAMCOCEM,mid,171
2021-06-30,M&MFIN,mid,172
2021-06-30,LALPATHLAB,mid,173
2021-06-30,ATUL,mid,174
2021-06-30,CUMMINSIND,mid,175
2021-06-30,DIXON,mid,176
2021-06-30,LICHSGFIN,mid,177
2021-06-30,EMAMILTD,mid,178
2021-06-30,POLYCAB,mid,179
2021-06-30,NAM-INDIA,mid,180
2021-06-30,OBEROIRLTY,mid,181
2021-06-30,TIINDIA,mid,182
2021-06-30,SONACOMS,mid,183
2021-06-30,JKCEMENT,mid,184
2021-06-30,DEEPAKNTR,mid,185
2021-06-30,ZEEL,mid,186
2021-06-30,SUNTV,mid,187
2021-06-30,ENDURANCE,mid,188
2021-06-30,MAXHEALTH,mid,189
2021-06-30,BATAINDIA,mid,190
2021-06-30,APLLTD,mid,191
2021-06-30,TORNTPOWER,mid,192
2021-06-30,TATAELXSI,mid,193
2021-06-30,BHEL,mid,194
2021-06-30,COFORGE,mid,195
2021-06-30,AIAENG,mid,196
2021-06-30,GILLETTE,mid,197
2021-06-30,SANOFI,mid,198
2021-06-30,AAVAS,mid,199
2021-06-30,TATACHEM,mid,200
2021-06-30,ESCORTS,mid,201
2021-06-30,HATSUN,mid,202
2021-06-30,NATCOPHARM,mid,203
2021-06-30,GODREJIND,mid,204
2021-06-30,JSWENERGY,mid,205
2021-06-30,EXIDEIND,mid,206
2021-06-30,FEDERALBNK,mid,207
2021-06-30,AJANTPHARM,mid,208
2021-06-30,SCHAEFFLER,mid,209
2021-06-30,GMRINFRA,mid,210
2021-06-30,VINATIORGA,mid,211
2021-06-30,SUMICHEM,mid,212
2021-06-30,THERMAX,mid,213
2021-06-30,ABFRL,mid,214
2021-06-30,PERSISTENT,mid,215
2021-06-30,ISEC,mid,216
2021-06-30,GLENMARK,mid,217
2021-06-30,RAJESHEXPO,mid,218
2021-06-30,APLAPOLLO,mid,219
2021-06-30,DHANI,mid,220
2021-06-30,FORTIS,mid,221
2021-06-30,SUNDRMFAST,mid,222
2021-06-30,GSPL,mid,223
2021-06-30,MINDAIND,mid,224
2021-06-30,AMARAJABAT,mid,225
2021-06-30,INDHOTEL,mid,226
2021-06-30,CRISIL,mid,227
2021-06-30,KAJARIACER,mid,228
2021-06-30,NAVINFLUOR,mid,229
2021-06-30,MAHABANK,mid,230
2021-06-30,APOLLOTYRE,mid,231
2021-06-30,INDIANB,mid,232
2021-06-30,MANAPPURAM,mid,233
2021-06-30,OIL,mid,234
2021-06-30,ALKYLAMINE,mid,235
2021-06-30,PHOENIXLTD,mid,236
2021-06-30,RBLBANK,mid,237
2021-06-30,UCOBANK,mid,238
2021-06-30,CASTROLIND,mid,239
2021-06-30,LINDEINDIA,mid,240
2021-06-30,ZYDUSWELL,mid,241
2021-06-30,AFFLE,mid,242
2021-06-30,JUBLPHARMA,mid,243
2021-06-30,SUVENPHAR,mid,244
2021-06-30,CUB,mid,245
2021-06-30,BLUEDART,mid,246
2021-06-30,VAIBHAVGBL,mid,247
2021-06-30,SOLARINDS,mid,248
2021-06-30,WABCOINDIA,mid,249
2021-06-30,INDIGOPNTS,mid,250
2021-06-30,HINDCOPPER,small,251
2021-06-30,METROPOLIS,small,252
2021-06-30,PRESTIGE,small,253
2021-06-30,TANLA,small,254
2021-06-30,ITI,small,255
2021-06-30,MGL,small,256
2021-06-30,BAJAJELEC,small,257
2021-06-30,CHOLAHLDNG,small,258
2021-06-30,NATIONALUM,small,259
2021-06-30,SKFINDIA,small,260
2021-06-30,KIOCL,small,261
2021-06-30,GRAPHITE,small,262
2021-06-30,AEGISCHEM,small,263
2021-06-30,ALOKINDS,small,264
2021-06-30,PGHL,small,265
2021-06-30,CREDITACC,small,266
2021-06-30,CENTRALBK,small,267
2021-06-30,GRINDWELL,small,268
2021-06-30,KEC,small,269
2021-06-30,SJVN,small,270
2021-06-30,AKZOINDIA,small,271
2021-06-30,CHAMBLFERT,small,272
2021-06-30,CAMS,small,273
2021-06-30,TTKPRESTIG,small,274
2021-06-30,VGUARD,small,275
2021-06-30,IBULHSGFIN,small,276
2021-06-30,IIFLWAM,small,277
2021-06-30,GODREJAGRO,small,278
2021-06-30,SFL,small,279
2021-06-30,AMBER,small,280
2021-06-30,TIMKEN,small,281
2021-06-30,QUESS,small,282
2021-06-30,MOTILALOFS,small,283
2021-06-30,JBCHEPHARM,small,284
2021-06-30,SHRIRAMCIT,small,285
2021-06-30,CARBORUNIV,small,286
2021-06-30,IEX,small,287
2021-06-30,SHYAMMETL,small,288
2021-06-30,DCMSHRIRAM,small,289
2021-06-30,ASTRAZEN,small,290
2021-06-30,HUDCO,small,291
2021-06-30,BASF,small,292
2021-06-30,GALAXYSURF,small,293
2021-06-30,IIFL,small,294
2021-06-30,HAPPSTMNDS,small,295
2021-06-30,NH,small,296
2021-06-30,FINPIPE,small,297
2021-06-30,ROUTE,small,298
2021-06-30,STLTECH,small,299
2021-06-30,CGPOWER,small,300
2021-06-30,RATNAMANI,small,301
2021-06-30,BBTC,small,302
2021-06-30,ERIS,small,303
2021-06-30,CESC,small,304
2021-06-30,JMFINANCIL,small,305
2021-06-30,FSL,small,306
2021-06-30,GRANULES,small,307
2021-06-30,KPRMILL,small,308
2021-06-30,FINEORG,small,309
2021-06-30,FLUOROCHEM,small,310
2021-06-30,WELSPUNIND,small,311
2021-06-30,UTIAMC,small,312
2021-06-30,IDFC,small,313
2021-06-30,BLUESTARCO,small,314
2021-06-30,PVR,small,315
2021-06-30,SYMPHONY,small,317
2021-06-30,INTELLECT,small,318
2021-06-30,NBCC,small,319
2021-06-30,KIMS,small,320
2021-06-30,RADICO,small,321
2021-06-30,BSOFT,small,322
2021-06-30,CYIENT,small,323
2021-06-30,DBL,small,324
2021-06-30,NLCINDIA,small,325
2021-06-30,POLYMED,small,326
2021-06-30,PNBHOUSING,small,327
2021-06-30,TRIDENT,small,328
2021-06-30,STAR,small,329
2021-06-30,ASTERDM,small,330
2021-06-30,EPL,small,331
2021-06-30,MRPL,small,332
2021-06-30,CDSL,small,333
2021-06-30,ASAHIINDIA,small,334
2021-06-30,BIRLACORPN,small,335
2021-06-30,CENTURYPLY,small,336
2021-06-30,KALYANKJIL,small,337
2021-06-30,REDINGTON,small,339
2021-06-30,CGCL,small,340
2021-06-30,TATASTLBSL,small,341
2021-06-30,CANFINHOME,small,342
2021-06-30,AVANTIFEED,small,343
2021-06-30,VTL,small,344
2021-06-30,MAHINDCIE,small,345
2021-06-30,ANURAS,small,346
2021-06-30,JUBLINGREA,small,347
2021-06-30,JCHAC,small,348
2021-06-30,HEG,small,349
2021-06-30,LAXMIMACH,small,350
2021-06-30,AARTIDRUGS,small,351
2021-06-30,SUNCLAYLTD,small,352
2021-06-30,POWERINDIA,small,353
2021-06-30,EIDPARRY,small,354
2021-06-30,MMTC,small,355
2021-06-30,EDELWEISS,small,356
2021-06-30,BDL,small,357
2021-06-30,BALAMINES,small,358
2021-06-30,RVNL,small,359
2021-06-30,GMMPFAUDLR,small,360
2021-06-30,EIHOTEL,small,361
2021-06-30,SEQUENT,small,362
2021-06-30,PNCINFRA,small,363
2021-06-30,FINCABLES,small,364
2021-06-30,RITES,small,365
2021-06-30,ZENSARTECH,small,366
2021-06-30,ELGIEQUIP,small,367
2021-06-30,ORIENTELEC,small,368
2021-06-30,SIS,small,369
2021-06-30,EQUITASBNK,small,370
2021-06-30,INFIBEAM,small,371
2021-06-30,PRSMJOHNSN,small,372
2021-06-30,WOCKPHARMA,small,373
2021-06-30,TV18BRDCST,small,374
2021-06-30,KNRCON,small,375
2021-06-30,CEATLTD,small,376
2021-06-30,UJJIVANSFB,small,377
2021-06-30,ROSSARI,small,378
2021-06-30,KALPATPOWR,small,379
2021-06-30,VAKRANGEE,small,380
2021-06-30,VARROC,small,381
2021-06-30,SONATSOFTW,small,382
2021-06-30,TEAMLEASE,small,383
2021-06-30,BRIGADE,small,384
2021-06-30,RALLIS,small,385
2021-06-30,LXCHEM,small,386
2021-06-30,JYOTHYLAB,small,387
2021-06-30,BURGERKING,small,388
2021-06-30,GARFIBRES,small,389
2021-06-30,PRINCEPIPE,small,390
2021-06-30,LUXIND,small,391
2021-06-30,TATAINVEST,small,392
2021-06-30,RAIN,small,393
2021-06-30,CENTURYTEX,small,394
2021-06-30,INDIACEM,small,395
2021-06-30,HEIDELBERG,small,396
2021-06-30,THYROCARE,small,397
2021-06-30,VSTIND,small,398
2021-06-30,SOLARA,small,399
2021-06-30,FDC,small,400
2021-06-30,VMART,small,401
2021-06-30,VIPIND,small,402
2021-06-30,SUZLON,small,403
2021-06-30,JUSTDIAL,small,404
2021-06-30,BALRAMCHIN,small,405
2021-06-30,SUPPETRO,small,406
2021-06-30,CERA,small,407
2021-06-30,JKLAKSHMI,small,408
2021-06-30,NAZARA,small,409
2021-06-30,SPARC,small,410
2021-06-30,KPITTECH,small,411
2021-06-30,KRBL,small,412
2021-06-30,COCHINSHIP,small,413
2021-06-30,HATHWAY,small,414
2021-06-30,BEML,small,415
2021-06-30,KEI,small,416
2021-06-30,SCI,small,417
2021-06-30,NCC,small,418
2021-06-30,GESHIP,small,419
2021-06-30,GPPL,small,420
2021-06-30,GODFRYPHLP,small,421
2021-06-30,GNFC,small,422
2021-06-30,MASFIN,small,423
2021-06-30,ENGINERSIN,small,425
2021-06-30,IFBIND,small,426
2021-06-30,BHARATRAS,small,427
2021-06-30,ORCHPHARMA,small,428
2021-06-30,MAGMA,small,429
2021-06-30,SUNTECK,small,430
2021-06-30,JSWHL,small,431
2021-06-30,CSBBANK,small,432
2021-06-30,HOMEFIRST,small,434
2021-06-30,HFCL,small,435
2021-06-30,RESPONIND,small,436
2021-06-30,SOBHA,small,437
2021-06-30,MAZDOCK,small,438
2021-06-30,DELTACORP,small,439
2021-06-30,KARURVYSYA,small,440
2021-06-30,IRCON,small,441
2021-06-30,RAILTEL,small,442
2021-06-30,ADVENZYMES,small,443
2021-06-30,NETWORK18,small,444
2021-06-30,STARCEMENT,small,445
2021-06-30,MAHSCOOTER,small,446
2021-06-30,SWSOLAR,small,448
2021-06-30,SPANDANA,small,449
2021-06-30,HEMIPROP,small,451
2021-06-30,IBREALEST,small,452
2021-06-30,PRAJIND,small,453
2021-06-30,IRB,small,454
2021-06-30,JSL,small,455
2021-06-30,INDOSTAR,small,456
2021-06-30,TCIEXP,small,457
2021-06-30,ECLERX,small,458
2021-06-30,ISGEC,small,459
2021-06-30,SUDARSCHEM,small,460
2021-06-30,RCF,small,461
2021-06-30,NESCO,small,462
2021-06-30,CAPLIPOINT,small,463
2021-06-30,BAJAJCON,small,465
2021-06-30,ANGELBRKG,small,466
2021-06-30,MOIL,small,467
2021-06-30,MASTEK,small,468
2021-06-30,GSFC,small,469
2021-06-30,IOLCP,small,470
2021-06-30,DHANUKA,small,471
2021-06-30,MAHLOG,small,472
2021-06-30,FACT,small,473
2021-06-30,CCL,small,474
2021-06-30,TATASTLLP,small,475
2021-06-30,TASTYBITE,small,476
2021-06-30,KSCL,small,477
2021-06-30,SUPRAJIT,small,478
2021-06-30,MIDHANI,small,479
2021-06-30,PSB,small,480
2021-06-30,WELCORP,small,481
2021-06-30,GULFOILLUB,small,482
2021-06-30,SHILPAMED,small,483
2021-06-30,JSLHISAR,small,484
2021-06-30,PHILIPCARB,small,485
2021-06-30,DODLA,small,486
2021-06-30,INOXLEISUR,small,487
2021-06-30,BORORENEW,small,488
2021-06-30,AGCNET,small,489
2021-06-30,CHALET,small,490
2021-06-30,GAEL,small,492
2021-06-30,FRETAIL,small,493
2021-06-30,SWANENERGY,small,494
2021-06-30,DCBBANK,small,495
2021-06-30,HGS,small,496
2021-06-30,TRITURBINE,small,497
2021-06-30,CRAFTSMAN,small,498
2021-06-30,TECHNOE,small,499
2021-06-30,ALLCARGO,small,500
2021-06-30,PRIVISCL,small,501
2021-06-30,ORIENTREF,small,502
2021-06-30,TTML,small,503
2021-06-30,GET&D,small,504
2021-06-30,HIKAL,small,506
2021-06-30,LEMONTREE,small,507
2021-06-30,BSE,small,508
2021-06-30,INDOCO,small,509
2021-06-30,MHRIL,small,510
2021-06-30,TCNSBRANDS,small,511
2021-06-30,MTARTECH,small,512
2021-06-30,JINDALPOLY,small,513
2021-06-30,ITDC,small,514
2021-06-30,NOCIL,small,516
2021-06-30,ICRA,small,517
2021-06-30,POLYPLEX,small,518
2021-06-30,PAISALO,small,519
2021-06-30,JKTYRE,small,520
2021-06-30,RENUKA,small,521
2021-06-30,SAREGAMA,small,522
2021-06-30,EQUITAS,small,523
2021-06-30,UFLEX,small,524
2021-06-30,EASEMYTRIP,small,525
2021-06-30,GREAVESCOT,small,526
2021-06-30,KSB,small,527
2021-06-30,ALEMBICLTD,small,528
2021-06-30,NILKAMAL,small,529
2021-06-30,SHARDACROP,small,530
2021-06-30,JAMNAAUTO,small,532
2021-06-30,ESABINDIA,small,533
2021-06-30,TATAMETALI,small,534
2021-06-30,HERANBA,small,535
2021-06-30,UJJIVAN,small,536
2021-06-30,ICIL,small,537
2021-06-30,GPIL,small,538
2021-06-30,BARBEQUE,small,539
2021-06-30,NIITLTD,small,540
2021-06-30,GUJALKALI,small,541
2021-06-30,ASHOKA,small,542
2021-06-30,JINDALSAW,small,543
2021-06-30,NFL,small,544
2021-06-30,VENKEYS,small,545
2021-06-30,RUPA,small,546
2021-06-30,TRIVENI,small,547
2021-06-30,MARKSANS,small,549
2021-06-30,DEN,small,550
2021-06-30,BEPL,small,552
2021-06-30,LAOPALA,small,553
2021-06-30,GDL,small,554
2021-06-30,KIRLOSENG,small,555
2021-06-30,MAHLIFE,small,556
2021-06-30,NEULANDLAB,small,557
2021-06-30,SURYODAY,small,558
2021-06-30,TATACOFFEE,small,559
2021-06-30,HIL,small,561
2021-06-30,SCHNEIDER,small,562
2021-06-30,DEEPAKFERT,small,563
2021-06-30,MINDACORP,small,564
2021-06-30,JKPAPER,small,565
2021-06-30,INGERRAND,small,566
2021-06-30,GREENPANEL,small,567
2021-06-30,GREENLAM,small,568
2021-06-30,RAYMOND,small,569
2021-06-30,SUBEXLTD,small,570
2021-06-30,DCAL,small,571
2021-06-30,NEWGEN,small,572
2021-06-30,RELIGARE,small,573
2021-06-30,PTC,small,574
2021-06-30,JPPOWER,small,575
2021-06-30,SHOPERSTOP,small,577
2021-06-30,BECTORFOOD,small,578
2021-06-30,BOROLTD,small,579
2021-06-30,OAL,small,580
2021-06-30,ASTEC,small,581
2021-06-30,TCI,small,582
2021-06-30,JTEKTINDIA,small,583
2021-06-30,GHCL,small,584
2021-06-30,DISHTV,small,585
2021-06-30,UNICHEMLAB,small,586
2021-06-30,RAMCOIND,small,587
2021-06-30,BALMLAWRIE,small,588
2021-06-30,HCG,small,589
2021-06-30,ORIENTCEM,small,591
2021-06-30,HUHTAMAKI,small,592
2021-06-30,IFCI,small,593
2021-06-30,GRSE,small,594
2021-06-30,SURYAROSNI,small,596
2021-06-30,GREENPLY,small,597
2021-06-30,ATFL,small,599
2021-06-30,VESUVIUS,small,600
2021-06-30,MATRIMONY,small,601
2021-06-30,VRLLOG,small,602
2021-06-30,BANARISUG,small,603
2021-06-30,SUBROS,small,604
2021-06-30,DAAWAT,small,605
2021-06-30,TIDEWATER,small,607
2021-06-30,MAITHANALL,small,608
2021-06-30,JPASSOCIAT,small,609
2021-06-30,J&KBANK,small,611
2021-06-30,GMDCLTD,small,612
2021-06-30,HSCL,small,613
2021-06-30,PILANIINVS,small,615
2021-06-30,KTKBANK,small,616
2021-06-30,REPCOHOME,small,617
2021-06-30,AHLUCONT,small,618
2021-06-30,HGINFRA,small,619
2021-06-30,EVEREADY,small,620
2021-06-30,INEOSSTYRO,small,621
2021-06-30,KIRLOSBROS,small,622
2021-06-30,MAHSEAMLES,small,623
2021-06-30,SHIL,small,624
2021-06-30,THOMASCOOK,small,625
2021-06-30,MOREPENLAB,small,627
2021-06-30,NEOGEN,small,628
2021-06-30,TINPLATE,small,629
2021-06-30,NAVNETEDUL,small,630
2021-06-30,JBMA,small,631
2021-06-30,GEPIL,small,632
2021-06-30,SHK,small,633
2021-06-30,DFMFOODS,small,634
2021-06-30,MSTCLTD,small,635
2021-06-30,DALMIASUG,small,636
2021-06-30,PURVA,small,637
2021-06-30,PDSMFL,small,638
2021-06-30,SOUTHBANK,small,639
2021-06-30,MAYURUNIQ,small,640
2021-06-30,ACE,small,641
2021-06-30,SOMANYCERA,small,642
2021-06-30,SAGCEM,small,643
2021-06-30,RKFORGE,small,644
2021-06-30,CAMLINFINE,small,645
2021-06-30,KOLTEPATIL,small,646
2021-06-30,RAMCOSYS,small,647
2021-06-30,AMRUTANJAN,small,648
2021-06-30,JAICORPLTD,small,649
2021-06-30,HESTERBIO,small,650
2021-06-30,ARVIND,small,652
2021-06-30,APARINDS,small,653
2021-06-30,JSWISPL,small,654
2021-06-30,PFOCUS,small,655
2021-06-30,IIFLSEC,small,656
2021-06-30,SWARAJENG,small,657
2021-06-30,RPOWER,small,658
2021-06-30,AUTOAXLES,small,659
2021-06-30,RTNPOWER,small,660
2021-06-30,FILATEX,small,661
2021-06-30,SHRIPISTON,small,662
2021-06-30,HMT,small,663
2021-06-30,ADFFOODS,small,664
2021-06-30,PANACEABIO,small,665
2021-06-30,STOVEKRAFT,small,666
2021-06-30,FMGOETZE,small,667
2021-06-30,CHENNPETRO,small,668
2021-06-30,RTNINDIA,small,669
2021-06-30,SARDAEN,small,670
2021-06-30,TVTODAY,small,672
2021-06-30,GABRIEL,small,673
2021-06-30,VSTTILLERS,small,675
2021-06-30,INOXWIND,small,676
2021-06-30,CHEMCON,small,678
2021-06-30,NUCLEUS,small,679
2021-06-30,KIRIINDUS,small,680
2021-06-30,DBCORP,small,682
2021-06-30,WABAG,small,683
2021-06-30,BOMDYEING,small,684
2021-06-30,TEJASNET,small,685
2021-06-30,PSPPROJECT,small,687
2021-06-30,ORISSAMINE,small,688
2021-06-30,HIMATSEIDE,small,689
2021-06-30,HERITGFOOD,small,690
2021-06-30,GTPL,small,691
2021-06-30,FCONSUMER,small,692
2021-06-30,DHAMPURSUG,small,693
2021-06-30,CARERATING,small,694
2021-06-30,ARVINDFASN,small,695
2021-06-30,TIMETECHNO,small,696
2021-06-30,WELENT,small,697
2021-06-30,JAGRAN,small,698
2021-06-30,OLECTRA,small,699
2021-06-30,RSYSTEMS,small,700
2021-06-30,DOLLAR,small,701
2021-06-30,IGPL,small,702
2021-06-30,ANANTRAJ,small,703
2021-06-30,DIAMONDYD,small,704
2021-06-30,KSL,small,705
2021-06-30,TVSSRICHAK,small,706
2021-06-30,JMCPROJECT,small,707
2021-06-30,INDIAGLYCO,small,708
2021-06-30,LUMAXIND,small,709
2021-06-30,BLISSGVS,small,710
2021-06-30,FLFL,small,711
2021-06-30,SOTL,small,712
2021-06-30,WSTCSTPAPR,small,713
2021-06-30,ACCELYA,small,714
2021-06-30,GEOJITFSL,small,715
2021-06-30,SHALBY,small,717
2021-06-30,HCC,small,718
2021-06-30,OMAXE,small,719
2021-06-30,SANDHAR,small,720
2021-06-30,SASKEN,small,721
2021-06-30,SAFARI,small,722
2021-06-30,CONFIPET,small,723
2021-06-30,JKIL,small,724
2021-06-30,SUNDARMHLD,small,725
2021-06-30,DPSCLTD,small,726
2021-06-30,GATI,small,727
2021-06-30,CAPACITE,small,728
2021-06-30,ITDCEM,small,729
2021-06-30,HINDOILEXP,small,731
2021-06-30,3IINFOTECH,small,732
2021-06-30,SUNFLAG,small,736
2021-06-30,NBVENTURES,small,737
2021-06-30,KIRLOSIND,small,738
2021-06-30,MUKANDLTD,small,739
2021-06-30,QUICKHEAL,small,740
2021-06-30,ASHIANA,small,741
2021-06-30,CENTRUM,small,742
2021-06-30,USHAMART,small,743
2021-06-30,PFS,small,744
2021-06-30,GALLISPAT,small,745
2021-06-30,IMFA,small,746
2021-06-30,SHARDAMOTR,small,747
2021-06-30,ELECTCAST,small,748
2021-06-30,PRAKASH,small,749
2021-06-30,NXTDIGITAL,small,750
2021-06-30,RELINFRA,small,751
2021-06-30,GIPCL,small,752
2021-06-30,VOLTAMP,small,753
2021-06-30,GTLINFRA,small,754
2021-06-30,GENUSPOWER,small,755
2021-06-30,PUNJABCHEM,small,756
2021-06-30,MMFL,small,757
2021-06-30,SMSPHARMA,small,759
2021-06-30,GANECOS,small,760
2021-06-30,WHEELS,small,761
2021-06-30,KCP,small,762
2021-06-30,PCJEWELLER,small,763
2021-06-30,JETAIRWAYS,small,764
2021-06-30,APCOTEXIND,small,765
2021-06-30,APOLLOPIPE,small,766
2021-06-30,EXCELINDUS,small,767
2021-06-30,NURECA,small,768
2021-06-30,COSMOFILMS,small,769
2021-06-30,SADBHAV,small,770
2021-06-30,IGARASHI,small,772
2021-06-30,MOLDTKPAC,small,773
2021-06-30,SEAMECLTD,small,775
2021-06-30,BFINVEST,small,776
2021-06-30,BFUTILITIE,small,777
2021-06-30,HSIL,small,778
2021-06-30,WONDERLA,small,779
2021-06-30,IFGLEXPOR,small,780
2021-06-30,DIGISPICE,small,781
2021-06-30,ASTRAMICRO,small,782
2021-06-30,ASHAPURMIN,small,783
2021-06-30,GOCLCORP,small,785
2021-06-30,KESORAMIND,small,786
2021-06-30,CIGNITITEC,small,787
2021-06-30,SANGHIIND,small,788
2021-06-30,SUVEN,small,789
2021-06-30,NRBBEARING,small,790
2021-06-30,BUTTERFLY,small,791
2021-06-30,BODALCHEM,small,792
2021-06-30,JINDWORLD,small,793
2021-06-30,BANCOINDIA,small,794
2021-06-30,KKCL,small,795
2021-06-30,MANALIPETC,small,796
2021-06-30,OPTIEMUS,small,797
2021-06-30,INDORAMA,small,798
2021-06-30,BLS,small,799
2021-06-30,GUFICBIO,small,800
2021-06-30,SSWL,small,801
2021-06-30,JISLJALEQS,small,802
2021-06-30,TIRUMALCHM,small,803
2021-06-30,MTNL,small,805
2021-06-30,VINDHYATEL,small,806
2021-06-30,HONDAPOWER,small,807
2021-06-30,INSECTICID,small,808
2021-06-30,FAIRCHEMOR,small,809
2021-06-30,HBLPOWER,small,810
2021-06-30,GLOBUSSPR,small,811
2021-06-30,SIYSIL,small,812
2021-06-30,PARAGMILK,small,813
2021-06-30,MANINFRA,small,814
2021-06-30,ESTER,small,816
2021-06-30,SHANTIGEAR,small,817
2021-06-30,SHAKTIPUMP,small,818
2021-06-30,LGBBROSLTD,small,819
2021-06-30,PNBGILTS,small,820
2021-06-30,DREDGECORP,small,821
2021-06-30,BAJAJHIND,small,822
2021-06-30,PANAMAPET,small,823
2021-06-30,ONMOBILE,small,824
2021-06-30,SESHAPAPER,small,825
2021-06-30,YAARII,small,826
2021-06-30,SHAREINDIA,small,827
2021-06-30,CLNINDIA,small,829
2021-06-30,RPSGVENT,small,831
2021-06-30,LUMAXTECH,small,832
2021-06-30,ANDHRSUGAR,small,834
2021-06-30,TNPL,small,835
2021-06-30,TIIL,small,837
2021-06-30,SHREDIGCEM,small,838
2021-06-30,EKC,small,840
2021-06-30,OCCL,small,841
2021-06-30,ACRYSIL,small,843
2021-06-30,INDIANHUME,small,844
2021-06-30,SIRCA,small,845
2021-06-30,SHANKARA,small,847
2021-06-30,NACLIND,small,849
2021-06-30,MPSLTD,small,850
2021-06-30,ANDHRAPAP,small,852
2021-06-30,THANGAMAYL,small,853
2021-06-30,AARTISURF,small,855
2021-06-30,MANGCHEFER,small,856
2021-06-30,KINGFA,small,857
2021-06-30,SNOWMAN,small,859
2021-06-30,RANEHOLDIN,small,860
2021-06-30,VISAKAIND,small,862
2021-06-30,ELECON,small,863
2021-06-30,VIDHIING,small,864
2021-06-30,PRICOLLTD,small,865
2021-06-30,AWHCL,small,867
2021-06-30,MAXVIL,small,868
2021-06-30,TAKE,small,869
2021-06-30,SMCGLOBAL,small,870
2021-06-30,TEXINFRA,small,871
2021-06-30,GFLLIMITED,small,872
2021-06-30,SATIA,small,873
2021-06-30,5PAISA,small,875
2021-06-30,TARC,small,876
2021-06-30,APTECHT,small,877
2021-06-30,EIHAHOTELS,small,878
2021-06-30,RADIOCITY,small,879
2021-06-30,FOSECOIND,small,880
2021-06-30,INDNIPPON,small,881
2021-06-30,GNA,small,882
2021-06-30,SRIPIPES,small,884
2021-06-30,IMPAL,small,885
2021-06-30,KARDA,small,887
2021-06-30,XCHANGING,small,888
2021-06-30,TTKHLTCARE,small,889
2021-06-30,RAJRATAN,small,890
2021-06-30,POWERMECH,small,891
2021-06-30,GMBREW,small,892
2021-06-30,FCL,small,893
2021-06-30,NCLIND,small,895
2021-06-30,ARSHIYA,small,896
2021-06-30,TIPSINDLTD,small,897
2021-06-30,JAYNECOIND,small,898
2021-06-30,POKARNA,small,899
2021-06-30,TAJGVK,small,900
2021-06-30,APEX,small,901
2021-06-30,FIEMIND,small,902
2021-06-30,BHAGERIA,small,903
2021-06-30,AVTNPL,small,904
2021-06-30,TEXRAIL,small,905
2021-06-30,SADBHIN,small,906
2021-06-30,DWARKESH,small,907
2021-06-30,ENIL,small,908
2021-06-30,DCW,small,909
2021-06-30,MARINE,small,910
2021-06-30,SUVIDHAA,small,911
2021-06-30,SUTLEJTEX,small,914
2021-06-30,GOLDIAM,small,915
2021-06-30,MANGLMCEM,small,917
2021-06-30,DATAMATICS,small,918
2021-06-30,STERTOOLS,small,921
2021-06-30,EMAMIPAP,small,924
2021-06-30,RGL,small,925
2021-06-30,ASALCBR,small,926
2021-06-30,KITEX,small,927
2021-06-30,KICL,small,928
2021-06-30,KELLTONTEC,small,931
2021-06-30,RPGLIFE,small,932
2021-06-30,ANUP,small,933
2021-06-30,SPENCERS,small,934
2021-06-30,SMLISUZU,small,936
2021-06-30,GICHSGFIN,small,937
2021-06-30,SPIC,small,938
2021-06-30,SUULD,small,939
2021-06-30,GAYAPROJ,small,943
2021-06-30,WENDT,small,944
2021-06-30,GRAVITA,small,945
2021-06-30,VSSL,small,946
2021-06-30,SKIPPER,small,948
2021-06-30,RIIL,small,949
2021-06-30,NSIL,small,950
2021-06-30,ZENTEC,small,951
2021-06-30,VADILALIND,small,952
2021-06-30,ALICON,small,954
2021-06-30,DYNAMATECH,small,955
2021-06-30,MUTHOOTCAP,small,956
2021-06-30,KOPRAN,small,959
2021-06-30,RBL,small,960
2021-06-30,NATHBIOGEN,small,963
2021-06-30,PATELENG,small,964
2021-06-30,BBL,small,965
2021-06-30,LIKHITHA,small,966
2021-06-30,COFFEEDAY,small,967
2021-06-30,ASIANTILES,small,968
2021-06-30,TWL,small,969
2021-06-30,UNIENTER,small,970
2021-06-30,JAYBARMARU,small,971
2021-06-30,PLASTIBLEN,small,973
2021-06-30,PGEL,small,974
2021-06-30,BALAJITELE,small,975
2021-06-30,CEREBRAINT,small,976
2021-06-30,CANTABIL,small,980
2021-06-30,MIRZAINT,small,981
2021-06-30,KOKUYOCMLN,small,982
2021-06-30,DECCANCE,small,985
2021-06-30,CENTENKA,small,986
2021-06-30,INDRAMEDCO,small,987
2021-06-30,APCL,small,988
2021-06-30,SUMMITSEC,small,989
2021-06-30,SALASAR,small,990
2021-06-30,NELCAST,small,991
2021-06-30,RCOM,small,993
2021-06-30,TNPETRO,small,995
2021-06-30,MUNJALAU,small,997
2021-06-30,UNIDT,small,998
2021-06-30,BALAXI,small,999
2021-06-30,NAVKARCORP,small,1000
2021-06-30,MUNJALSHOW,small,1001
2021-06-30,CLSEL,small,1002
2021-06-30,AMBIKCO,small,1004
2021-06-30,GULPOLY,small,1005
2021-06-30,VHL,small,1006
2021-06-30,EBIXFOREX,small,1007
2021-06-30,EXPLEOSOL,small,1008
2021-06-30,SANGHVIMOV,small,1009
2021-06-30,NECLIFE,small,1011
2021-06-30,KUANTUM,small,1016
2021-06-30,RICOAUTO,small,1017
2021-06-30,RAMKY,small,1018
2021-06-30,FEL,small,1020
2021-06-30,THEINVEST,small,1021
2021-06-30,SANDESH,small,1022
2021-06-30,ARMANFIN,small,1023
2021-06-30,CENTUM,small,1024
2021-06-30,SHALPAINTS,small,1025
2021-06-30,DBREALTY,small,1027
2021-06-30,ORIENTPPR,small,1028
2021-06-30,NITINSPIN,small,1030
2021-06-30,SATIN,small,1031
2021-06-30,STCINDIA,small,1033
2021-06-30,MONTECARLO,small,1037
2021-06-30,HTMEDIA,small,1038
2021-06-30,TDPOWERSYS,small,1039
2021-06-30,LINCOLN,small,1040
2021-06-30,UNIVCABLES,small,1041
2021-06-30,UNITECH,small,1042
2021-06-30,ADORWELD,small,1043
2021-06-30,SASTASUNDR,small,1044
2021-06-30,EVERESTIND,small,1045
2021-06-30,ALLSEC,small,1047
2021-06-30,BINDALAGRO,small,1048
2021-06-30,AVADHSUGAR,small,1049
2021-06-30,MANINDS,small,1050
2021-06-30,HMVL,small,1051
2021-06-30,KABRAEXTRU,small,1052
2021-06-30,VISHWARAJ,small,1053
2021-06-30,ORIENTHOT,small,1054
2021-06-30,NELCO,small,1055
2021-06-30,TFCILTD,small,1056
2021-06-30,DYNPRO,small,1057
2021-06-30,TBZ,small,1058
2021-06-30,AJMERA,small,1059
2021-06-30,INDSWFTLAB,small,1062
2021-06-30,NBIFIN,small,1067
2021-06-30,SHREEPUSHK,small,1068
2021-06-30,JAYAGROGN,small,1069
2021-06-30,BCG,small,1072
2021-06-30,UTTAMSUGAR,small,1075
2021-06-30,INFOBEAN,small,1077
2021-06-30,RML,small,1078
2021-06-30,RSWM,small,1079
2021-06-30,SRHHYPOLTD,small,1080
2021-06-30,SORILINFRA,small,1081
2021-06-30,PRECAM,small,1082
2021-06-30,CONTROLPR,small,1083
2021-06-30,SPAL,small,1084
2021-06-30,SHRIRAMEPC,small,1088
2021-06-30,MADRASFERT,small,1090
2021-06-30,HEXATRADEX,small,1091
2021-06-30,VIMTALABS,small,1092
2021-06-30,REPRO,small,1093
2021-06-30,ROSSELLIND,small,1094
2021-06-30,KANORICHEM,small,1095
2021-06-30,HINDCOMPOS,small,1096
2021-06-30,PRECWIRE,small,1097
2021-06-30,HLVLTD,small,1099
2021-06-30,SAKSOFT,small,1100
2021-06-30,STEELXIND,small,1101
2021-06-30,TI,small,1103
2021-06-30,IFBAGRO,small,1107
2021-06-30,GALLANTT,small,1108
2021-06-30,V2RETAIL,small,1109
2021-06-30,MAHEPC,small,1110
2021-06-30,GOKEX,small,1111
2021-06-30,ZUARI,small,1112
2021-06-30,DVL,small,1113
2021-06-30,NAHARSPING,small,1118
2021-06-30,JAIBALAJI,small,1119
2021-06-30,NAGAFERT,small,1121
2021-06-30,SBCL,small,1122
2021-06-30,PGIL,small,1124
2021-06-30,ATULAUTO,small,1126
2021-06-30,XELPMOC,small,1127
2021-06-30,ZEELEARN,small,1129
2021-06-30,HERCULES,small,1131
2021-06-30,KAYA,small,1132
2021-06-30,RUSHIL,small,1134
2021-06-30,JASH,small,1137
2021-06-30,DLINKINDIA,small,1138
2021-06-30,NRAIL,small,1139
2021-06-30,SREINFRA,small,1140
2021-06-30,BIRLATYRE,small,1141
2021-06-30,ZOTA,small,1143
2021-06-30,THEMISMED,small,1145
2021-06-30,63MOONS,small,1149
2021-06-30,FSC,small,1150
2021-06-30,KAMDHENU,small,1151
2021-06-30,JUBLINDS,small,1154
2021-06-30,TCPLPACK,small,1155
2021-06-30,VLSFINANCE,small,1156
2021-06-30,GANDHITUBE,small,1157
2021-06-30,BLKASHYAP,small,1158
2021-06-30,HITECH,small,1159
2021-06-30,URJA,small,1160
2021-06-30,DICIND,small,1162
2021-06-30,PARSVNATH,small,1165
2021-06-30,MANAKSIA,small,1168
2021-06-30,ASAHISONG,small,1169
2021-06-30,CYBERTECH,small,1171
2021-06-30,DHANBANK,small,1172
2021-06-30,SREEL,small,1173
2021-06-30,SANGAMIND,small,1175
2021-06-30,AKASH,small,1176
2021-06-30,GVKPIL,small,1178
2021-06-30,NDTV,small,1179
2021-06-30,BGRENERGY,small,1180
2021-06-30,ORICONENT,small,1181
2021-06-30,ARVSMART,small,1183
2021-06-30,PROZONINTU,small,1187
2021-06-30,HITECHGEAR,small,1188
2021-06-30,MSPL,small,1189
2021-06-30,KDDL,small,1191
2021-06-30,GOKULAGRO,small,1192
2021-06-30,MAXIND,small,1193
2021-06-30,ORIENTBELL,small,1194
2021-06-30,HCL-INSYS,small,1196
2021-06-30,MEP,small,1198
2021-06-30,ZEEMEDIA,small,1199
2021-06-30,VISHNU,small,1200
2021-06-30,MIRCELECTR,small,1201
2021-06-30,GSCLCEMENT,small,1202
2021-06-30,REPL,small,1203
2021-06-30,BCLIND,small,1204
2021-06-30,VIPULLTD,small,1205
2021-06-30,MENONBE,small,1207
2021-06-30,RELCAPITAL,small,1209
2021-06-30,UCALFUEL,small,1210
2021-06-30,BAFNAPH,small,1211
2021-06-30,SCHAND,small,1212
2021-06-30,RUBYMILLS,small,1215
2021-06-30,VENUSREM,small,1217
2021-06-30,GKWLIMITED,small,1218
2021-06-30,VARDHACRLC,small,1219
2021-06-30,PPAP,small,1220
2021-06-30,SWELECTES,small,1221
2021-06-30,ARTEMISMED,small,1222
2021-06-30,MARATHON,small,1223
2021-06-30,VASCONEQ,small,1226
2021-06-30,HPL,small,1227
2021-06-30,PILITA,small,1228
2021-06-30,ASHIMASYN,small,1230
2021-06-30,LASA,small,1231
2021-06-30,GANESHHOUC,small,1233
2021-06-30,PENIND,small,1234
2021-06-30,IWEL,small,1235
2021-06-30,PPL,small,1238
2021-06-30,CUPID,small,1241
2021-06-30,HINDNATGLS,small,1242
2021-06-30,GENESYS,small,1244
2021-06-30,GOACARBON,small,1246
2021-06-30,ORIENTABRA,small,1247
2021-06-30,VERTOZ,small,1250
2021-06-30,NAHARPOLY,small,1252
2021-06-30,NIPPOBATRY,small,1253
2021-06-30,KHAICHEM,small,1254
2021-06-30,JINDRILL,small,1256
2021-06-30,AURIONPRO,small,1257
2021-06-30,KHADIM,small,1259
2021-06-30,HARRMALAYA,small,1260
2021-06-30,MAHESHWARI,small,1262
2021-06-30,PTL,small,1263
2021-06-30,JPINFRATEC,small,1264
2021-06-30,BRFL,small,1267
2021-06-30,TRIL,small,1270
2021-06-30,GUJAPOLLO,small,1272
2021-06-30,ZUARIGLOB,small,1274
2021-06-30,DPABHUSHAN,small,1275
2021-06-30,SECURKLOUD,small,1277
2021-06-30,AYMSYNTEX,small,1278
2021-06-30,TALBROAUTO,small,1281
2021-06-30,AHLWEST,small,1284
2021-06-30,BRNL,small,1285
2021-06-30,CREST,small,1289
2021-06-30,HDIL,small,1291
2021-06-30,TRIGYN,small,1292
2021-06-30,CAREERP,small,1293
2021-06-30,CHEMBOND,small,1294
2021-06-30,TVSELECT,small,1296
2021-06-30,ADVANIHOTR,small,1297
2021-06-30,MCLEODRUSS,small,1298
2021-06-30,WALCHANNAG,small,1299
2021-06-30,BIRLAMONEY,small,1300
2021-06-30,VIKASLIFE,small,1303
2021-06-30,HITECHCORP,small,1304
2021-06-30,JAGSNPHARM,small,1306
2021-06-30,LINCPEN,small,1307
2021-06-30,ALBERTDAVD,small,1312
2021-06-30,ALANKIT,small,1315
2021-06-30,SARLAPOLY,small,1319
2021-06-30,EROSMEDIA,small,1320
2021-06-30,RNAVAL,small,1322
2021-06-30,MCL,small,1323
2021-06-30,SPTL,small,1324
2021-06-30,ADSL,small,1325
2021-06-30,PDMJEPAPER,small,1328
2021-06-30,UGARSUGAR,small,1329
2021-06-30,SHEMAROO,small,1331
2021-06-30,SINTEX,small,1332
2021-06-30,PITTIENG,small,1334
2021-06-30,AIRAN,small,1335
2021-06-30,VINYLINDIA,small,1336
2021-06-30,RAMANEWS,small,1339
2021-06-30,LIBERTSHOE,small,1340
2021-06-30,GULFPETRO,small,1342
2021-06-30,KOTARISUG,small,1345
2021-06-30,HIRECT,small,1346
2021-06-30,REFEX,small,1347
2021-06-30,ZODIACLOTH,small,1348
2021-06-30,UFO,small,1352
2021-06-30,KREBSBIO,small,1354
2021-06-30,BHARATWIRE,small,1355
2021-06-30,VETO,small,1356
2021-06-30,JAYSREETEA,small,1358
2021-06-30,APOLLO,small,1359
2021-06-30,SDBL,small,1360
2021-06-30,MMP,small,1361
2021-06-30,KANPRPLA,small,1362
2021-06-30,WANBURY,small,1363
2021-06-30,OMINFRAL,small,1364
2021-06-30,SILINV,small,1368
2021-06-30,AXISCADES,small,1369
2021-06-30,SETCO,small,1370
2021-06-30,SHREYAS,small,1371
2021-06-30,AKSHARCHEM,small,1374
2021-06-30,INVENTURE,small,1375
2021-06-30,BIL,small,1376
2021-06-30,ARIHANTSUP,small,1377
2021-06-30,BASML,small,1378
2021-06-30,PODDARMENT,small,1379
2021-06-30,GEECEE,small,1381
2021-06-30,ARIHANTCAP,small,1382
2021-06-30,MODIRUBBER,small,1383
2021-06-30,SPECIALITY,small,1384
2021-06-30,KOTHARIPRO,small,1385
2021-06-30,MBLINFRA,small,1387
2021-06-30,ANDHRACEMT,small,1389
2021-06-30,GOKUL,small,1392
2021-06-30,UNIVPHOTO,small,1395
2021-06-30,DEEPINDS,small,1397
2021-06-30,NAHARINDUS,small,1399
2021-06-30,MAZDA,small,1403
2021-06-30,BANSWRAS,small,1404
2021-06-30,MAGADSUGAR,small,1405
2021-06-30,DTIL,small,1406
2021-06-30,ASTRON,small,1407
2021-06-30,NILAINFRA,small,1408
2021-06-30,SHIVAMAUTO,small,1409
2021-06-30,KCPSUGIND,small,1410
2021-06-30,PENINLAND,small,1411
2021-06-30,SIMPLEXINF,small,1414
2021-06-30,SALZERELEC,small,1415
2021-06-30,ONWARDTEC,small,1416
2021-06-30,BIRLACABLE,small,1417
2021-06-30,SELAN,small,1418
2021-06-30,KRISHANA,small,1419
2021-06-30,EIMCOELECO,small,1422
2021-06-30,GENUSPAPER,small,1425
2021-06-30,SINTERCOM,small,1428
2021-06-30,ABAN,small,1429
2021-06-30,MANGALAM,small,1431
2021-06-30,GENCON,small,1432
2021-06-30,DHUNINV,small,1433
2021-06-30,SHIVATEX,small,1435
2021-06-30,MAJESCO,small,1436
2021-06-30,ROHLTD,small,1440
2021-06-30,GOODLUCK,small,1442
2021-06-30,CHEMFAB,small,1443
2021-06-30,ESSARSHPNG,small,1444
2021-06-30,ISMTLTD,small,1445
2021-06-30,STARPAPER,small,1448
2021-06-30,MODISNME,small,1449
2021-06-30,AGARIND,small,1451
2021-06-30,SAKAR,small,1455
2021-06-30,RANEENGINE,small,1457
2021-06-30,CEBBCO,small,1458
2021-06-30,AHLEAST,small,1459
2021-06-30,RAJTV,small,1460
2021-06-30,CONSOFINVT,small,1461
2021-06-30,VIVIMEDLAB,small,1462
2021-06-30,PARACABLES,small,1463
2021-06-30,BROOKS,small,1464
2021-06-30,MBAPL,small,1465
2021-06-30,NAHARCAP,small,1466
2021-06-30,GREENPOWER,small,1470
2021-06-30,ORBTEXP,small,1474
2021-06-30,WINDMACHIN,small,1475
2021-06-30,RANASUG,small,1476
2021-06-30,DONEAR,small,1477
2021-06-30,EMKAY,small,1479
2021-06-30,SMSLIFE,small,1480
2021-06-30,TIL,small,1481
2021-06-30,KILITCH,small,1484
2021-06-30,KOTHARIPET,small,1485
2021-06-30,REVATHI,small,1488
2021-06-30,FCSSOFT,small,1492
2021-06-30,INSPIRISYS,small,1495
2021-06-30,NDL,small,1499
2021-06-30,DPWIRES,small,1500
2021-06-30,GINNIFILA,small,1501
2021-06-30,DCMNVL,small,1502
2021-06-30,MAWANASUG,small,1504
2021-06-30,NITCO,small,1505
2021-06-30,BALLARPUR,small,1506
2021-06-30,APOLSINHOT,small,1511
2021-06-30,RUCHIRA,small,1512
2021-06-30,SHRENIK,small,1520
2021-06-30,PREMEXPLN,small,1523
2021-06-30,KAKATCEM,small,1524
2021-06-30,NIRAJ,small,1525
2021-06-30,UNITEDTEA,small,1529
2021-06-30,20MICRONS,small,1530
2021-06-30,STEL,small,1534
2021-06-30,MANAKSTEEL,small,1535
2021-06-30,SKMEGGPROD,small,1537
2021-06-30,BSHSL,small,1538
2021-06-30,IVC,small,1539
2021-06-30,ELECTHERM,small,1541
2021-06-30,EMMBI,small,1543
2021-06-30,CAPTRUST,small,1544
2021-06-30,DENORA,small,1546
2021-06-30,PIONDIST,small,1548
2021-06-30,HINDMOTORS,small,1550
2021-06-30,ELGIRUBCO,small,1551
2021-06-30,RKEC,small,1552
2021-06-30,JOCIL,small,1554
2021-06-30,PONNIERODE,small,1557
2021-06-30,SHYAMCENT,small,1560
2021-06-30,EMAMIREAL,small,1563
2021-06-30,OSWALAGRO,small,1564
2021-06-30,TPLPLASTEH,small,1565
2021-06-30,IRISDOREME,small,1566
2021-06-30,KMSUGAR,small,1567
2021-06-30,RPPINFRA,small,1568
2021-06-30,PRECOT,small,1570
2021-06-30,RUCHINFRA,small,1572
2021-06-30,DANGEE,small,1575
2021-06-30,SUPERHOUSE,small,1578
2021-06-30,SEYAIND,small,1580
2021-06-30,BIGBLOC,small,1581
2021-06-30,JBFIND,small,1582
2021-06-30,JHS,small,1583
2021-06-30,RHFL,small,1585
2021-06-30,BHAGYANGR,small,1587
2021-06-30,UMANGDAIRY,small,1588
2021-06-30,LOVABLE,small,1590
2021-06-30,ASIANHOTNR,small,1591
2021-06-30,JMTAUTOLTD,small,1592
2021-06-30,ASPINWALL,small,1593
2021-06-30,INDTERRAIN,small,1594
2021-06-30,SAKUMA,small,1595
2021-06-30,WELINV,small,1597
2021-06-30,MBECL,small,1598
2021-06-30,ALPHAGEO,small,1600
2021-06-30,BIOFILCHEM,small,1602
2021-06-30,IITL,small,1604
2021-06-30,LSIL,small,1605
2021-06-30,HUBTOWN,small,1610
2021-06-30,MARALOVER,small,1612
2021-06-30,WEBELSOLAR,small,1613
2021-06-30,OPTOCIRCUI,small,1615
2021-06-30,MAHASTEEL,small,1616
2021-06-30,MOLDTECH,small,1617
2021-06-30,BPL,small,1618
2021-06-30,ANMOL,small,1619
2021-06-30,SAKHTISUG,small,1621
2021-06-30,AAKASH,small,1623
2021-06-30,GPTINFRA,small,1625
2021-06-30,GTL,small,1626
2021-06-30,WEALTH,small,1630
2021-06-30,NDRAUTO,small,1632
2021-06-30,MINDTECK,small,1635
2021-06-30,ARIES,small,1636
2021-06-30,AHLADA,small,1640
2021-06-30,RAMASTEEL,small,1641
2021-06-30,PRAXIS,small,1643
2021-06-30,DEEPENR,small,1648
2021-06-30,ROML,small,1651
2021-06-30,RVHL,small,1653
2021-06-30,TEMBO,small,1655
2021-06-30,SHREYANIND,small,1657
2021-06-30,COMPINFO,small,1661
2021-06-30,ARROWGREEN,small,1664
2021-06-30,TCIDEVELOP,small,1665
2021-06-30,SOUTHWEST,small,1666
2021-06-30,VIPCLOTHNG,small,1668
2021-06-30,CREATIVE,small,1673
2021-06-30,PRIMESECU,small,1674
2021-06-30,NOIDATOLL,small,1676
2021-06-30,ICEMAKE,small,1677
2021-06-30,GRPLTD,small,1679
2021-06-30,ANSALAPI,small,1682
2021-06-30,SUNDRMBRAK,small,1683
2021-06-30,PODDARHOUS,small,1685
2021-06-30,CLEDUCATE,small,1686
2021-06-30,ISFT,small,1688
2021-06-30,PIONEEREMB,small,1689
2021-06-30,INDOTECH,small,1691
2021-06-30,SMARTLINK,small,1693
2021-06-30,MAANALU,small,1694
2021-06-30,MGEL,small,1695
2021-06-30,SPLIL,small,1700
2021-06-30,MURUDCERA,small,1702
2021-06-30,IVP,small,1704
2021-06-30,INCREDIBLE,small,1705
2021-06-30,DUCON,small,1706
2021-06-30,AKSHOPTFBR,small,1707
2021-06-30,MAHAPEXLTD,small,1708
2021-06-30,TTL,small,1713
2021-06-30,TRF,small,1714
2021-06-30,LYKALABS,small,1715
2021-06-30,CINELINE,small,1720
2021-06-30,UTTAMSTL,small,1723
2021-06-30,AUTOIND,small,1725
2021-06-30,AMJLAND,small,1727
2021-06-30,BALPHARMA,small,1729
2021-06-30,CORALFINAC,small,1731
2021-06-30,SIGIND,small,1732
2021-06-30,GROBTEA,small,1733
2021-06-30,PALREDTEC,small,1737
2021-06-30,GAMMNINFRA,small,1742
2021-06-30,KECL,small,1743
2021-06-30,INTENTECH,small,1744
2021-06-30,LGBFORGE,small,1745
2021-06-30,MACPOWER,small,1748
2021-06-30,DRCSYSTEMS,small,1755
2021-06-30,SIL,small,1760
2021-06-30,OMAXAUTO,small,1764
2021-06-30,RAJMET,small,1766
2021-06-30,SITINET,small,1770
2021-06-30,ALPA,small,1772
2021-06-30,KAPSTON,small,1773
2021-06-30,JMA,small,1775
2021-06-30,GSS,small,1776
2021-06-30,FMNL,small,1786
2021-06-30,TEXMOPIPES,small,1788
2021-06-30,TOUCHWOOD,small,1791
2021-06-30,WORTH,small,1793
2021-06-30,GILLANDERS,small,1796
2021-06-30,VISASTEEL,small,1806
2021-06-30,ARVEE,small,1807
2021-06-30,NDGL,small,1810
2021-06-30,PREMIERPOL,small,1811
2021-06-30,BYKE,small,1816
2021-06-30,BHAGYAPROP,small,1819
2021-06-30,REMSONSIND,small,1820
2021-06-30,KAMATHOTEL,small,1823
2021-06-30,ACCURACY,small,1827
2021-06-30,LOTUSEYE,small,1828
2021-06-30,ORIENTLTD,small,1829
2021-06-30,XPROINDIA,small,1832
2021-06-30,INDOSOLAR,small,1834
2021-06-30,GEEKAYWIRE,small,1835
2021-06-30,INDIANCARD,small,1837
2021-06-30,SICAL,small,1838
2021-06-30,MANAKCOAT,small,1839
2021-06-30,CCHHL,small,1841
2021-06-30,IZMO,small,1843
2021-06-30,ROLTA,small,1846
2021-06-30,ROLLT,small,1848
2021-06-30,WEIZMANIND,small,1851
2021-06-30,IL&FSTRANS,small,1855
2021-06-30,GOLDENTOBC,small,1860
2021-06-30,DSSL,small,1862
2021-06-30,VIKASECO,small,1863
2021-06-30,A2ZINFRA,small,1870
2021-06-30,MANAKALUCO,small,1875
2021-06-30,AUSOMENT,small,1876
2021-06-30,MOTOGENFIN,small,1878
2021-06-30,ALMONDZ,small,1879
2021-06-30,AARVI,small,1881
2021-06-30,BHARATGEAR,small,1882
2021-06-30,COMPUSOFT,small,1885
2021-06-30,TOTAL,small,1900
2021-06-30,RSSOFTWARE,small,1901
2021-06-30,LOKESHMACH,small,1902
2021-06-30,TOKYOPLAST,small,1904
2021-06-30,ATLANTA,small,1906
2021-06-30,AROGRANITE,small,1907
2021-06-30,SUPREMEENG,small,1909
2021-06-30,ARCHIDPLY,small,1913
2021-06-30,DAMODARIND,small,1915
2021-06-30,MUKTAARTS,small,1919
2021-06-30,SICAGEN,small,1924
2021-06-30,SUNDARAM,small,1926
2021-06-30,SKIL,small,1927
2021-06-30,CMICABLES,small,1929
2021-06-30,SURANAT&P,small,1931
2021-06-30,TARMAT,small,1937
2021-06-30,BANKA,small,1941
2021-06-30,SAGARDEEP,small,1946
2021-06-30,SRPL,small,1947
2021-06-30,BEDMUTHA,small,1949
2021-06-30,PKTEA,small,1953
2021-06-30,CTE,small,1956
2021-06-30,NILASPACES,small,1957
2021-06-30,KALYANIFRG,small,1961
2021-06-30,PRAENG,small,1962
2021-06-30,TAINWALCHM,small,1967
2021-06-30,SHREERAMA,small,1971
2021-06-30,GANGESSECU,small,1979
2021-06-30,AKG,small,1981
2021-06-30,GLOBALVECT,small,1983
2021-06-30,INDBANK,small,1991
2021-06-30,LIBAS,small,1993
2021-06-30,PANACHE,small,1997
2021-06-30,AARON,small,1998
2021-06-30,PUNJLLOYD,small,2000
2021-06-30,DGCONTENT,small,2004
2021-06-30,ASAL,small,2005
2021-06-30,JYOTISTRUC,small,2013
2021-06-30,ABMINTLTD,small,2014
2021-06-30,SANWARIA,small,2017
2021-06-30,CORDSCABLE,small,2018
2021-06-30,HISARMETAL,small,2020
2021-06-30,GLOBE,small,2021
2021-06-30,MTEDUCARE,small,2023
2021-06-30,STEELCITY,small,2025
2021-06-30,HOVS,small,2026
2021-06-30,ARSSINFRA,small,2027
2021-06-30,SURYALAXMI,small,2028
2021-06-30,MCDHOLDING,small,2030
2021-06-30,ALKALI,small,2031
2021-06-30,UJAAS,small,2032
2021-06-30,IMAGICAA,small,2035
2021-06-30,PRESSMN,small,2036
2021-06-30,PATINTLOG,small,2043
2021-06-30,TERASOFT,small,2044
2021-06-30,KERNEX,small,2051
2021-06-30,RAJSREESUG,small,2052
2021-06-30,BAGFILMS,small,2058
2021-06-30,MRO-TEK,small,2059
2021-06-30,VISESHINFO,small,2063
2021-06-30,DCM,small,2065
2021-06-30,MORARJEE,small,2067
2021-06-30,LAMBODHARA,small,2069
2021-06-30,PALASHSECU,small,2072
2021-06-30,MOKSH,small,2076
2021-06-30,FLEXITUFF,small,2081
2021-06-30,CINEVISTA,small,2083
2021-06-30,VINEETLAB,small,2084
2021-06-30,SALONA,small,2096
2021-06-30,JINDALPHOT,small,2100
2021-06-30,ENERGYDEV,small,2103
2021-06-30,SAMBHAAV,small,2105
2021-06-30,NITIRAJ,small,2107
2021-06-30,SHRADHA,small,2108
2021-06-30,GLOBAL,small,2109
2021-06-30,MEGASOFT,small,2113
2021-06-30,NECCLTD,small,2114
2021-06-30,KANANIIND,small,2120
2021-06-30,SURANASOL,small,2123
2021-06-30,IL&FSENGG,small,2126
2021-06-30,MALUPAPER,small,2131
2021-06-30,WIPL,small,2140
2021-06-30,PNC,small,2141
2021-06-30,MADHAV,small,2148
2021-06-30,INDOTHAI,small,2149
2021-06-30,AARVEEDEN,small,2150
2021-06-30,GOENKA,small,2152
2021-06-30,SOMICONVEY,small,2162
2021-06-30,GODHA,small,2173
2021-06-30,SPMLINFRA,small,2177
2021-06-30,CENTEXT,small,2178
2021-06-30,KEYFINSERV,small,2179
2021-06-30,SIMBHALS,small,2180
2021-06-30,SILGO,small,2181
2021-06-30,SUMEETINDS,small,2182
2021-06-30,ANIKINDS,small,2187
2021-06-30,ARCHIES,small,2197
2021-06-30,TREJHARA,small,2201
2021-06-30,VAISHALI,small,2208
2021-06-30,SHIVAMILLS,small,2213
2021-06-30,BVCL,small,2216
2021-06-30,KRIDHANINF,small,2221
2021-06-30,SANGINITA,small,2223
2021-06-30,BHANDARI,small,2224
2021-06-30,UNIVASTU,small,2227
2021-06-30,BSL,small,2230
2021-06-30,ONEPOINT,small,2231
2021-06-30,GAL,small,2233
2021-06-30,ZENITHEXPO,small,2234
2021-06-30,MADHUCON,small,2236
2021-06-30,VARDMNPOLY,small,2240
2021-06-30,INDOWIND,small,2244
2021-06-30,BANG,small,2251
2021-06-30,AMDIND,small,2262
2021-06-30,NIBL,small,2264
2021-06-30,MANUGRAPH,small,2266
2021-06-30,EDUCOMP,small,2274
2021-06-30,SUPREMEINF,small,2275
2021-06-30,AJOONI,small,2277
2021-06-30,ANSALHSG,small,2282
2021-06-30,DBSTOCKBRO,small,2289
2021-06-30,SALSTEEL,small,2298
2021-06-30,BANARBEADS,small,2305
2021-06-30,DELTAMAGNT,small,2332
2021-06-30,MERCATOR,small,2333
2021-06-30,CUBEXTUB,small,2343
2021-06-30,BLBLIMITED,small,2348
2021-06-30,JPOLYINVST,small,2355
2021-06-30,NEXTMEDIA,small,2357
2021-06-30,TREEHOUSE,small,2366
2021-06-30,LPDC,small,2370
2021-06-30,OISL,small,2378
2021-06-30,TIMESGTY,small,2383
2021-06-30,SUMIT,small,2390
2021-06-30,ORTINLAB,small,2394
2021-06-30,VASWANI,small,2396
2021-06-30,BEARDSELL,small,2398
2021-06-30,AMBICAAGAR,small,2412
2021-06-30,SUPERSPIN,small,2416
2021-06-30,CELEBRITY,small,2417
2021-06-30,ROHITFERRO,small,2420
2021-06-30,TIRUPATIFL,small,2421
2021-06-30,DHARSUGAR,small,2423
2021-06-30,TMRVL,small,2429
2021-06-30,VIVIDHA,small,2442
2021-06-30,AUTOLITIND,small,2446
2021-06-30,STAMPEDE,small,2471
2021-06-30,PEARLPOLY,small,2476
2021-06-30,GUJRAFFIA,small,2481
2021-06-30,DIAPOWER,small,2491
2021-06-30,SGL,small,2495
2021-06-30,OILCOUNTUB,small,2501
2021-06-30,AGROPHOS,small,2502
2021-06-30,JITFINFRA,small,2505
2021-06-30,METALFORGE,small,2520
2021-06-30,COX&KINGS,small,2531
2021-06-30,NAGREEKEXP,small,2537
2021-06-30,EXCEL,small,2543
2021-06-30,KEERTI,small,2546
2021-06-30,ORIENTALTL,small,2562
2021-06-30,INDSWFTLTD,small,2573
2021-06-30,LFIC,small,2575
2021-06-30,RMCL,small,2589
2021-06-30,SILLYMONKS,small,2590
2021-06-30,BURNPUR,small,2594
2021-06-30,AGRITECH,small,2600
2021-06-30,BALKRISHNA,small,2608
2021-06-30,WILLAMAGOR,small,2612
2021-06-30,LCCINFOTEC,small,2615
2021-06-30,RKDL,small,2622
2021-06-30,TIJARIA,small,2639
2021-06-30,COUNCODOS,small,2646
2021-06-30,GOLDTECH,small,2652
2021-06-30,NITINFIRE,small,2659
2021-06-30,CASTEXTECH,small,2668
2021-06-30,ATLASCYCLE,small,2677
2021-06-30,MUKANDENGG,small,2682
2021-06-30,SHAHALLOYS,small,2685
2021-06-30,MANGTIMBER,small,2697
2021-06-30,SHIRPUR-G,small,2698
2021-06-30,NATNLSTEEL,small,2700
2021-06-30,SEPOWER,small,2701
2021-06-30,MAGNUM,small,2709
2021-06-30,EASTSILK,small,2714
2021-06-30,3PLAND,small,2722
2021-06-30,OMKARCHEM,small,2724
2021-06-30,ARCOTECH,small,2725
2021-06-30,SOMATEX,small,2736
2021-06-30,ARIHANT,small,2737
2021-06-30,INFOMEDIA,small,2740
2021-06-30,CCCL,small,2744
2021-06-30,KARMAENG,small,2752
2021-06-30,KHANDSE,small,2755
2021-06-30,ANKITMETAL,small,2764
2021-06-30,TNTELE,small,2765
2021-06-30,ADROITINFO,small,2769
2021-06-30,PATSPINLTD,small,2772
2021-06-30,SPCENET,small,2794
2021-06-30,GAYAHWS,small,2817
2021-06-30,ADL,small,2818
2021-06-30,TGBHOTELS,small,2843
2021-06-30,SPYL,small,2848
2021-06-30,PRAKASHSTL,small,2854
2021-06-30,DNAMEDIA,small,2856
2021-06-30,CALSOFT,small,2874
2021-06-30,SATHAISPAT,small,2883
2021-06-30,BILENERGY,small,2893
2021-06-30,ZODJRDMKJ,small,2895
2021-06-30,HILTON,small,2911
2021-06-30,21STCENMGM,small,2916
2021-06-30,LYPSAGEMS,small,2925
2021-06-30,CYBERMEDIA,small,2933
2021-06-30,ZENITHSTL,small,2942
2021-06-30,CANDC,small,2951
2021-06-30,INDLMETER,small,2963
2021-06-30,NKIND,small,2966
2021-06-30,WSI,small,2967
2021-06-30,EMCO,small,2972
2021-06-30,PBAINFRA,small,2973
2021-06-30,SHYAMTEL,small,2975
2021-06-30,MITTAL,small,2979
2021-06-30,SANCO,small,3021
2021-06-30,VICEROY,small,3025
2021-06-30,SETUINFRA,small,3028
2021-06-30,MOHOTAIND,small,3039
2021-06-30,S&SPOWER,small,3055
2021-06-30,MOHITIND,small,3070
2021-06-30,UMESLTD,small,3098
2021-06-30,INTEGRA,small,3100
2021-06-30,HBSL,small,3101
2021-06-30,PREMIER,small,3122
2021-06-30,BARTRONICS,small,3149
2021-06-30,ONELIFECAP,small,3156
2021-06-30,PDPL,small,3160
2021-06-30,HAVISHA,small,3164
2021-06-30,MASKINVEST,small,3193
2021-06-30,BSELINFRA,small,3211
2021-06-30,KHAITANLTD,small,3260
2021-06-30,DQE,small,3270
2021-06-30,JINDCOT,small,3284
2021-06-30,TANTIACONS,small,3306
2021-06-30,RAJRAYON,small,3320
2021-06-30,NAGREEKCAP,small,3321
2021-06-30,IMPEXFERRO,small,3326
2021-06-30,TECHNOFAB,small,3331
2021-06-30,ALPSINDUS,small,3341
2021-06-30,EASUNREYRL,small,3356
2021-06-30,SPENTEX,small,3362
2021-06-30,TARAPUR,small,3399
2021-06-30,TVVISION,small,3405
2021-06-30,TFL,small,3427
2021-06-30,VIJIFIN,small,3435
2021-06-30,TCIFINANCE,small,3439
2021-06-30,SUBCAPCITY,small,3453
2021-06-30,GTNTEX,small,3455
2021-06-30,ZICOM,small,3459
2021-06-30,EUROTEXIND,small,3467
2021-06-30,BKMINDST,small,3473
2021-06-30,GLFL,small,3478
2021-06-30,SABTN,small,3499
2021-06-30,GFSTEELS,small,3509
2021-06-30,NIRAJISPAT,small,3510
2021-06-30,PAEL,small,3523
2021-06-30,BLUECOAST,small,3532
2021-06-30,ANTGRAPHIC,small,3564
2021-06-30,CREATIVEYE,small,3580
2021-06-30,KAUSHALYA,small,3598
2021-06-30,KALYANI,small,3611
2021-06-30,CHROMATIC,small,3622
2021-06-30,DALALSTCOM,small,3660
2021-06-30,TECHIN,small,3669
2021-06-30,NTL,small,3685
2021-06-30,ALCHEM,small,3693
2021-06-30,LAKPRE,small,3700
2021-06-30,NORBTEAEXP,small,3712
2021-06-30,TALWALKARS,small,3747
2021-06-30,RADAAN,small,3788
2021-06-30,PRADIP,small,3795
2021-06-30,RAJVIR,small,3945
2021-06-30,JAINSTUDIO,small,3975
2021-06-30,ARENTERP,small,3979
2021-06-30,ORTEL,small,4006
2021-06-30,KAVVERITEL,small,4016
2021-06-30,JIKIND,small,4017
2021-06-30,REGENCERAM,small,4040
2021-06-30,DCMFINSERV,small,4047
2021-06-30,TALWGYM,small,4054
2021-06-30,RAMSARUP,small,4061
2021-06-30,MELSTAR,small,4144
2021-06-30,EUROMULTI,small,4147
2021-06-30,CKFSL,small,4249
2021-06-30,THOMASCOTT,small,4275
2021-06-30,QUINTEGRA,small,4286
2021-06-30,GANGOTRI,small,4287
2021-06-30,GISOLUTION,small,4301
2021-06-30,BGLOBAL,small,4403
2021-06-30,BLUECHIP,small,4454
2021-06-30,PROINDIA,small,4460
2021-06-30,HOTELRUGBY,small,4492
2021-06-30,SABEVENTS,small,4593
2021-06-30,ATNINTER,small,4813
2021-12-31,RELIANCE,large,1
2021-12-31,TCS,large,2
2021-12-31,HDFCBANK,large,3
2021-12-31,INFY,large,4
2021-12-31,HINDUNILVR,large,5
2021-12-31,ICICIBANK,large,6
2021-12-31,HDFC,large,7
2021-12-31,BAJFINANCE,large,8
2021-12-31,SBIN,large,9
2021-12-31,BHARTIARTL,large,10
2021-12-31,KOTAKBANK,large,11
2021-12-31,WIPRO,large,12
2021-12-31,HCLTECH,large,13
2021-12-31,ASIANPAINT,large,14
2021-12-31,DMART,large,15
2021-12-31,ITC,large,16
2021-12-31,BAJAJFINSV,large,17
2021-12-31,LT,large,18
2021-12-31,AXISBANK,large,19
2021-12-31,MARUTI,large,20
2021-12-31,ULTRACEMCO,large,21
2021-12-31,TITAN,large,22
2021-12-31,SUNPHARMA,large,23
2021-12-31,ADANIGREEN,large,25
2021-12-31,ONGC,large,26
2021-12-31,ADANIENT,large,27
2021-12-31,ADANITRANS,large,28
2021-12-31,JSWSTEEL,large,29
2021-12-31,TATASTEEL,large,30
2021-12-31,ATGL,large,31
2021-12-31,ADANIPORTS,large,32
2021-12-31,HDFCLIFE,large,33
2021-12-31,TECHM,large,34
2021-12-31,TATAMOTORS,large,35
2021-12-31,HINDZINC,large,36
2021-12-31,POWERGRID,large,37
2021-12-31,DIVISLAB,large,38
2021-12-31,NTPC,large,39
2021-12-31,PIDILITIND,large,40
2021-12-31,VEDL,large,41
2021-12-31,SBILIFE,large,42
2021-12-31,IOC,large,43
2021-12-31,ZOMATO,large,44
2021-12-31,GRASIM,large,45
2021-12-31,BAJAJ-AUTO,large,46
2021-12-31,DABUR,large,47
2021-12-31,NYKAA,large,48
2021-12-31,M&M,large,49
2021-12-31,LTI,large,50
2021-12-31,GODREJCP,large,51
2021-12-31,HINDALCO,large,52
2021-12-31,SHREECEM,large,53
2021-12-31,PAYTM,large,54
2021-12-31,SBICARD,large,55
2021-12-31,COALINDIA,large,56
2021-12-31,BPCL,large,57
2021-12-31,DLF,large,58
2021-12-31,ICICIPRULI,large,59
2021-12-31,BRITANNIA,large,60
2021-12-31,HAVELLS,large,61
2021-12-31,DRREDDY,large,62
2021-12-31,INDUSINDBK,large,63
2021-12-31,AMBUJACEM,large,64
2021-12-31,SIEMENS,large,65
2021-12-31,BERGEPAINT,large,66
2021-12-31,NAUKRI,large,67
2021-12-31,CIPLA,large,68
2021-12-31,INDIGO,large,69
2021-12-31,TATACONSUM,large,70
2021-12-31,EICHERMOT,large,71
2021-12-31,MOTHERSUMI,large,72
2021-12-31,ICICIGI,large,73
2021-12-31,INDUSTOWER,large,74
2021-12-31,MARICO,large,75
2021-12-31,APOLLOHOSP,large,76
2021-12-31,MINDTREE,large,77
2021-12-31,GAIL,large,78
2021-12-31,GLAND,large,79
2021-12-31,PEL,large,80
2021-12-31,MUTHOOTFIN,large,81
2021-12-31,HDFCAMC,large,82
2021-12-31,SRF,large,83
2021-12-31,MCDOWELL-N,large,84
2021-12-31,UPL,large,85
2021-12-31,IRCTC,large,86
2021-12-31,TATAPOWER,large,87
2021-12-31,MPHASIS,large,88
2021-12-31,CADILAHC,large,89
2021-12-31,HEROMOTOCO,large,90
2021-12-31,GODREJPROP,large,91
2021-12-31,TORNTPHARM,large,92
2021-12-31,POLICYBZR,large,93
2021-12-31,BAJAJHLDNG,large,94
2021-12-31,JUBLFOOD,large,95
2021-12-31,SAIL,large,96
2021-12-31,LODHA,large,97
2021-12-31,BEL,large,98
2021-12-31,IDBI,large,99
2021-12-31,JSWENERGY,large,100
2021-12-31,BANDHANBNK,mid,101
2021-12-31,LTTS,mid,102
2021-12-31,BOSCHLTD,mid,103
2021-12-31,STARHEALTH,mid,104
2021-12-31,PIIND,mid,105
2021-12-31,GUJGASLTD,mid,106
2021-12-31,BALKRISIND,mid,107
2021-12-31,CHOLAFIN,mid,108
2021-12-31,PGHH,mid,109
2021-12-31,AUROPHARMA,mid,110
2021-12-31,NMDC,mid,111
2021-12-31,LUPIN,mid,112
2021-12-31,BANKBARODA,mid,113
2021-12-31,BIOCON,mid,114
2021-12-31,COLPAL,mid,115
2021-12-31,PNB,mid,116
2021-12-31,ASTRAL,mid,117
2021-12-31,ALKEM,mid,118
2021-12-31,ACC,mid,119
2021-12-31,HAL,mid,120
2021-12-31,HINDPETRO,mid,121
2021-12-31,IOB,mid,123
2021-12-31,UBL,mid,124
2021-12-31,CONCOR,mid,125
2021-12-31,ABB,mid,126
2021-12-31,JINDALSTEL,mid,127
2021-12-31,PAGEIND,mid,128
2021-12-31,TATACOMM,mid,129
2021-12-31,ADANIPOWER,mid,130
2021-12-31,DALBHARAT,mid,131
2021-12-31,ASHOKLEY,mid,132
2021-12-31,VOLTAS,mid,133
2021-12-31,OFSS,mid,134
2021-12-31,SRTRANSFIN,mid,135
2021-12-31,VBL,mid,136
2021-12-31,HONAUT,mid,137
2021-12-31,AUBANK,mid,138
2021-12-31,IGL,mid,139
2021-12-31,TRENT,mid,140
2021-12-31,BHARATFORG,mid,141
2021-12-31,MFSL,mid,142
2021-12-31,SONACOMS,mid,143
2021-12-31,PFC,mid,144
2021-12-31,AARTIIND,mid,145
2021-12-31,PETRONET,mid,146
2021-12-31,MAXHEALTH,mid,147
2021-12-31,MRF,mid,148
2021-12-31,TATAELXSI,mid,149
2021-12-31,POLYCAB,mid,150
2021-12-31,KANSAINER,mid,151
2021-12-31,LAURUSLABS,mid,152
2021-12-31,YESBANK,mid,153
2021-12-31,CANBK,mid,154
2021-12-31,COFORGE,mid,155
2021-12-31,DEEPAKNTR,mid,156
2021-12-31,RELAXO,mid,157
2021-12-31,LALPATHLAB,mid,158
2021-12-31,IRFC,mid,159
2021-12-31,IDFCFIRSTB,mid,160
2021-12-31,RUCHI,mid,161
2021-12-31,OBEROIRLTY,mid,162
2021-12-31,NHPC,mid,163
2021-12-31,RECLTD,mid,164
2021-12-31,IDEA,mid,165
2021-12-31,CROMPTON,mid,166
2021-12-31,TVSMOTOR,mid,167
2021-12-31,SUPREMEIND,mid,168
2021-12-31,IPCALAB,mid,169
2021-12-31,PERSISTENT,mid,170
2021-12-31,DIXON,mid,171
2021-12-31,3MINDIA,mid,172
2021-12-31,UNIONBANK,mid,173
2021-12-31,SUNDARMFIN,mid,174
2021-12-31,TIINDIA,mid,175
2021-12-31,ATUL,mid,176
2021-12-31,WHIRLPOOL,mid,177
2021-12-31,ABCAPITAL,mid,178
2021-12-31,GLAXO,mid,179
2021-12-31,GICRE,mid,180
2021-12-31,HATSUN,mid,181
2021-12-31,ZEEL,mid,182
2021-12-31,NIACL,mid,183
2021-12-31,CUMMINSIND,mid,184
2021-12-31,JKCEMENT,mid,185
2021-12-31,PFIZER,mid,186
2021-12-31,NAM-INDIA,mid,187
2021-12-31,EMAMILTD,mid,188
2021-12-31,SYNGENE,mid,189
2021-12-31,TORNTPOWER,mid,190
2021-12-31,ISEC,mid,191
2021-12-31,BANKINDIA,mid,192
2021-12-31,RAMCOCEM,mid,193
2021-12-31,COROMANDEL,mid,194
2021-12-31,ENDURANCE,mid,195
2021-12-31,BATAINDIA,mid,197
2021-12-31,INDIAMART,mid,198
2021-12-31,MINDAIND,mid,199
2021-12-31,SCHAEFFLER,mid,200
2021-12-31,TATACHEM,mid,201
2021-12-31,ABFRL,mid,202
2021-12-31,APLAPOLLO,mid,203
2021-12-31,LICHSGFIN,mid,204
2021-12-31,GMRINFRA,mid,205
2021-12-31,INDHOTEL,mid,206
2021-12-31,BHEL,mid,207
2021-12-31,OIL,mid,208
2021-12-31,CLEAN,mid,209
2021-12-31,L&TFH,mid,210
2021-12-31,CRISIL,mid,211
2021-12-31,AAVAS,mid,212
2021-12-31,SUNTV,mid,213
2021-12-31,M&MFIN,mid,214
2021-12-31,FLUOROCHEM,mid,215
2021-12-31,ESCORTS,mid,216
2021-12-31,FORTIS,mid,217
2021-12-31,SUMICHEM,mid,218
2021-12-31,VINATIORGA,mid,219
2021-12-31,HAPPSTMNDS,mid,220
2021-12-31,LINDEINDIA,mid,221
2021-12-31,GODREJIND,mid,222
2021-12-31,SOLARINDS,mid,223
2021-12-31,CENTRALBK,mid,224
2021-12-31,ALKYLAMINE,mid,225
2021-12-31,NUVOCO,mid,226
2021-12-31,RAJESHEXPO,mid,227
2021-12-31,AJANTPHARM,mid,228
2021-12-31,SANOFI,mid,229
2021-12-31,GILLETTE,mid,230
2021-12-31,NAVINFLUOR,mid,231
2021-12-31,IEX,mid,232
2021-12-31,AIAENG,mid,233
2021-12-31,FEDERALBNK,mid,234
2021-12-31,GSPL,mid,235
2021-12-31,KAJARIACER,mid,236
2021-12-31,INDIANB,mid,237
2021-12-31,THERMAX,mid,238
2021-12-31,SUNDRMFAST,mid,239
2021-12-31,ABSLAMC,mid,240
2021-12-31,GRINFRA,mid,241
2021-12-31,NATIONALUM,mid,242
2021-12-31,NATCOPHARM,mid,243
2021-12-31,TRIDENT,mid,244
2021-12-31,APTUS,mid,245
2021-12-31,PRESTIGE,mid,246
2021-12-31,DEVYANI,mid,247
2021-12-31,GRINDWELL,mid,248
2021-12-31,UCOBANK,mid,249
2021-12-31,CGPOWER,mid,250
2021-12-31,SKFINDIA,small,251
2021-12-31,PHOENIXLTD,small,252
2021-12-31,KIOCL,small,253
2021-12-31,APLLTD,small,254
2021-12-31,DCMSHRIRAM,small,255
2021-12-31,CARBORUNIV,small,256
2021-12-31,TANLA,small,257
2021-12-31,KPRMILL,small,258
2021-12-31,MANAPPURAM,small,259
2021-12-31,GLENMARK,small,260
2021-12-31,CAMS,small,261
2021-12-31,METROPOLIS,small,262
2021-12-31,EXIDEIND,small,263
2021-12-31,BLUEDART,small,264
2021-12-31,CHAMBLFERT,small,265
2021-12-31,WABCOINDIA,small,266
2021-12-31,CDSL,small,267
2021-12-31,APOLLOTYRE,small,268
2021-12-31,ZYDUSWELL,small,269
2021-12-31,MAHABANK,small,270
2021-12-31,POONAWALLA,small,271
2021-12-31,BASF,small,272
2021-12-31,BAJAJELEC,small,273
2021-12-31,TTML,small,274
2021-12-31,CASTROLIND,small,275
2021-12-31,AFFLE,small,276
2021-12-31,SHRIRAMCIT,small,277
2021-12-31,JBCHEPHARM,small,278
2021-12-31,FSL,small,279
2021-12-31,IIFLWAM,small,280
2021-12-31,WELSPUNIND,small,281
2021-12-31,TTKPRESTIG,small,282
2021-12-31,MOTILALOFS,small,283
2021-12-31,UTIAMC,small,284
2021-12-31,SUVENPHAR,small,285
2021-12-31,RADICO,small,286
2021-12-31,TIMKEN,small,287
2021-12-31,SFL,small,288
2021-12-31,QUESS,small,289
2021-12-31,CHOLAHLDNG,small,290
2021-12-31,METROBRAND,small,291
2021-12-31,MEDPLUS,small,292
2021-12-31,HINDCOPPER,small,293
2021-12-31,FINPIPE,small,294
2021-12-31,BSOFT,small,295
2021-12-31,AMARAJABAT,small,296
2021-12-31,ALOKINDS,small,297
2021-12-31,GODREJAGRO,small,298
2021-12-31,REDINGTON,small,299
2021-12-31,LUXIND,small,300
2021-12-31,BALAMINES,small,301
2021-12-31,LATENTVIEW,small,302
2021-12-31,ROUTE,small,303
2021-12-31,INDIGOPNTS,small,304
2021-12-31,CUB,small,305
2021-12-31,KEC,small,306
2021-12-31,RBLBANK,small,307
2021-12-31,CYIENT,small,308
2021-12-31,ITI,small,309
2021-12-31,STLTECH,small,310
2021-12-31,CENTURYPLY,small,311
2021-12-31,IIFL,small,312
2021-12-31,GRAPHITE,small,313
2021-12-31,VAIBHAVGBL,small,314
2021-12-31,IBULHSGFIN,small,315
2021-12-31,GALAXYSURF,small,316
2021-12-31,SJVN,small,317
2021-12-31,CESC,small,318
2021-12-31,VTL,small,319
2021-12-31,LXCHEM,small,320
2021-12-31,NH,small,321
2021-12-31,AMBER,small,322
2021-12-31,VGUARD,small,323
2021-12-31,BIRLACORPN,small,324
2021-12-31,MGL,small,325
2021-12-31,JUBLINGREA,small,326
2021-12-31,ERIS,small,327
2021-12-31,PNBHOUSING,small,328
2021-12-31,ZENSARTECH,small,329
2021-12-31,KPITTECH,small,330
2021-12-31,JUBLPHARMA,small,331
2021-12-31,FINEORG,small,332
2021-12-31,ANGELONE,small,333
2021-12-31,CREDITACC,small,334
2021-12-31,AKZOINDIA,small,335
2021-12-31,DHANI,small,336
2021-12-31,KIMS,small,337
2021-12-31,RATNAMANI,small,338
2021-12-31,ASAHIINDIA,small,339
2021-12-31,CHEMPLASTS,small,340
2021-12-31,HFCL,small,342
2021-12-31,POWERINDIA,small,343
2021-12-31,SHYAMMETL,small,344
2021-12-31,ASTERDM,small,345
2021-12-31,BRIGADE,small,346
2021-12-31,MAHINDCIE,small,347
2021-12-31,INTELLECT,small,348
2021-12-31,CENTURYTEX,small,349
2021-12-31,POLYMED,small,350
2021-12-31,CGCL,small,351
2021-12-31,PVR,small,352
2021-12-31,PGHL,small,353
2021-12-31,LAXMIMACH,small,354
2021-12-31,AEGISCHEM,small,355
2021-12-31,SONATSOFTW,small,356
2021-12-31,HUDCO,small,357
2021-12-31,BLUESTARCO,small,358
2021-12-31,IDFC,small,360
2021-12-31,JMFINANCIL,small,362
2021-12-31,NBCC,small,363
2021-12-31,NLCINDIA,small,364
2021-12-31,GRANULES,small,365
2021-12-31,PNCINFRA,small,366
2021-12-31,HEG,small,367
2021-12-31,MAPMYINDIA,small,368
2021-12-31,DBL,small,369
2021-12-31,KEI,small,370
2021-12-31,MRPL,small,371
2021-12-31,BBTC,small,372
2021-12-31,KNRCON,small,373
2021-12-31,FACT,small,374
2021-12-31,GLS,small,375
2021-12-31,JSL,small,376
2021-12-31,ASTRAZEN,small,377
2021-12-31,CANFINHOME,small,378
2021-12-31,ANURAS,small,379
2021-12-31,PRINCEPIPE,small,380
2021-12-31,FINCABLES,small,381
2021-12-31,EIDPARRY,small,382
2021-12-31,ECLERX,small,383
2021-12-31,AVANTIFEED,small,384
2021-12-31,EIHOTEL,small,385
2021-12-31,SUNCLAYLTD,small,386
2021-12-31,JKLAKSHMI,small,387
2021-12-31,RAIN,small,388
2021-12-31,BCG,small,389
2021-12-31,EDELWEISS,small,390
2021-12-31,ROSSARI,small,391
2021-12-31,MASTEK,small,392
2021-12-31,SAPPHIRE,small,393
2021-12-31,KALYANKJIL,small,394
2021-12-31,ORIENTELEC,small,395
2021-12-31,VMART,small,396
2021-12-31,BDL,small,397
2021-12-31,TEAMLEASE,small,398
2021-12-31,BALRAMCHIN,small,399
2021-12-31,EPL,small,400
2021-12-31,SAREGAMA,small,401
2021-12-31,PSB,small,402
2021-12-31,SPARC,small,403
2021-12-31,ELGIEQUIP,small,404
2021-12-31,EQUITASBNK,small,405
2021-12-31,VIPIND,small,406
2021-12-31,SOBHA,small,408
2021-12-31,TV18BRDCST,small,409
2021-12-31,SYMPHONY,small,410
2021-12-31,IBREALEST,small,411
2021-12-31,SIS,small,412
2021-12-31,GARFIBRES,small,413
2021-12-31,JSLHISAR,small,414
2021-12-31,NETWORK18,small,415
2021-12-31,JUSTDIAL,small,416
2021-12-31,HIKAL,small,417
2021-12-31,IRB,small,418
2021-12-31,TATAINVEST,small,419
2021-12-31,MMTC,small,420
2021-12-31,RVNL,small,421
2021-12-31,RTNINDIA,small,422
2021-12-31,GMMPFAUDLR,small,423
2021-12-31,TCIEXP,small,424
2021-12-31,RITES,small,426
2021-12-31,ALLCARGO,small,427
2021-12-31,NAZARA,small,428
2021-12-31,PRIVISCL,small,429
2021-12-31,SUPPETRO,small,430
2021-12-31,PRSMJOHNSN,small,431
2021-12-31,THYROCARE,small,432
2021-12-31,CERA,small,433
2021-12-31,KRBL,small,434
2021-12-31,PRAJIND,small,435
2021-12-31,DELTACORP,small,436
2021-12-31,RENUKA,small,437
2021-12-31,SUZLON,small,438
2021-12-31,BEML,small,439
2021-12-31,GNFC,small,440
2021-12-31,SUNTECK,small,441
2021-12-31,BSE,small,442
2021-12-31,GOCOLORS,small,443
2021-12-31,CAPLIPOINT,small,444
2021-12-31,BURGERKING,small,445
2021-12-31,KALPATPOWR,small,446
2021-12-31,HGS,small,447
2021-12-31,JYOTHYLAB,small,448
2021-12-31,INDIACEM,small,449
2021-12-31,INFIBEAM,small,450
2021-12-31,GODFRYPHLP,small,451
2021-12-31,VIJAYA,small,452
2021-12-31,JCHAC,small,453
2021-12-31,HOMEFIRST,small,454
2021-12-31,SCI,small,455
2021-12-31,SWSOLAR,small,456
2021-12-31,AARTIDRUGS,small,457
2021-12-31,FDC,small,458
2021-12-31,HEIDELBERG,small,459
2021-12-31,RALLIS,small,460
2021-12-31,EASEMYTRIP,small,462
2021-12-31,CARTRADE,small,463
2021-12-31,SEQUENT,small,464
2021-12-31,STAR,small,465
2021-12-31,BORORENEW,small,466
2021-12-31,CCL,small,467
2021-12-31,POLYPLEX,small,468
2021-12-31,CSBBANK,small,469
2021-12-31,MAZDOCK,small,470
2021-12-31,TATVA,small,471
2021-12-31,SOLARA,small,472
2021-12-31,VSTIND,small,473
2021-12-31,CEATLTD,small,474
2021-12-31,JSWHL,small,475
2021-12-31,ISGEC,small,476
2021-12-31,WOCKPHARMA,small,477
2021-12-31,MTARTECH,small,478
2021-12-31,GPPL,small,479
2021-12-31,TRITURBINE,small,480
2021-12-31,ICIL,small,481
2021-12-31,MAHLOG,small,482
2021-12-31,GESHIP,small,483
2021-12-31,BHARATRAS,small,484
2021-12-31,SUPRAJIT,small,485
2021-12-31,MAHSCOOTER,small,487
2021-12-31,NCC,small,488
2021-12-31,SHILPAMED,small,489
2021-12-31,COCHINSHIP,small,490
2021-12-31,RELIGARE,small,491
2021-12-31,VARROC,small,492
2021-12-31,GSFC,small,493
2021-12-31,TRIVENI,small,494
2021-12-31,BARBEQUE,small,495
2021-12-31,NIITLTD,small,496
2021-12-31,CRAFTSMAN,small,498
2021-12-31,IFBIND,small,499
2021-12-31,DEEPAKFERT,small,500
2021-12-31,GPIL,small,501
2021-12-31,SUDARSCHEM,small,502
2021-12-31,JINDALPOLY,small,503
2021-12-31,INOXLEISUR,small,504
2021-12-31,NOCIL,small,506
2021-12-31,MHRIL,small,507
2021-12-31,RHIM,small,508
2021-12-31,RPOWER,small,509
2021-12-31,CHALET,small,510
2021-12-31,GUJALKALI,small,511
2021-12-31,STARCEMENT,small,512
2021-12-31,TASTYBITE,small,513
2021-12-31,RCF,small,514
2021-12-31,NESCO,small,515
2021-12-31,IRCON,small,516
2021-12-31,PHILIPCARB,small,517
2021-12-31,TCNSBRANDS,small,518
2021-12-31,KSB,small,519
2021-12-31,EQUITAS,small,520
2021-12-31,ADVENZYMES,small,521
2021-12-31,HATHWAY,small,522
2021-12-31,NEWGEN,small,523
2021-12-31,MASFIN,small,524
2021-12-31,OLECTRA,small,525
2021-12-31,RAILTEL,small,526
2021-12-31,ENGINERSIN,small,527
2021-12-31,TCI,small,528
2021-12-31,INDOCO,small,529
2021-12-31,TEJASNET,small,530
2021-12-31,VAKRANGEE,small,531
2021-12-31,MOIL,small,533
2021-12-31,VENKEYS,small,534
2021-12-31,TATASTLLP,small,535
2021-12-31,TEGA,small,536
2021-12-31,SANSERA,small,537
2021-12-31,GAEL,small,538
2021-12-31,HGINFRA,small,539
2021-12-31,AMIORG,small,540
2021-12-31,RATEGAIN,small,541
2021-12-31,MAHLIFE,small,542
2021-12-31,GREENPANEL,small,543
2021-12-31,HEMIPROP,small,544
2021-12-31,DATAPATTNS,small,545
2021-12-31,JKPAPER,small,546
2021-12-31,TATACOFFEE,small,547
2021-12-31,DHANUKA,small,548
2021-12-31,UJJIVANSFB,small,549
2021-12-31,KARURVYSYA,small,550
2021-12-31,UFLEX,small,551
2021-12-31,NILKAMAL,small,552
2021-12-31,JAMNAAUTO,small,553
2021-12-31,WELCORP,small,554
2021-12-31,JINDALSAW,small,555
2021-12-31,SUPRIYA,small,556
2021-12-31,IPL,small,557
2021-12-31,HIL,small,558
2021-12-31,SPANDANA,small,559
2021-12-31,GHCL,small,560
2021-12-31,RUPA,small,561
2021-12-31,ESABINDIA,small,562
2021-12-31,INDOSTAR,small,563
2021-12-31,LEMONTREE,small,564
2021-12-31,JKTYRE,small,565
2021-12-31,KSCL,small,566
2021-12-31,BAJAJCON,small,567
2021-12-31,VALIANTORG,small,568
2021-12-31,MIDHANI,small,569
2021-12-31,CMSINFO,small,570
2021-12-31,LAOPALA,small,571
2021-12-31,PDSMFL,small,572
2021-12-31,FINOPB,small,573
2021-12-31,TIDEWATER,small,574
2021-12-31,GREENLAM,small,575
2021-12-31,DODLA,small,576
2021-12-31,TARSONS,small,578
2021-12-31,ICRA,small,579
2021-12-31,MINDACORP,small,580
2021-12-31,PAISALO,small,581
2021-12-31,GDL,small,582
2021-12-31,DALMIASUG,small,583
2021-12-31,INGERRAND,small,584
2021-12-31,VRLLOG,small,586
2021-12-31,GREAVESCOT,small,587
2021-12-31,GET&D,small,588
2021-12-31,SURYAROSNI,small,589
2021-12-31,ITDC,small,590
2021-12-31,JPPOWER,small,591
2021-12-31,RESPONIND,small,592
2021-12-31,DCAL,small,593
2021-12-31,BBOX,small,594
2021-12-31,TATAMETALI,small,595
2021-12-31,IOLCP,small,596
2021-12-31,RAYMOND,small,597
2021-12-31,SWANENERGY,small,599
2021-12-31,ORIENTCEM,small,600
2021-12-31,ARVINDFASN,small,601
2021-12-31,PTC,small,602
2021-12-31,SOMANYCERA,small,603
2021-12-31,SHOPERSTOP,small,604
2021-12-31,SAGCEM,small,605
2021-12-31,GLOBUSSPR,small,606
2021-12-31,MFL,small,608
2021-12-31,DISHTV,small,609
2021-12-31,KIRLOSBROS,small,610
2021-12-31,RKFORGE,small,611
2021-12-31,JBMA,small,612
2021-12-31,SUBEXLTD,small,613
2021-12-31,KIRLOSENG,small,614
2021-12-31,MAITHANALL,small,616
2021-12-31,HCG,small,617
2021-12-31,ROLEXRINGS,small,618
2021-12-31,BOROLTD,small,619
2021-12-31,STOVEKRAFT,small,620
2021-12-31,J&KBANK,small,621
2021-12-31,TECHNOE,small,622
2021-12-31,BEPL,small,623
2021-12-31,HERANBA,small,624
2021-12-31,PARAS,small,625
2021-12-31,SHARDACROP,small,627
2021-12-31,IIFLSEC,small,628
2021-12-31,GULFOILLUB,small,629
2021-12-31,PURVA,small,630
2021-12-31,DCBBANK,small,631
2021-12-31,SHIL,small,632
2021-12-31,ASHOKA,small,633
2021-12-31,MARKSANS,small,635
2021-12-31,ALEMBICLTD,small,636
2021-12-31,TINPLATE,small,637
2021-12-31,OAL,small,638
2021-12-31,RTNPOWER,small,639
2021-12-31,ARVIND,small,640
2021-12-31,FRETAIL,small,641
2021-12-31,NEOGEN,small,642
2021-12-31,MOL,small,643
2021-12-31,SCHNEIDER,small,644
2021-12-31,ACE,small,645
2021-12-31,NFL,small,646
2021-12-31,IFCI,small,647
2021-12-31,GTPL,small,649
2021-12-31,SARDAEN,small,650
2021-12-31,RSYSTEMS,small,651
2021-12-31,MAHSEAMLES,small,652
2021-12-31,BANARISUG,small,653
2021-12-31,ASTEC,small,654
2021-12-31,AHLUCONT,small,655
2021-12-31,GTLINFRA,small,656
2021-12-31,INOXWIND,small,657
2021-12-31,SSWL,small,658
2021-12-31,APARINDS,small,659
2021-12-31,MOREPENLAB,small,660
2021-12-31,JTEKTINDIA,small,663
2021-12-31,COSMOFILMS,small,664
2021-12-31,MANINFRA,small,665
2021-12-31,INEOSSTYRO,small,666
2021-12-31,RAMCOIND,small,667
2021-12-31,THOMASCOOK,small,668
2021-12-31,EVEREADY,small,669
2021-12-31,INDIAGLYCO,small,670
2021-12-31,GRSE,small,672
2021-12-31,GREENPLY,small,673
2021-12-31,ATFL,small,674
2021-12-31,JPASSOCIAT,small,675
2021-12-31,ANANDRATHI,small,676
2021-12-31,JAICORPLTD,small,677
2021-12-31,BECTORFOOD,small,678
2021-12-31,SEAMECLTD,small,679
2021-12-31,USHAMART,small,680
2021-12-31,HIMATSEIDE,small,681
2021-12-31,KRSNAA,small,682
2021-12-31,JINDWORLD,small,683
2021-12-31,VESUVIUS,small,684
2021-12-31,AMRUTANJAN,small,685
2021-12-31,FAIRCHEMOR,small,686
2021-12-31,TIRUMALCHM,small,688
2021-12-31,NAVNETEDUL,small,689
2021-12-31,MSTCLTD,small,690
2021-12-31,OPTIEMUS,small,691
2021-12-31,MATRIMONY,small,692
2021-12-31,DAAWAT,small,693
2021-12-31,VSTTILLERS,small,694
2021-12-31,DEN,small,695
2021-12-31,HINDOILEXP,small,697
2021-12-31,RELINFRA,small,698
2021-12-31,DOLLAR,small,699
2021-12-31,SHK,small,700
2021-12-31,FILATEX,small,701
2021-12-31,GMDCLTD,small,702
2021-12-31,SUBROS,small,703
2021-12-31,IGPL,small,704
2021-12-31,NEULANDLAB,small,705
2021-12-31,BALMLAWRIE,small,706
2021-12-31,MAYURUNIQ,small,707
2021-12-31,SHAREINDIA,small,708
2021-12-31,CAMLINFINE,small,709
2021-12-31,KOLTEPATIL,small,711
2021-12-31,HERITGFOOD,small,712
2021-12-31,WABAG,small,714
2021-12-31,PILANIINVS,small,715
2021-12-31,RAJRATAN,small,716
2021-12-31,PFOCUS,small,717
2021-12-31,SOUTHBANK,small,718
2021-12-31,CONFIPET,small,719
2021-12-31,DHAMPURSUG,small,721
2021-12-31,UJJIVAN,small,722
2021-12-31,SWARAJENG,small,723
2021-12-31,HESTERBIO,small,724
2021-12-31,HSCL,small,725
2021-12-31,SHRIPISTON,small,727
2021-12-31,BLS,small,728
2021-12-31,GABRIEL,small,729
2021-12-31,IMFA,small,730
2021-12-31,APOLLOPIPE,small,731
2021-12-31,KTKBANK,small,732
2021-12-31,ANANTRAJ,small,733
2021-12-31,SHARDAMOTR,small,734
2021-12-31,RPSGVENT,small,735
2021-12-31,AUTOAXLES,small,736
2021-12-31,GEPIL,small,737
2021-12-31,CARERATING,small,738
2021-12-31,BOMDYEING,small,739
2021-12-31,KIRIINDUS,small,740
2021-12-31,HUHTAMAKI,small,741
2021-12-31,TVTODAY,small,742
2021-12-31,SOTL,small,744
2021-12-31,REPCOHOME,small,746
2021-12-31,MUKANDLTD,small,747
2021-12-31,SASKEN,small,748
2021-12-31,BAJAJHIND,small,749
2021-12-31,SIYSIL,small,750
2021-12-31,ACRYSIL,small,751
2021-12-31,JISLJALEQS,small,752
2021-12-31,TIIL,small,753
2021-12-31,MMFL,small,754
2021-12-31,GEOJITFSL,small,755
2021-12-31,APCOTEXIND,small,756
2021-12-31,UNICHEMLAB,small,757
2021-12-31,GATI,small,758
2021-12-31,ELECON,small,759
2021-12-31,SURYODAY,small,760
2021-12-31,ACCELYA,small,761
2021-12-31,PUNJABCHEM,small,763
2021-12-31,SAFARI,small,764
2021-12-31,SHALBY,small,765
2021-12-31,STYLAMIND,small,766
2021-12-31,ORCHPHARMA,small,767
2021-12-31,KCP,small,768
2021-12-31,MANALIPETC,small,769
2021-12-31,ASHIANA,small,770
2021-12-31,WHEELS,small,771
2021-12-31,GOLDIAM,small,772
2021-12-31,JMCPROJECT,small,774
2021-12-31,SUNDARMHLD,small,775
2021-12-31,ASTRAMICRO,small,776
2021-12-31,GENUSPOWER,small,778
2021-12-31,TIPSINDLTD,small,779
2021-12-31,DATAMATICS,small,780
2021-12-31,CHENNPETRO,small,782
2021-12-31,MOLDTKPAC,small,784
2021-12-31,HCC,small,786
2021-12-31,NBVENTURES,small,787
2021-12-31,ADFFOODS,small,788
2021-12-31,TIMETECHNO,small,789
2021-12-31,PSPPROJECT,small,791
2021-12-31,NUCLEUS,small,792
2021-12-31,DIAMONDYD,small,793
2021-12-31,DFMFOODS,small,794
2021-12-31,DBCORP,small,795
2021-12-31,VIDHIING,small,796
2021-12-31,WSTCSTPAPR,small,797
2021-12-31,TVSSRICHAK,small,798
2021-12-31,DPSCLTD,small,800
2021-12-31,ORISSAMINE,small,803
2021-12-31,VOLTAMP,small,804
2021-12-31,SANDHAR,small,805
2021-12-31,PANACEABIO,small,806
2021-12-31,JAGRAN,small,807
2021-12-31,KSL,small,808
2021-12-31,GUFICBIO,small,809
2021-12-31,CIGNITITEC,small,810
2021-12-31,NURECA,small,811
2021-12-31,CENTRUM,small,812
2021-12-31,SANGHIIND,small,813
2021-12-31,IGARASHI,small,814
2021-12-31,BFUTILITIE,small,815
2021-12-31,POKARNA,small,817
2021-12-31,MAXVIL,small,818
2021-12-31,ANDHRSUGAR,small,819
2021-12-31,JAYNECOIND,small,820
2021-12-31,JSWISPL,small,821
2021-12-31,PANAMAPET,small,822
2021-12-31,GNA,small,823
2021-12-31,CHEMCON,small,824
2021-12-31,BUTTERFLY,small,826
2021-12-31,NAHARSPING,small,827
2021-12-31,ELECTCAST,small,828
2021-12-31,LGBBROSLTD,small,829
2021-12-31,THANGAMAYL,small,832
2021-12-31,KIRLOSIND,small,833
2021-12-31,GALLISPAT,small,834
2021-12-31,FMGOETZE,small,835
2021-12-31,HSIL,small,836
2021-12-31,FCONSUMER,small,837
2021-12-31,WELENT,small,838
2021-12-31,SHRIRAMPPS,small,839
2021-12-31,RAMCOSYS,small,840
2021-12-31,RGL,small,841
2021-12-31,NACLIND,small,842
2021-12-31,HBLPOWER,small,843
2021-12-31,GOCLCORP,small,844
2021-12-31,SVPGLOB,small,845
2021-12-31,DYNAMATECH,small,846
2021-12-31,SUNFLAG,small,847
2021-12-31,OMAXE,small,848
2021-12-31,QUICKHEAL,small,849
2021-12-31,BODALCHEM,small,850
2021-12-31,JKIL,small,853
2021-12-31,EKC,small,854
2021-12-31,NELCO,small,855
2021-12-31,HMT,small,856
2021-12-31,ITDCEM,small,857
2021-12-31,GRAVITA,small,858
2021-12-31,INSECTICID,small,859
2021-12-31,FIEMIND,small,860
2021-12-31,NRBBEARING,small,861
2021-12-31,VINDHYATEL,small,862
2021-12-31,SIGACHI,small,863
2021-12-31,KESORAMIND,small,864
2021-12-31,3IINFOLTD,small,865
2021-12-31,DWARKESH,small,866
2021-12-31,INDORAMA,small,867
2021-12-31,SHIVALIK,small,868
2021-12-31,ZENTEC,small,869
2021-12-31,5PAISA,small,870
2021-12-31,POWERMECH,small,871
2021-12-31,LUMAXIND,small,872
2021-12-31,BFINVEST,small,873
2021-12-31,BANCOINDIA,small,874
2021-12-31,GIPCL,small,875
2021-12-31,WONDERLA,small,876
2021-12-31,SMSPHARMA,small,877
2021-12-31,MTNL,small,878
2021-12-31,EXCELINDUS,small,879
2021-12-31,TARC,small,880
2021-12-31,HONDAPOWER,small,881
2021-12-31,FCL,small,882
2021-12-31,KINGFA,small,883
2021-12-31,SJS,small,884
2021-12-31,CLNINDIA,small,885
2021-12-31,SHAKTIPUMP,small,886
2021-12-31,APTECHT,small,887
2021-12-31,SHANKARA,small,889
2021-12-31,ALICON,small,890
2021-12-31,CAPACITE,small,892
2021-12-31,KKCL,small,893
2021-12-31,NITINSPIN,small,894
2021-12-31,ONMOBILE,small,895
2021-12-31,SHANTIGEAR,small,896
2021-12-31,PFS,small,897
2021-12-31,PRICOLLTD,small,898
2021-12-31,MPSLTD,small,899
2021-12-31,PARAGMILK,small,900
2021-12-31,PRAKASH,small,901
2021-12-31,PNBGILTS,small,902
2021-12-31,EXPLEOSOL,small,903
2021-12-31,GULPOLY,small,907
2021-12-31,GMBREW,small,908
2021-12-31,IFGLEXPOR,small,910
2021-12-31,SUULD,small,911
2021-12-31,XCHANGING,small,912
2021-12-31,PCJEWELLER,small,913
2021-12-31,AVTNPL,small,914
2021-12-31,NXTDIGITAL,small,916
2021-12-31,SUVEN,small,917
2021-12-31,FLFL,small,918
2021-12-31,SASTASUNDR,small,920
2021-12-31,RAMKY,small,921
2021-12-31,SHREDIGCEM,small,922
2021-12-31,ESTER,small,923
2021-12-31,AJMERA,small,924
2021-12-31,SUTLEJTEX,small,925
2021-12-31,BHAGERIA,small,926
2021-12-31,DIGISPICE,small,927
2021-12-31,KBCGLOBAL,small,928
2021-12-31,MANGLMCEM,small,929
2021-12-31,SESHAPAPER,small,930
2021-12-31,VISAKAIND,small,931
2021-12-31,BLISSGVS,small,932
2021-12-31,KITEX,small,933
2021-12-31,BAJAJHCARE,small,934
2021-12-31,GANECOS,small,935
2021-12-31,SIRCA,small,936
2021-12-31,DCW,small,937
2021-12-31,GOKEX,small,938
2021-12-31,RIIL,small,939
2021-12-31,EIHAHOTELS,small,940
2021-12-31,ASHAPURMIN,small,941
2021-12-31,TWL,small,942
2021-12-31,SPIC,small,943
2021-12-31,TNPETRO,small,944
2021-12-31,UGROCAP,small,945
2021-12-31,NCLIND,small,946
2021-12-31,OCCL,small,948
2021-12-31,VSSL,small,950
2021-12-31,JETAIRWAYS,small,951
2021-12-31,PATELENG,small,952
2021-12-31,KOPRAN,small,954
2021-12-31,AARTISURF,small,955
2021-12-31,LUMAXTECH,small,957
2021-12-31,PRECAM,small,960
2021-12-31,INDIANHUME,small,961
2021-12-31,AMBIKCO,small,962
2021-12-31,TTKHLTCARE,small,963
2021-12-31,DREDGECORP,small,965
2021-12-31,APCL,small,966
2021-12-31,VHL,small,968
2021-12-31,PGEL,small,969
2021-12-31,INFOBEAN,small,970
2021-12-31,SPENCERS,small,971
2021-12-31,SBCL,small,972
2021-12-31,RPGLIFE,small,973
2021-12-31,ANUP,small,974
2021-12-31,EMAMIPAP,small,975
2021-12-31,SRIPIPES,small,976
2021-12-31,IMPAL,small,979
2021-12-31,TDPOWERSYS,small,980
2021-12-31,DECCANCE,small,981
2021-12-31,APEX,small,982
2021-12-31,DVL,small,983
2021-12-31,AWHCL,small,984
2021-12-31,SATIA,small,985
2021-12-31,CENTENKA,small,986
2021-12-31,FOSECOIND,small,989
2021-12-31,ADORWELD,small,990
2021-12-31,TNPL,small,991
2021-12-31,ANDHRAPAP,small,992
2021-12-31,SAKSOFT,small,994
2021-12-31,TEXRAIL,small,995
2021-12-31,SADBHAV,small,997
2021-12-31,WENDT,small,998
2021-12-31,ENIL,small,999
2021-12-31,RANEHOLDIN,small,1000
2021-12-31,SMLISUZU,small,1001
2021-12-31,SMCGLOBAL,small,1003
2021-12-31,ASALCBR,small,1004
2021-12-31,RSWM,small,1005
2021-12-31,KICL,small,1006
2021-12-31,AVADHSUGAR,small,1007
2021-12-31,MIRZAINT,small,1008
2021-12-31,MONTECARLO,small,1009
2021-12-31,ZOTA,small,1010
2021-12-31,RCOM,small,1012
2021-12-31,UNIENTER,small,1013
2021-12-31,CANTABIL,small,1014
2021-12-31,MANGCHEFER,small,1015
2021-12-31,NSIL,small,1016
2021-12-31,SANGAMIND,small,1017
2021-12-31,HEXATRADEX,small,1019
2021-12-31,VISHNU,small,1020
2021-12-31,THEMISMED,small,1021
2021-12-31,SPAL,small,1024
2021-12-31,SANGHVIMOV,small,1026
2021-12-31,GANESHHOUC,small,1027
2021-12-31,GICHSGFIN,small,1028
2021-12-31,BBL,small,1029
2021-12-31,INDNIPPON,small,1030
2021-12-31,TAJGVK,small,1032
2021-12-31,YAARI,small,1033
2021-12-31,JAYBARMARU,small,1034
2021-12-31,RADIOCITY,small,1035
2021-12-31,MEDICAMEQ,small,1037
2021-12-31,KABRAEXTRU,small,1038
2021-12-31,SKIPPER,small,1040
2021-12-31,IWEL,small,1042
2021-12-31,SALASAR,small,1045
2021-12-31,DHARAMSI,small,1046
2021-12-31,DBREALTY,small,1047
2021-12-31,GFLLIMITED,small,1048
2021-12-31,TI,small,1050
2021-12-31,ARSHIYA,small,1051
2021-12-31,MANORG,small,1052
2021-12-31,VLSFINANCE,small,1053
2021-12-31,DCMSRIND,small,1055
2021-12-31,COFFEEDAY,small,1056
2021-12-31,TAKE,small,1057
2021-12-31,UNIDT,small,1058
2021-12-31,GAYAPROJ,small,1059
2021-12-31,TEXINFRA,small,1060
2021-12-31,CEREBRAINT,small,1061
2021-12-31,SUMMITSEC,small,1062
2021-12-31,STEELXIND,small,1063
2021-12-31,KANORICHEM,small,1066
2021-12-31,JUBLINDS,small,1067
2021-12-31,VADILALIND,small,1068
2021-12-31,LIKHITHA,small,1069
2021-12-31,SNOWMAN,small,1071
2021-12-31,UTTAMSUGAR,small,1072
2021-12-31,ASIANTILES,small,1073
2021-12-31,NELCAST,small,1074
2021-12-31,VIMTALABS,small,1075
2021-12-31,NAGAFERT,small,1076
2021-12-31,INDRAMEDCO,small,1078
2021-12-31,ALLSEC,small,1079
2021-12-31,PARSVNATH,small,1080
2021-12-31,ARMANFIN,small,1081
2021-12-31,EQUIPPP,small,1083
2021-12-31,STERTOOLS,small,1085
2021-12-31,WINDLAS,small,1086
2021-12-31,KUANTUM,small,1088
2021-12-31,JAYAGROGN,small,1089
2021-12-31,LINCOLN,small,1090
2021-12-31,YUKEN,small,1092
2021-12-31,PGIL,small,1093
2021-12-31,GOODLUCK,small,1094
2021-12-31,DELPHIFX,small,1098
2021-12-31,GENESYS,small,1100
2021-12-31,EVERESTIND,small,1101
2021-12-31,SADBHIN,small,1102
2021-12-31,NECLIFE,small,1103
2021-12-31,RBL,small,1105
2021-12-31,KOKUYOCMLN,small,1107
2021-12-31,ZEEMEDIA,small,1108
2021-12-31,HPAL,small,1109
2021-12-31,ORIENTHOT,small,1110
2021-12-31,CENTUM,small,1111
2021-12-31,BHAGCHEM,small,1112
2021-12-31,PLASTIBLEN,small,1114
2021-12-31,KDDL,small,1115
2021-12-31,ORIENTPPR,small,1116
2021-12-31,DYNPRO,small,1117
2021-12-31,EXXARO,small,1118
2021-12-31,GOKULAGRO,small,1121
2021-12-31,NAVKARCORP,small,1122
2021-12-31,MUTHOOTCAP,small,1123
2021-12-31,HITECH,small,1124
2021-12-31,HLVLTD,small,1125
2021-12-31,BALAJITELE,small,1126
2021-12-31,RICOAUTO,small,1127
2021-12-31,XPROINDIA,small,1128
2021-12-31,BINDALAGRO,small,1130
2021-12-31,ARVSMART,small,1131
2021-12-31,SHREEPUSHK,small,1132
2021-12-31,JAIBALAJI,small,1133
2021-12-31,MANINDS,small,1135
2021-12-31,SHREYAS,small,1136
2021-12-31,STCINDIA,small,1137
2021-12-31,REPRO,small,1143
2021-12-31,KHAICHEM,small,1145
2021-12-31,PRECWIRE,small,1146
2021-12-31,VENUSREM,small,1147
2021-12-31,SANDESH,small,1148
2021-12-31,HTMEDIA,small,1149
2021-12-31,NBIFIN,small,1150
2021-12-31,BCLIND,small,1153
2021-12-31,CLSEL,small,1154
2021-12-31,NATHBIOGEN,small,1157
2021-12-31,ANDHRACEMT,small,1158
2021-12-31,KRITI,small,1159
2021-12-31,BLKASHYAP,small,1161
2021-12-31,KAYA,small,1162
2021-12-31,SHRIRAMEPC,small,1163
2021-12-31,GALLANTT,small,1165
2021-12-31,JASH,small,1166
2021-12-31,ARIHANTSUP,small,1168
2021-12-31,PITTIENG,small,1170
2021-12-31,RUSHIL,small,1171
2021-12-31,MUNJALAU,small,1172
2021-12-31,VISHWARAJ,small,1173
2021-12-31,ROSSELLIND,small,1174
2021-12-31,NAHARPOLY,small,1176
2021-12-31,IFBAGRO,small,1178
2021-12-31,RML,small,1179
2021-12-31,THEINVEST,small,1180
2021-12-31,SRHHYPOLTD,small,1181
2021-12-31,HMVL,small,1182
2021-12-31,UNIVCABLES,small,1183
2021-12-31,TFCILTD,small,1184
2021-12-31,CONTROLPR,small,1185
2021-12-31,LSIL,small,1186
2021-12-31,STEELCAS,small,1187
2021-12-31,BALAXI,small,1189
2021-12-31,XELPMOC,small,1190
2021-12-31,GANDHITUBE,small,1191
2021-12-31,SHALPAINTS,small,1193
2021-12-31,KAMDHENU,small,1194
2021-12-31,UNITECH,small,1196
2021-12-31,NDTV,small,1197
2021-12-31,GANESHBE,small,1198
2021-12-31,TBZ,small,1199
2021-12-31,MUNJALSHOW,small,1200
2021-12-31,SATIN,small,1204
2021-12-31,DPABHUSHAN,small,1206
2021-12-31,ASIANENE,small,1208
2021-12-31,63MOONS,small,1210
2021-12-31,ZUARI,small,1212
2021-12-31,KELLTONTEC,small,1213
2021-12-31,DLINKINDIA,small,1215
2021-12-31,ORICONENT,small,1219
2021-12-31,V2RETAIL,small,1220
2021-12-31,ORIENTBELL,small,1221
2021-12-31,HITECHGEAR,small,1222
2021-12-31,MIRCELECTR,small,1224
2021-12-31,ISMTLTD,small,1225
2021-12-31,HCL-INSYS,small,1226
2021-12-31,FEL,small,1229
2021-12-31,AURIONPRO,small,1230
2021-12-31,NRAIL,small,1232
2021-12-31,VARDHACRLC,small,1234
2021-12-31,MARINE,small,1235
2021-12-31,NAHARCAP,small,1236
2021-12-31,TCPLPACK,small,1237
2021-12-31,AYMSYNTEX,small,1238
2021-12-31,KHADIM,small,1239
2021-12-31,MADRASFERT,small,1240
2021-12-31,ARTEMISMED,small,1241
2021-12-31,VASCONEQ,small,1245
2021-12-31,HERCULES,small,1246
2021-12-31,HINDCOMPOS,small,1247
2021-12-31,CYBERTECH,small,1249
2021-12-31,SPTL,small,1250
2021-12-31,ATULAUTO,small,1251
2021-12-31,RUBYMILLS,small,1252
2021-12-31,UNIVPHOTO,small,1253
2021-12-31,NAHARINDUS,small,1254
2021-12-31,INTLCONV,small,1255
2021-12-31,PROZONINTU,small,1259
2021-12-31,ZEELEARN,small,1260
2021-12-31,CONSOFINVT,small,1261
2021-12-31,RELCAPITAL,small,1263
2021-12-31,HPL,small,1264
2021-12-31,BGRENERGY,small,1268
2021-12-31,INDSWFTLAB,small,1269
2021-12-31,PENIND,small,1270
2021-12-31,ADSL,small,1271
2021-12-31,MENONBE,small,1274
2021-12-31,AGARIND,small,1275
2021-12-31,DCMNVL,small,1276
2021-12-31,SECURKLOUD,small,1277
2021-12-31,URJA,small,1278
2021-12-31,MANAKSIA,small,1279
2021-12-31,KRISHANA,small,1280
2021-12-31,GSCLCEMENT,small,1282
2021-12-31,DEEPINDS,small,1283
2021-12-31,GREENPOWER,small,1284
2021-12-31,JAGSNPHARM,small,1287
2021-12-31,SARLAPOLY,small,1289
2021-12-31,ONWARDTEC,small,1290
2021-12-31,SCHAND,small,1292
2021-12-31,RANASUG,small,1293
2021-12-31,VINYLINDIA,small,1297
2021-12-31,DICIND,small,1298
2021-12-31,SREEL,small,1300
2021-12-31,GVKPIL,small,1301
2021-12-31,BHARATWIRE,small,1302
2021-12-31,MARATHON,small,1303
2021-12-31,FOODSIN,small,1304
2021-12-31,ZUARIGLOB,small,1306
2021-12-31,MAGADSUGAR,small,1307
2021-12-31,HITECHCORP,small,1308
2021-12-31,DHANBANK,small,1310
2021-12-31,MEP,small,1311
2021-12-31,ASAHISONG,small,1312
2021-12-31,SINTEX,small,1313
2021-12-31,TRIL,small,1315
2021-12-31,MAXIND,small,1316
2021-12-31,GKWLIMITED,small,1317
2021-12-31,NDL,small,1318
2021-12-31,JINDRILL,small,1319
2021-12-31,SREINFRA,small,1320
2021-12-31,SPECIALITY,small,1321
2021-12-31,MSPL,small,1322
2021-12-31,TRIGYN,small,1323
2021-12-31,RAMASTEEL,small,1324
2021-12-31,REPL,small,1327
2021-12-31,TALBROAUTO,small,1328
2021-12-31,DHUNINV,small,1330
2021-12-31,PDMJEPAPER,small,1331
2021-12-31,PPL,small,1332
2021-12-31,MMP,small,1334
2021-12-31,BASML,small,1336
2021-12-31,MAHEPC,small,1337
2021-12-31,NIPPOBATRY,small,1339
2021-12-31,PENINLAND,small,1341
2021-12-31,CREST,small,1342
2021-12-31,AKSHARCHEM,small,1345
2021-12-31,MBAPL,small,1346
2021-12-31,SORILINFRA,small,1347
2021-12-31,SHEMAROO,small,1348
2021-12-31,BIRLAMONEY,small,1350
2021-12-31,VIPULLTD,small,1351
2021-12-31,SWELECTES,small,1352
2021-12-31,BIRLATYRE,small,1353
2021-12-31,SUVIDHAA,small,1356
2021-12-31,ORIENTABRA,small,1358
2021-12-31,VIKASLIFE,small,1359
2021-12-31,PODDARMENT,small,1360
2021-12-31,ADVANIHOTR,small,1362
2021-12-31,ASHIMASYN,small,1363
2021-12-31,BPL,small,1364
2021-12-31,PPAP,small,1366
2021-12-31,HARRMALAYA,small,1367
2021-12-31,GOACARBON,small,1368
2021-12-31,CREATIVE,small,1371
2021-12-31,KANPRPLA,small,1372
2021-12-31,FCSSOFT,small,1374
2021-12-31,JITFINFRA,small,1376
2021-12-31,MAWANASUG,small,1377
2021-12-31,KREBSBIO,small,1378
2021-12-31,PTL,small,1379
2021-12-31,AKASH,small,1380
2021-12-31,BANSWRAS,small,1381
2021-12-31,EIFFL,small,1382
2021-12-31,UGARSUGAR,small,1383
2021-12-31,UCALFUEL,small,1384
2021-12-31,ALBERTDAVD,small,1386
2021-12-31,TVSELECT,small,1389
2021-12-31,FSC,small,1391
2021-12-31,LINC,small,1392
2021-12-31,MARALOVER,small,1393
2021-12-31,HINDNATGLS,small,1394
2021-12-31,SILINV,small,1395
2021-12-31,AXISCADES,small,1398
2021-12-31,PRECOT,small,1399
2021-12-31,KPIGLOBAL,small,1400
2021-12-31,BAFNAPH,small,1401
2021-12-31,GEECEE,small,1402
2021-12-31,CEBBCO,small,1404
2021-12-31,AURUM,small,1406
2021-12-31,ARIHANTCAP,small,1409
2021-12-31,JAYSREETEA,small,1410
2021-12-31,LYKALABS,small,1411
2021-12-31,GOKUL,small,1413
2021-12-31,IRISDOREME,small,1414
2021-12-31,CUPID,small,1415
2021-12-31,KOTHARIPET,small,1416
2021-12-31,OMINFRAL,small,1417
2021-12-31,BSHSL,small,1418
2021-12-31,SOUTHWEST,small,1419
2021-12-31,JPINFRATEC,small,1420
2021-12-31,HIRECT,small,1421
2021-12-31,KOTHARIPRO,small,1424
2021-12-31,AHLWEST,small,1426
2021-12-31,CHEMBOND,small,1428
2021-12-31,DONEAR,small,1430
2021-12-31,MAHESHWARI,small,1431
2021-12-31,DTIL,small,1433
2021-12-31,MCLEODRUSS,small,1434
2021-12-31,COASTCORP,small,1435
2021-12-31,DPWIRES,small,1436
2021-12-31,RAMANEWS,small,1437
2021-12-31,SHYAMCENT,small,1439
2021-12-31,PASUPTAC,small,1444
2021-12-31,REFEX,small,1445
2021-12-31,LASA,small,1446
2021-12-31,ZODIACLOTH,small,1447
2021-12-31,LIBERTSHOE,small,1448
2021-12-31,GINNIFILA,small,1449
2021-12-31,UFO,small,1451
2021-12-31,AIRAN,small,1453
2021-12-31,KOTARISUG,small,1454
2021-12-31,BROOKS,small,1457
2021-12-31,GENUSPAPER,small,1458
2021-12-31,EMKAY,small,1459
2021-12-31,SALZERELEC,small,1460
2021-12-31,ABAN,small,1461
2021-12-31,SAKUMA,small,1462
2021-12-31,BIL,small,1464
2021-12-31,MINDTECK,small,1465
2021-12-31,SDBL,small,1466
2021-12-31,OSWALAGRO,small,1467
2021-12-31,SAKAR,small,1468
2021-12-31,STEL,small,1469
2021-12-31,BIRLACABLE,small,1471
2021-12-31,GTL,small,1472
2021-12-31,KILITCH,small,1473
2021-12-31,GULFPETRO,small,1475
2021-12-31,RPPL,small,1477
2021-12-31,TEMBO,small,1478
2021-12-31,CAREERP,small,1480
2021-12-31,SHIVATEX,small,1482
2021-12-31,PARACABLES,small,1484
2021-12-31,KCPSUGIND,small,1486
2021-12-31,WANBURY,small,1490
2021-12-31,PRIMESECU,small,1492
2021-12-31,CINELINE,small,1494
2021-12-31,SHIVAMAUTO,small,1496
2021-12-31,TPLPLASTEH,small,1498
2021-12-31,ASTRON,small,1499
2021-12-31,GUJAPOLLO,small,1501
2021-12-31,BRNL,small,1502
2021-12-31,WEBELSOLAR,small,1504
2021-12-31,ALMONDZ,small,1506
2021-12-31,RAJMET,small,1510
2021-12-31,MODISNME,small,1511
2021-12-31,PREMEXPLN,small,1512
2021-12-31,SETCO,small,1515
2021-12-31,HUBTOWN,small,1517
2021-12-31,KMSUGAR,small,1518
2021-12-31,MAZDA,small,1520
2021-12-31,GPTINFRA,small,1522
2021-12-31,ARTNIRMAN,small,1523
2021-12-31,SIMPLEXINF,small,1527
2021-12-31,WEALTH,small,1529
2021-12-31,INVENTURE,small,1530
2021-12-31,CLEDUCATE,small,1531
2021-12-31,APOLLO,small,1532
2021-12-31,IRIS,small,1533
2021-12-31,ALANKIT,small,1534
2021-12-31,RNAVAL,small,1536
2021-12-31,NILAINFRA,small,1544
2021-12-31,BRFL,small,1545
2021-12-31,MBLINFRA,small,1546
2021-12-31,PRAXIS,small,1551
2021-12-31,SMSLIFE,small,1552
2021-12-31,AAKASH,small,1553
2021-12-31,CHEMFAB,small,1556
2021-12-31,EIMCOELECO,small,1560
2021-12-31,ROHLTD,small,1561
2021-12-31,ALPHAGEO,small,1568
2021-12-31,MOLDTECH,small,1569
2021-12-31,STARPAPER,small,1571
2021-12-31,HDIL,small,1572
2021-12-31,MANGALAM,small,1573
2021-12-31,WALCHANNAG,small,1577
2021-12-31,ASAL,small,1579
2021-12-31,EMAMIREAL,small,1580
2021-12-31,VETO,small,1581
2021-12-31,NDRAUTO,small,1584
2021-12-31,ACCURACY,small,1585
2021-12-31,SELAN,small,1586
2021-12-31,DUCON,small,1588
2021-12-31,SGIL,small,1589
2021-12-31,INSPIRISYS,small,1595
2021-12-31,PIONDIST,small,1599
2021-12-31,PANSARI,small,1600
2021-12-31,BIGBLOC,small,1603
2021-12-31,SINTERCOM,small,1604
2021-12-31,PONNIERODE,small,1605
2021-12-31,MANAKSTEEL,small,1606
2021-12-31,APOLSINHOT,small,1609
2021-12-31,IVC,small,1611
2021-12-31,AHLEAST,small,1612
2021-12-31,AUTOIND,small,1615
2021-12-31,ISFT,small,1617
2021-12-31,20MICRONS,small,1618
2021-12-31,AHLADA,small,1619
2021-12-31,JBFIND,small,1620
2021-12-31,ESSARSHPNG,small,1621
2021-12-31,SKMEGGPROD,small,1624
2021-12-31,WINDMACHIN,small,1625
2021-12-31,HINDMOTORS,small,1626
2021-12-31,PAR,small,1629
2021-12-31,ORBTEXP,small,1632
2021-12-31,RUCHIRA,small,1634
2021-12-31,RHFL,small,1635
2021-12-31,INDOTECH,small,1636
2021-12-31,RAJTV,small,1638
2021-12-31,GLOBE,small,1643
2021-12-31,REVATHI,small,1645
2021-12-31,DANGEE,small,1647
2021-12-31,MODIRUBBER,small,1649
2021-12-31,DENORA,small,1652
2021-12-31,RANEENGINE,small,1653
2021-12-31,JOCIL,small,1654
2021-12-31,MAANALU,small,1655
2021-12-31,INDTERRAIN,small,1656
2021-12-31,LOVABLE,small,1658
2021-12-31,EROSMEDIA,small,1660
2021-12-31,GOLDENTOBC,small,1663
2021-12-31,ANMOL,small,1665
2021-12-31,ARIES,small,1666
2021-12-31,ELGIRUBCO,small,1668
2021-12-31,SAKHTISUG,small,1671
2021-12-31,RKEC,small,1672
2021-12-31,MOKSH,small,1673
2021-12-31,UNITEDTEA,small,1675
2021-12-31,KAKATCEM,small,1676
2021-12-31,ARROWGREEN,small,1677
2021-12-31,JYOTISTRUC,small,1678
2021-12-31,MACPOWER,small,1681
2021-12-31,LGBFORGE,small,1683
2021-12-31,RPPINFRA,small,1684
2021-12-31,EMMBI,small,1686
2021-12-31,BALLARPUR,small,1690
2021-12-31,JINDALPHOT,small,1691
2021-12-31,SITINET,small,1695
2021-12-31,SUPERHOUSE,small,1697
2021-12-31,MGEL,small,1699
2021-12-31,NITCO,small,1702
2021-12-31,COMPINFO,small,1704
2021-12-31,MEGASOFT,small,1706
2021-12-31,GENCON,small,1710
2021-12-31,VIVIMEDLAB,small,1714
2021-12-31,PILITA,small,1717
2021-12-31,CORALFINAC,small,1720
2021-12-31,INTENTECH,small,1726
2021-12-31,UMANGDAIRY,small,1728
2021-12-31,ANSALAPI,small,1732
2021-12-31,ELECTHERM,small,1733
2021-12-31,CAPTRUST,small,1736
2021-12-31,PIONEEREMB,small,1738
2021-12-31,AJRINFRA,small,1740
2021-12-31,SHREYANIND,small,1742
2021-12-31,GANGAFORGE,small,1743
2021-12-31,NIRAJ,small,1744
2021-12-31,TIL,small,1747
2021-12-31,ASIANHOTNR,small,1748
2021-12-31,JHS,small,1749
2021-12-31,TEXMOPIPES,small,1750
2021-12-31,PRITIKAUTO,small,1751
2021-12-31,VIPCLOTHNG,small,1754
2021-12-31,TTL,small,1756
2021-12-31,JPOLYINVST,small,1759
2021-12-31,PREMIERPOL,small,1760
2021-12-31,SUNDRMBRAK,small,1761
2021-12-31,AKSHOPTFBR,small,1762
2021-12-31,BHAGYANGR,small,1764
2021-12-31,RUCHINFRA,small,1767
2021-12-31,IITL,small,1770
2021-12-31,VIKASECO,small,1775
2021-12-31,DSSL,small,1776
2021-12-31,JMA,small,1777
2021-12-31,GSS,small,1781
2021-12-31,BALPHARMA,small,1782
2021-12-31,WORTH,small,1783
2021-12-31,RVHL,small,1785
2021-12-31,BEDMUTHA,small,1788
2021-12-31,SEYAIND,small,1789
2021-12-31,VISASTEEL,small,1793
2021-12-31,JMTAUTOLTD,small,1796
2021-12-31,TRF,small,1799
2021-12-31,DEEPENR,small,1803
2021-12-31,ASPINWALL,small,1804
2021-12-31,NDGL,small,1807
2021-12-31,MURUDCERA,small,1809
2021-12-31,MAHAPEXLTD,small,1810
2021-12-31,PALREDTEC,small,1815
2021-12-31,PRAENG,small,1816
2021-12-31,IL&FSTRANS,small,1818
2021-12-31,SPLIL,small,1820
2021-12-31,AMJLAND,small,1822
2021-12-31,BHARATGEAR,small,1823
2021-12-31,SIGIND,small,1824
2021-12-31,KECL,small,1825
2021-12-31,ROHITFERRO,small,1829
2021-12-31,DCM,small,1831
2021-12-31,MAHASTEEL,small,1833
2021-12-31,MBECL,small,1837
2021-12-31,VERTOZ,small,1838
2021-12-31,SMLT,small,1839
2021-12-31,INCREDIBLE,small,1840
2021-12-31,REMSONSIND,small,1842
2021-12-31,TCIDEVELOP,small,1849
2021-12-31,NGIL,small,1852
2021-12-31,PVP,small,1858
2021-12-31,BYKE,small,1859
2021-12-31,GROBTEA,small,1860
2021-12-31,ATLANTA,small,1861
2021-12-31,GRPLTD,small,1862
2021-12-31,ONEPOINT,small,1868
2021-12-31,MANAKALUCO,small,1871
2021-12-31,IVP,small,1873
2021-12-31,COMPUSOFT,small,1874
2021-12-31,NOIDATOLL,small,1876
2021-12-31,INDOSOLAR,small,1880
2021-12-31,WELINV,small,1881
2021-12-31,ROML,small,1883
2021-12-31,IZMO,small,1886
2021-12-31,KAMATHOTEL,small,1890
2021-12-31,CTE,small,1891
2021-12-31,PODDARHOUS,small,1892
2021-12-31,TOUCHWOOD,small,1894
2021-12-31,MCDHOLDING,small,1901
2021-12-31,CCHHL,small,1905
2021-12-31,SMARTLINK,small,1909
2021-12-31,ALPA,small,1914
2021-12-31,ICEMAKE,small,1916
2021-12-31,GILLANDERS,small,1917
2021-12-31,DRCSYSTEMS,small,1922
2021-12-31,SHRENIK,small,1923
2021-12-31,MANAKCOAT,small,1924
2021-12-31,GOLDTECH,small,1926
2021-12-31,SURANAT&P,small,1928
2021-12-31,MCL,small,1929
2021-12-31,SIMBHALS,small,1933
2021-12-31,INDOTHAI,small,1935
2021-12-31,INDIANCARD,small,1938
2021-12-31,INDOWIND,small,1940
2021-12-31,DAMODARIND,small,1943
2021-12-31,INDBANK,small,1946
2021-12-31,AARON,small,1947
2021-12-31,OMAXAUTO,small,1950
2021-12-31,AROGRANITE,small,1951
2021-12-31,SUNDARAM,small,1954
2021-12-31,SALONA,small,1955
2021-12-31,BIOFILCHEM,small,1958
2021-12-31,OPTOCIRCUI,small,1960
2021-12-31,SURYALAXMI,small,1962
2021-12-31,ABMINTLLTD,small,1964
2021-12-31,ROLTA,small,1969
2021-12-31,BHAGYAPROP,small,1975
2021-12-31,KERNEX,small,1976
2021-12-31,SIL,small,1977
2021-12-31,TIRUPATIFL,small,1981
2021-12-31,AUSOMENT,small,1982
2021-12-31,KANANIIND,small,1983
2021-12-31,ARVEE,small,1984
2021-12-31,MOTOGENFIN,small,1987
2021-12-31,PKTEA,small,1994
2021-12-31,TOKYOPLAST,small,1997
2021-12-31,LOTUSEYE,small,1998
2021-12-31,MUKTAARTS,small,2002
2021-12-31,A2ZINFRA,small,2007
2021-12-31,AARVI,small,2008
2021-12-31,AIROLAM,small,2010
2021-12-31,MRO-TEK,small,2017
2021-12-31,LAGNAM,small,2019
2021-12-31,SBC,small,2021
2021-12-31,NECCLTD,small,2022
2021-12-31,GEEKAYWIRE,small,2023
2021-12-31,STEELCITY,small,2024
2021-12-31,WEIZMANIND,small,2030
2021-12-31,CINEVISTA,small,2031
2021-12-31,LAMBODHARA,small,2032
2021-12-31,KAPSTON,small,2036
2021-12-31,TARMAT,small,2038
2021-12-31,LOKESHMACH,small,2042
2021-12-31,RSSOFTWARE,small,2047
2021-12-31,SALSTEEL,small,2056
2021-12-31,SUMEETINDS,small,2058
2021-12-31,IMAGICAA,small,2061
2021-12-31,GANGESSECU,small,2066
2021-12-31,AAREYDRUGS,small,2067
2021-12-31,DGCONTENT,small,2071
2021-12-31,SHIVAMILLS,small,2075
2021-12-31,RAJSREESUG,small,2078
2021-12-31,NILASPACES,small,2079
2021-12-31,ALKALI,small,2081
2021-12-31,LIBAS,small,2087
2021-12-31,TOTAL,small,2091
2021-12-31,SURANASOL,small,2093
2021-12-31,VISESHINFO,small,2100
2021-12-31,FOCUS,small,2101
2021-12-31,SICAL,small,2103
2021-12-31,ICDSLTD,small,2109
2021-12-31,BSL,small,2110
2021-12-31,GLOBALVECT,small,2116
2021-12-31,TREJHARA,small,2117
2021-12-31,CENTEXT,small,2118
2021-12-31,VINEETLAB,small,2121
2021-12-31,SKIL,small,2122
2021-12-31,SHREERAMA,small,2131
2021-12-31,PALASHSECU,small,2132
2021-12-31,PANACHE,small,2133
2021-12-31,SRPL,small,2135
2021-12-31,SAGARDEEP,small,2137
2021-12-31,LPDC,small,2139
2021-12-31,HOVS,small,2143
2021-12-31,PUNJLLOYD,small,2145
2021-12-31,DHRUV,small,2152
2021-12-31,BANKA,small,2156
2021-12-31,TAINWALCHM,small,2157
2021-12-31,PATINTLOG,small,2160
2021-12-31,CMICABLES,small,2162
2021-12-31,ROLLT,small,2165
2021-12-31,CORDSCABLE,small,2167
2021-12-31,ORIENTLTD,small,2173
2021-12-31,KALYANIFRG,small,2175
2021-12-31,ARCHIDPLY,small,2187
2021-12-31,HISARMETAL,small,2194
2021-12-31,SAMBHAAV,small,2196
2021-12-31,PRESSMN,small,2198
2021-12-31,MICEL,small,2211
2021-12-31,MORARJEE,small,2213
2021-12-31,IL&FSENGG,small,2214
2021-12-31,TERASOFT,small,2215
2021-12-31,JAIPURKURT,small,2226
2021-12-31,STAMPEDE,small,2227
2021-12-31,ARSSINFRA,small,2232
2021-12-31,BAGFILMS,small,2234
2021-12-31,DHARSUGAR,small,2238
2021-12-31,SIKKO,small,2242
2021-12-31,ZODIAC,small,2244
2021-12-31,HINDCON,small,2249
2021-12-31,DBSTOCKBRO,small,2250
2021-12-31,ENERGYDEV,small,2251
2021-12-31,DELTAMAGNT,small,2252
2021-12-31,UTTAMSTL,small,2255
2021-12-31,SUPERSPIN,small,2258
2021-12-31,SUPREMEENG,small,2259
2021-12-31,ARCHIES,small,2263
2021-12-31,UNIVASTU,small,2264
2021-12-31,MTEDUCARE,small,2271
2021-12-31,UJAAS,small,2273
2021-12-31,BHANDARI,small,2284
2021-12-31,BLBLIMITED,small,2286
2021-12-31,FMNL,small,2290
2021-12-31,PNC,small,2291
2021-12-31,AMDIND,small,2293
2021-12-31,ANKITMETAL,small,2295
2021-12-31,MALUPAPER,small,2298
2021-12-31,ANIKINDS,small,2299
2021-12-31,KEYFINSERV,small,2300
2021-12-31,SERVOTECH,small,2303
2021-12-31,SOMICONVEY,small,2304
2021-12-31,AJOONI,small,2307
2021-12-31,MERCATOR,small,2311
2021-12-31,JETFREIGHT,small,2314
2021-12-31,INDSWFTLTD,small,2332
2021-12-31,SHAHALLOYS,small,2333
2021-12-31,AARVEEDEN,small,2338
2021-12-31,SHRADHA,small,2339
2021-12-31,SANWARIA,small,2340
2021-12-31,SEPOWER,small,2343
2021-12-31,GODHA,small,2344
2021-12-31,MARSHALL,small,2351
2021-12-31,NITIRAJ,small,2352
2021-12-31,VARDMNPOLY,small,2358
2021-12-31,PRAKASHSTL,small,2361
2021-12-31,CELEBRITY,small,2365
2021-12-31,NIBL,small,2371
2021-12-31,MADHAV,small,2374
2021-12-31,SPMLINFRA,small,2381
2021-12-31,KRIDHANINF,small,2383
2021-12-31,BVCL,small,2387
2021-12-31,WIPL,small,2388
2021-12-31,BANG,small,2390
2021-12-31,SUPREMEINF,small,2391
2021-12-31,SANGINITA,small,2403
2021-12-31,BANARBEADS,small,2417
2021-12-31,OMKARCHEM,small,2421
2021-12-31,FLEXITUFF,small,2422
2021-12-31,GLOBAL,small,2424
2021-12-31,ZENITHEXPO,small,2428
2021-12-31,ANSALHSG,small,2433
2021-12-31,MADHUCON,small,2436
2021-12-31,NITINFIRE,small,2444
2021-12-31,21STCENMGM,small,2460
2021-12-31,MANUGRAPH,small,2466
2021-12-31,NAGREEKEXP,small,2468
2021-12-31,TIMESGTY,small,2470
2021-12-31,GAL,small,2482
2021-12-31,VASWANI,small,2490
2021-12-31,CALSOFT,small,2497
2021-12-31,TREEHOUSE,small,2503
2021-12-31,SGL,small,2505
2021-12-31,BEARDSELL,small,2509
2021-12-31,NEXTMEDIA,small,2510
2021-12-31,EDUCOMP,small,2511
2021-12-31,GOENKA,small,2512
2021-12-31,LAXMICOT,small,2518
2021-12-31,SUMIT,small,2526
2021-12-31,VAISHALI,small,2532
2021-12-31,CUBEXTUB,small,2544
2021-12-31,EASTSILK,small,2556
2021-12-31,EXCEL,small,2560
2021-12-31,OILCOUNTUB,small,2565
2021-12-31,SILGO,small,2568
2021-12-31,UNITEDPOLY,small,2575
2021-12-31,TMRVL,small,2577
2021-12-31,AGROPHOS,small,2585
2021-12-31,TNTELE,small,2587
2021-12-31,AGRITECH,small,2588
2021-12-31,DIGJAMLMTD,small,2608
2021-12-31,HECPROJECT,small,2614
2021-12-31,AKG,small,2619
2021-12-31,MAGNUM,small,2639
2021-12-31,SPCENET,small,2643
2021-12-31,AMBICAAGAR,small,2648
2021-12-31,DIAPOWER,small,2654
2021-12-31,MUKANDENGG,small,2655
2021-12-31,LFIC,small,2669
2021-12-31,MANGTIMBER,small,2673
2021-12-31,RKDL,small,2686
2021-12-31,COX&KINGS,small,2692
2021-12-31,SOMATEX,small,2693
2021-12-31,ARIHANT,small,2702
2021-12-31,PATSPINLTD,small,2710
2021-12-31,DNAMEDIA,small,2712
2021-12-31,BALKRISHNA,small,2723
2021-12-31,VIVIDHA,small,2728
2021-12-31,ORIENTALTL,small,2729
2021-12-31,PEARLPOLY,small,2735
2021-12-31,CCCL,small,2737
2021-12-31,BURNPUR,small,2752
2021-12-31,HBSL,small,2755
2021-12-31,LCCINFOTEC,small,2756
2021-12-31,TGBHOTELS,small,2757
2021-12-31,KARMAENG,small,2759
2021-12-31,WILLAMAGOR,small,2764
2021-12-31,COUNCODOS,small,2776
2021-12-31,OISL,small,2779
2021-12-31,3PLAND,small,2782
2021-12-31,ORTINLAB,small,2785
2021-12-31,METALFORGE,small,2788
2021-12-31,INFOMEDIA,small,2805
2021-12-31,SHANTI,small,2806
2021-12-31,ADL,small,2812
2021-12-31,SPYL,small,2823
2021-12-31,SILLYMONKS,small,2848
2021-12-31,GAYAHWS,small,2881
2021-12-31,GUJRAFFIA,small,2892
2021-12-31,ONELIFECAP,small,2900
2021-12-31,KHANDSE,small,2908
2021-12-31,WSI,small,2917
2021-12-31,TIJARIA,small,2919
2021-12-31,NATNLSTEEL,small,2925
2021-12-31,NKIND,small,2929
2021-12-31,VIJIFIN,small,2931
2021-12-31,KEERTI,small,2945
2021-12-31,ADROITINFO,small,2954
2021-12-31,TANTIACONS,small,2963
2021-12-31,ATLASCYCLE,small,2971
2021-12-31,HILTON,small,2977
2021-12-31,MOHITIND,small,2979
2021-12-31,RMCL,small,2982
2021-12-31,SETUINFRA,small,2992
2021-12-31,SATHAISPAT,small,3034
2021-12-31,ZENITHSTL,small,3041
2021-12-31,HAVISHA,small,3047
2021-12-31,PREMIER,small,3057
2021-12-31,CYBERMEDIA,small,3059
2021-12-31,S&SPOWER,small,3070
2021-12-31,PBAINFRA,small,3084
2021-12-31,INTEGRA,small,3090
2021-12-31,VICEROY,small,3111
2021-12-31,SPENTEX,small,3119
2021-12-31,JINDCOT,small,3121
2021-12-31,LYPSAGEMS,small,3138
2021-12-31,TFL,small,3143
2021-12-31,BARTRONICS,small,3155
2021-12-31,KHAITANLTD,small,3157
2021-12-31,MITTAL,small,3166
2021-12-31,SELMC,small,3175
2021-12-31,BILENERGY,small,3183
2021-12-31,SHYAMTEL,small,3203
2021-12-31,NTL,small,3222
2021-12-31,KAVVERITEL,small,3230
2021-12-31,MOHOTAIND,small,3239
2021-12-31,PDPL,small,3244
2021-12-31,ALPSINDUS,small,3251
2021-12-31,UMESLTD,small,3269
2021-12-31,INDLMETER,small,3279
2021-12-31,MASKINVEST,small,3329
2021-12-31,NAGREEKCAP,small,3349
2021-12-31,GTNTEX,small,3371
2021-12-31,GFSTEELS,small,3387
2021-12-31,EUROTEXIND,small,3389
2021-12-31,SANCO,small,3390
2021-12-31,IMPEXFERRO,small,3398
2021-12-31,DALALSTCOM,small,3400
2021-12-31,ANTGRAPHIC,small,3405
2021-12-31,ARENTERP,small,3462
2021-12-31,BKMINDST,small,3468
2021-12-31,TVVISION,small,3477
2021-12-31,KAUSHALYA,small,3482
2021-12-31,CANDC,small,3485
2021-12-31,EASUNREYRL,small,3486
2021-12-31,TARAPUR,small,3517
2021-12-31,GLFL,small,3544
2021-12-31,TECHIN,small,3549
2021-12-31,BLUECOAST,small,3560
2021-12-31,SUBCAPCITY,small,3586
2021-12-31,THOMASCOTT,small,3614
2021-12-31,SABTN,small,3627
2021-12-31,TCIFINANCE,small,3681
2021-12-31,RADAAN,small,3687
2021-12-31,PAEL,small,3715
2021-12-31,CREATIVEYE,small,3718
2021-12-31,TECHNOFAB,small,3732
2021-12-31,NIRAJISPAT,small,3749
2021-12-31,ZICOM,small,3759
2021-12-31,DCMFINSERV,small,3839
2021-12-31,KALYANI,small,3848
2021-12-31,MELSTAR,small,3856
2021-12-31,HOTELRUGBY,small,3864
2021-12-31,SEJALLTD,small,3872
2021-12-31,NORBTEAEXP,small,3910
2021-12-31,LAKPRE,small,3939
2021-12-31,REGENCERAM,small,3974
2021-12-31,SABEVENTS,small,4014
2021-12-31,JAINSTUDIO,small,4136
2021-12-31,BGLOBAL,small,4155
2021-12-31,ORTEL,small,4163
2021-12-31,JIKIND,small,4229
2021-12-31,GANGOTRI,small,4238
2021-12-31,QUINTEGRA,small,4301
2021-12-31,GISOLUTION,small,4317
2021-12-31,RAJVIR,small,4346
2021-12-31,BLUECHIP,small,4541
2021-12-31,ATNINTER,small,4889
2022-06-30,RELIANCE,large,1
2022-06-30,TCS,large,2
2022-06-30,HDFCBANK,large,3
2022-06-30,INFY,large,4
2022-06-30,HINDUNILVR,large,5
2022-06-30,ICICIBANK,large,6
2022-06-30,LICI,large,7
2022-06-30,SBIN,large,8
2022-06-30,HDFC,large,9
2022-06-30,BHARTIARTL,large,10
2022-06-30,BAJFINANCE,large,11
2022-06-30,KOTAKBANK,large,12
2022-06-30,ADANIGREEN,large,13
2022-06-30,ITC,large,14
2022-06-30,HCLTECH,large,15
2022-06-30,WIPRO,large,16
2022-06-30,ASIANPAINT,large,17
2022-06-30,DMART,large,18
2022-06-30,LT,large,19
2022-06-30,ADANITRANS,large,20
2022-06-30,MARUTI,large,21
2022-06-30,BAJAJFINSV,large,22
2022-06-30,ATGL,large,23
2022-06-30,AXISBANK,large,24
2022-06-30,ADANIENT,large,25
2022-06-30,TITAN,large,26
2022-06-30,SUNPHARMA,large,27
2022-06-30,ONGC,large,28
2022-06-30,ULTRACEMCO,large,29
2022-06-30,TATAMOTORS,large,31
2022-06-30,JSWSTEEL,large,32
2022-06-30,ADANIPORTS,large,33
2022-06-30,POWERGRID,large,34
2022-06-30,TATASTEEL,large,35
2022-06-30,NTPC,large,36
2022-06-30,TECHM,large,37
2022-06-30,HINDZINC,large,38
2022-06-30,VEDL,large,39
2022-06-30,HDFCLIFE,large,40
2022-06-30,PIDILITIND,large,41
2022-06-30,SBILIFE,large,42
2022-06-30,IOC,large,43
2022-06-30,DIVISLAB,large,44
2022-06-30,M&M,large,45
2022-06-30,COALINDIA,large,46
2022-06-30,HINDALCO,large,47
2022-06-30,GRASIM,large,48
2022-06-30,BAJAJ-AUTO,large,49
2022-06-30,LTI,large,50
2022-06-30,DABUR,large,51
2022-06-30,DLF,large,52
2022-06-30,SHREECEM,large,53
2022-06-30,SIEMENS,large,54
2022-06-30,BRITANNIA,large,55
2022-06-30,GODREJCP,large,56
2022-06-30,CIPLA,large,57
2022-06-30,BPCL,large,58
2022-06-30,SBICARD,large,59
2022-06-30,NYKAA,large,60
2022-06-30,ADANIPOWER,large,61
2022-06-30,HAVELLS,large,62
2022-06-30,TATAPOWER,large,63
2022-06-30,ICICIPRULI,large,64
2022-06-30,INDIGO,large,65
2022-06-30,SRF,large,66
2022-06-30,EICHERMOT,large,67
2022-06-30,INDUSINDBK,large,68
2022-06-30,AWL,large,69
2022-06-30,DRREDDY,large,70
2022-06-30,AMBUJACEM,large,71
2022-06-30,TATACONSUM,large,72
2022-06-30,BERGEPAINT,large,73
2022-06-30,GAIL,large,74
2022-06-30,MARICO,large,75
2022-06-30,ZOMATO,large,76
2022-06-30,ICICIGI,large,77
2022-06-30,APOLLOHOSP,large,78
2022-06-30,MCDOWELL-N,large,79
2022-06-30,MINDTREE,large,80
2022-06-30,INDUSTOWER,large,81
2022-06-30,IRCTC,large,82
2022-06-30,UPL,large,83
2022-06-30,BAJAJHLDNG,large,84
2022-06-30,NAUKRI,large,85
2022-06-30,CHOLAFIN,large,86
2022-06-30,MPHASIS,large,87
2022-06-30,BEL,large,88
2022-06-30,BANKBARODA,large,89
2022-06-30,MOTHERSON,large,90
2022-06-30,LODHA,large,91
2022-06-30,GLAND,large,92
2022-06-30,MUTHOOTFIN,large,93
2022-06-30,HAL,large,94
2022-06-30,PEL,large,95
2022-06-30,HEROMOTOCO,large,96
2022-06-30,BANDHANBNK,large,97
2022-06-30,JSWENERGY,large,98
2022-06-30,PAYTM,large,99
2022-06-30,TORNTPHARM,large,100
2022-06-30,TATAELXSI,mid,101
2022-06-30,PAGEIND,mid,102
2022-06-30,PGHH,mid,103
2022-06-30,ABB,mid,104
2022-06-30,IDBI,mid,105
2022-06-30,LTTS,mid,106
2022-06-30,JINDALSTEL,mid,107
2022-06-30,HDFCAMC,mid,108
2022-06-30,BOSCHLTD,mid,109
2022-06-30,VBL,mid,110
2022-06-30,GODREJPROP,mid,111
2022-06-30,BIOCON,mid,112
2022-06-30,NMDC,mid,113
2022-06-30,BALKRISIND,mid,114
2022-06-30,COLPAL,mid,115
2022-06-30,ACC,mid,116
2022-06-30,STARHEALTH,mid,117
2022-06-30,PIIND,mid,118
2022-06-30,TRENT,mid,119
2022-06-30,UBL,mid,120
2022-06-30,AUBANK,mid,121
2022-06-30,CANBK,mid,122
2022-06-30,ALKEM,mid,123
2022-06-30,ASTRAL,mid,124
2022-06-30,HINDPETRO,mid,125
2022-06-30,PNB,mid,126
2022-06-30,GUJGASLTD,mid,127
2022-06-30,CONCOR,mid,128
2022-06-30,SAIL,mid,129
2022-06-30,VOLTAS,mid,130
2022-06-30,ZYDUSLIFE,mid,131
2022-06-30,JUBLFOOD,mid,132
2022-06-30,ASHOKLEY,mid,133
2022-06-30,DELHIVERY,mid,134
2022-06-30,SONACOMS,mid,135
2022-06-30,AUROPHARMA,mid,137
2022-06-30,POLYCAB,mid,138
2022-06-30,MAXHEALTH,mid,139
2022-06-30,IOB,mid,140
2022-06-30,HONAUT,mid,141
2022-06-30,LUPIN,mid,142
2022-06-30,YESBANK,mid,143
2022-06-30,TATACOMM,mid,144
2022-06-30,POLICYBZR,mid,145
2022-06-30,BHARATFORG,mid,146
2022-06-30,TIINDIA,mid,147
2022-06-30,OBEROIRLTY,mid,148
2022-06-30,AARTIIND,mid,149
2022-06-30,PETRONET,mid,150
2022-06-30,SRTRANSFIN,mid,151
2022-06-30,TVSMOTOR,mid,152
2022-06-30,PERSISTENT,mid,153
2022-06-30,SCHAEFFLER,mid,154
2022-06-30,NHPC,mid,155
2022-06-30,RUCHI,mid,156
2022-06-30,IDEA,mid,157
2022-06-30,PFC,mid,158
2022-06-30,FLUOROCHEM,mid,159
2022-06-30,OFSS,mid,160
2022-06-30,INDHOTEL,mid,161
2022-06-30,TTML,mid,162
2022-06-30,MRF,mid,163
2022-06-30,DALBHARAT,mid,164
2022-06-30,LAURUSLABS,mid,165
2022-06-30,DEEPAKNTR,mid,166
2022-06-30,IRFC,mid,167
2022-06-30,MFSL,mid,168
2022-06-30,RELAXO,mid,169
2022-06-30,CUMMINSIND,mid,170
2022-06-30,MINDAIND,mid,171
2022-06-30,UNIONBANK,mid,172
2022-06-30,ATUL,mid,173
2022-06-30,GLAXO,mid,174
2022-06-30,IGL,mid,175
2022-06-30,ABCAPITAL,mid,176
2022-06-30,TRIDENT,mid,177
2022-06-30,COFORGE,mid,178
2022-06-30,ABFRL,mid,179
2022-06-30,LINDEINDIA,mid,180
2022-06-30,OIL,mid,181
2022-06-30,IDFCFIRSTB,mid,182
2022-06-30,KANSAINER,mid,183
2022-06-30,SUPREMEIND,mid,184
2022-06-30,ZEEL,mid,185
2022-06-30,IPCALAB,mid,186
2022-06-30,RECLTD,mid,187
2022-06-30,DIXON,mid,188
2022-06-30,COROMANDEL,mid,189
2022-06-30,CGPOWER,mid,190
2022-06-30,CROMPTON,mid,191
2022-06-30,TORNTPOWER,mid,192
2022-06-30,3MINDIA,mid,193
2022-06-30,BATAINDIA,mid,194
2022-06-30,TATACHEM,mid,195
2022-06-30,MANYAVAR,mid,196
2022-06-30,THERMAX,mid,197
2022-06-30,SOLARINDS,mid,198
2022-06-30,GMRINFRA,mid,199
2022-06-30,SYNGENE,mid,200
2022-06-30,ESCORTS,mid,201
2022-06-30,APLAPOLLO,mid,202
2022-06-30,CRISIL,mid,203
2022-06-30,HATSUN,mid,204
2022-06-30,SUNDARMFIN,mid,205
2022-06-30,LALPATHLAB,mid,206
2022-06-30,KPRMILL,mid,207
2022-06-30,GICRE,mid,208
2022-06-30,WHIRLPOOL,mid,210
2022-06-30,CLEAN,mid,211
2022-06-30,MSUMI,mid,212
2022-06-30,JKCEMENT,mid,213
2022-06-30,SUMICHEM,mid,214
2022-06-30,EMAMILTD,mid,215
2022-06-30,M&MFIN,mid,216
2022-06-30,VINATIORGA,mid,217
2022-06-30,RAJESHEXPO,mid,218
2022-06-30,PFIZER,mid,219
2022-06-30,BANKINDIA,mid,220
2022-06-30,LICHSGFIN,mid,221
2022-06-30,TANLA,mid,222
2022-06-30,POONAWALLA,mid,223
2022-06-30,FEDERALBNK,mid,224
2022-06-30,DEVYANI,mid,225
2022-06-30,AAVAS,mid,226
2022-06-30,FORTIS,mid,227
2022-06-30,NAM-INDIA,mid,228
2022-06-30,NATIONALUM,mid,229
2022-06-30,GRINDWELL,mid,230
2022-06-30,ISEC,mid,231
2022-06-30,IEX,mid,232
2022-06-30,NAVINFLUOR,mid,233
2022-06-30,INDIANB,mid,234
2022-06-30,NIACL,mid,235
2022-06-30,L&TFH,mid,236
2022-06-30,ENDURANCE,mid,237
2022-06-30,SUNTV,mid,238
2022-06-30,BHEL,mid,239
2022-06-30,RAMCOCEM,mid,240
2022-06-30,PRESTIGE,mid,241
2022-06-30,PHOENIXLTD,mid,242
2022-06-30,AIAENG,mid,243
2022-06-30,KAJARIACER,mid,244
2022-06-30,GODREJIND,mid,245
2022-06-30,SKFINDIA,mid,246
2022-06-30,SUNDRMFAST,mid,247
2022-06-30,CHAMBLFERT,mid,248
2022-06-30,CENTRALBK,mid,249
2022-06-30,GILLETTE,mid,250
2022-06-30,SANOFI,small,251
2022-06-30,DCMSHRIRAM,small,252
2022-06-30,AJANTPHARM,small,253
2022-06-30,APTUS,small,254
2022-06-30,SFL,small,255
2022-06-30,BLUEDART,small,256
2022-06-30,TIMKEN,small,257
2022-06-30,AFFLE,small,258
2022-06-30,KPITTECH,small,259
2022-06-30,ALKYLAMINE,small,260
2022-06-30,GSPL,small,261
2022-06-30,HAPPSTMNDS,small,262
2022-06-30,METROBRAND,small,263
2022-06-30,CARBORUNIV,small,264
2022-06-30,INDIAMART,small,265
2022-06-30,APLLTD,small,266
2022-06-30,ZFCVINDIA,small,267
2022-06-30,GRINFRA,small,268
2022-06-30,NATCOPHARM,small,269
2022-06-30,UCOBANK,small,270
2022-06-30,ABSLAMC,small,271
2022-06-30,CDSL,small,272
2022-06-30,IIFLWAM,small,273
2022-06-30,NH,small,274
2022-06-30,SUVENPHAR,small,275
2022-06-30,KIOCL,small,276
2022-06-30,IRB,small,277
2022-06-30,CENTURYPLY,small,278
2022-06-30,POWERINDIA,small,279
2022-06-30,NUVOCO,small,280
2022-06-30,EXIDEIND,small,281
2022-06-30,CREDITACC,small,282
2022-06-30,BCG,small,283
2022-06-30,FINEORG,small,284
2022-06-30,APOLLOTYRE,small,285
2022-06-30,MOTILALOFS,small,286
2022-06-30,JBCHEPHARM,small,287
2022-06-30,ALOKINDS,small,288
2022-06-30,GLENMARK,small,289
2022-06-30,BAJAJELEC,small,290
2022-06-30,VTL,small,291
2022-06-30,RADICO,small,292
2022-06-30,MAHABANK,small,293
2022-06-30,CAMS,small,294
2022-06-30,BASF,small,295
2022-06-30,BSOFT,small,296
2022-06-30,IIFL,small,297
2022-06-30,CHOLAHLDNG,small,298
2022-06-30,ANGELONE,small,299
2022-06-30,TTKPRESTIG,small,300
2022-06-30,MEDPLUS,small,301
2022-06-30,ASAHIINDIA,small,302
2022-06-30,REDINGTON,small,303
2022-06-30,SJVN,small,304
2022-06-30,SHRIRAMCIT,small,305
2022-06-30,BDL,small,306
2022-06-30,HINDCOPPER,small,307
2022-06-30,CGCL,small,308
2022-06-30,METROPOLIS,small,309
2022-06-30,CASTROLIND,small,310
2022-06-30,BRIGADE,small,311
2022-06-30,KEC,small,312
2022-06-30,AMBER,small,313
2022-06-30,ELGIEQUIP,small,314
2022-06-30,UTIAMC,small,315
2022-06-30,RATNAMANI,small,316
2022-06-30,MRPL,small,317
2022-06-30,LXCHEM,small,318
2022-06-30,KIMS,small,319
2022-06-30,KEI,small,320
2022-06-30,GALAXYSURF,small,321
2022-06-30,PVR,small,322
2022-06-30,CESC,small,323
2022-06-30,LAXMIMACH,small,324
2022-06-30,ZYDUSWELL,small,325
2022-06-30,CAMPUS,small,326
2022-06-30,MANAPPURAM,small,327
2022-06-30,BSE,small,328
2022-06-30,BALAMINES,small,329
2022-06-30,GNFC,small,330
2022-06-30,HFCL,small,331
2022-06-30,FINPIPE,small,332
2022-06-30,QUESS,small,333
2022-06-30,BLUESTARCO,small,334
2022-06-30,WELSPUNIND,small,335
2022-06-30,CUB,small,336
2022-06-30,INTELLECT,small,337
2022-06-30,GODREJAGRO,small,338
2022-06-30,CYIENT,small,339
2022-06-30,AETHER,small,340
2022-06-30,NLCINDIA,small,341
2022-06-30,ROUTE,small,342
2022-06-30,TV18BRDCST,small,343
2022-06-30,AMARAJABAT,small,344
2022-06-30,GRAPHITE,small,345
2022-06-30,ITI,small,346
2022-06-30,ERIS,small,347
2022-06-30,VGUARD,small,348
2022-06-30,CENTURYTEX,small,349
2022-06-30,ASTERDM,small,350
2022-06-30,IDFC,small,352
2022-06-30,FSL,small,353
2022-06-30,SUZLON,small,354
2022-06-30,RENUKA,small,355
2022-06-30,VIPIND,small,356
2022-06-30,LATENTVIEW,small,357
2022-06-30,BALRAMCHIN,small,358
2022-06-30,EIHOTEL,small,359
2022-06-30,JSL,small,360
2022-06-30,BIRLACORPN,small,361
2022-06-30,NETWORK18,small,362
2022-06-30,CHEMPLASTS,small,363
2022-06-30,AKZOINDIA,small,364
2022-06-30,EIDPARRY,small,365
2022-06-30,SAREGAMA,small,366
2022-06-30,RHIM,small,367
2022-06-30,ANURAS,small,368
2022-06-30,SHYAMMETL,small,369
2022-06-30,BORORENEW,small,370
2022-06-30,ALLCARGO,small,371
2022-06-30,MASTEK,small,372
2022-06-30,FACT,small,373
2022-06-30,JUBLINGREA,small,374
2022-06-30,ZENSARTECH,small,375
2022-06-30,INDIGOPNTS,small,376
2022-06-30,SONATSOFTW,small,377
2022-06-30,ECLERX,small,378
2022-06-30,STLTECH,small,379
2022-06-30,POLYMED,small,380
2022-06-30,KNRCON,small,381
2022-06-30,MAPMYINDIA,small,382
2022-06-30,SAPPHIRE,small,383
2022-06-30,JSLHISAR,small,384
2022-06-30,SPLPETRO,small,385
2022-06-30,MGL,small,386
2022-06-30,SUNCLAYLTD,small,387
2022-06-30,MAHINDCIE,small,388
2022-06-30,RBLBANK,small,389
2022-06-30,PGHL,small,390
2022-06-30,CANFINHOME,small,391
2022-06-30,EASEMYTRIP,small,392
2022-06-30,AEGISCHEM,small,393
2022-06-30,LUXIND,small,394
2022-06-30,IBULHSGFIN,small,396
2022-06-30,PRINCEPIPE,small,397
2022-06-30,HUDCO,small,398
2022-06-30,GRANULES,small,399
2022-06-30,TATAINVEST,small,400
2022-06-30,SYMPHONY,small,401
2022-06-30,PSB,small,402
2022-06-30,SIS,small,403
2022-06-30,SPARC,small,404
2022-06-30,JUBLPHARMA,small,405
2022-06-30,DEEPAKFERT,small,407
2022-06-30,NBCC,small,408
2022-06-30,SUNTECK,small,409
2022-06-30,RVNL,small,410
2022-06-30,DELTACORP,small,411
2022-06-30,VAIBHAVGBL,small,412
2022-06-30,ASTRAZEN,small,413
2022-06-30,POLYPLEX,small,414
2022-06-30,TCIEXP,small,415
2022-06-30,PRAJIND,small,416
2022-06-30,TRIVENI,small,417
2022-06-30,BBTC,small,419
2022-06-30,MMTC,small,420
2022-06-30,ORIENTELEC,small,421
2022-06-30,VMART,small,423
2022-06-30,PNCINFRA,small,424
2022-06-30,PRIVISCL,small,425
2022-06-30,PNBHOUSING,small,426
2022-06-30,SOBHA,small,427
2022-06-30,BEML,small,428
2022-06-30,GMMPFAUDLR,small,429
2022-06-30,HOMEFIRST,small,431
2022-06-30,AVANTIFEED,small,432
2022-06-30,RTNINDIA,small,433
2022-06-30,TEAMLEASE,small,434
2022-06-30,KALYANKJIL,small,435
2022-06-30,JMFINANCIL,small,436
2022-06-30,NIITLTD,small,437
2022-06-30,FINCABLES,small,438
2022-06-30,SWSOLAR,small,439
2022-06-30,RAIN,small,440
2022-06-30,JUSTDIAL,small,441
2022-06-30,EQUITASBNK,small,442
2022-06-30,GARFIBRES,small,443
2022-06-30,INDIACEM,small,444
2022-06-30,GREENPANEL,small,445
2022-06-30,RITES,small,446
2022-06-30,PRSMJOHNSN,small,447
2022-06-30,GLS,small,448
2022-06-30,TRITURBINE,small,449
2022-06-30,JBMA,small,450
2022-06-30,JINDWORLD,small,451
2022-06-30,GODFRYPHLP,small,453
2022-06-30,GAEL,small,455
2022-06-30,GSFC,small,456
2022-06-30,CERA,small,458
2022-06-30,GUJALKALI,small,459
2022-06-30,CAPLIPOINT,small,460
2022-06-30,CHALET,small,461
2022-06-30,EDELWEISS,small,462
2022-06-30,KALPATPOWR,small,463
2022-06-30,VARROC,small,464
2022-06-30,SCI,small,465
2022-06-30,OLECTRA,small,466
2022-06-30,SWANENERGY,small,467
2022-06-30,JKLAKSHMI,small,468
2022-06-30,ROSSARI,small,469
2022-06-30,INOXLEISUR,small,470
2022-06-30,MTARTECH,small,471
2022-06-30,NAZARA,small,472
2022-06-30,MAZDOCK,small,473
2022-06-30,TEJASNET,small,474
2022-06-30,EPL,small,475
2022-06-30,RAYMOND,small,476
2022-06-30,GOCOLORS,small,477
2022-06-30,JYOTHYLAB,small,478
2022-06-30,CCL,small,479
2022-06-30,SHARDACROP,small,480
2022-06-30,KRBL,small,481
2022-06-30,TCI,small,482
2022-06-30,GESHIP,small,483
2022-06-30,MAHLIFE,small,484
2022-06-30,JPPOWER,small,485
2022-06-30,TATVA,small,487
2022-06-30,BHARATRAS,small,488
2022-06-30,RBA,small,489
2022-06-30,HEG,small,490
2022-06-30,GHCL,small,491
2022-06-30,ESABINDIA,small,492
2022-06-30,JCHAC,small,493
2022-06-30,IBREALEST,small,494
2022-06-30,INFIBEAM,small,495
2022-06-30,SUPRAJIT,small,496
2022-06-30,MINDACORP,small,497
2022-06-30,WELCORP,small,498
2022-06-30,JKPAPER,small,499
2022-06-30,DHANI,small,500
2022-06-30,VSTIND,small,501
2022-06-30,GMDCLTD,small,502
2022-06-30,HGS,small,503
2022-06-30,HIKAL,small,504
2022-06-30,RCF,small,505
2022-06-30,RPOWER,small,506
2022-06-30,JINDALPOLY,small,507
2022-06-30,GPIL,small,508
2022-06-30,BARBEQUE,small,509
2022-06-30,RAINBOW,small,510
2022-06-30,VRLLOG,small,511
2022-06-30,INGERRAND,small,512
2022-06-30,CRAFTSMAN,small,513
2022-06-30,RALLIS,small,515
2022-06-30,LEMONTREE,small,516
2022-06-30,SHOPERSTOP,small,517
2022-06-30,FDC,small,518
2022-06-30,HEIDELBERG,small,519
2022-06-30,MHRIL,small,520
2022-06-30,VIJAYA,small,521
2022-06-30,KSB,small,522
2022-06-30,MFL,small,523
2022-06-30,PDSL,small,524
2022-06-30,RESPONIND,small,525
2022-06-30,TCNSBRANDS,small,526
2022-06-30,THYROCARE,small,527
2022-06-30,JSWHL,small,528
2022-06-30,AARTIDRUGS,small,529
2022-06-30,JAMNAAUTO,small,530
2022-06-30,MAHSCOOTER,small,531
2022-06-30,COCHINSHIP,small,532
2022-06-30,CEATLTD,small,534
2022-06-30,GREENLAM,small,535
2022-06-30,GPPL,small,536
2022-06-30,PCBL,small,537
2022-06-30,UFLEX,small,538
2022-06-30,GREAVESCOT,small,540
2022-06-30,ISGEC,small,541
2022-06-30,DBL,small,542
2022-06-30,WOCKPHARMA,small,543
2022-06-30,NCC,small,544
2022-06-30,RELIGARE,small,545
2022-06-30,SHILPAMED,small,546
2022-06-30,NESCO,small,547
2022-06-30,NOCIL,small,548
2022-06-30,IRCON,small,549
2022-06-30,TATACOFFEE,small,550
2022-06-30,NEOGEN,small,551
2022-06-30,IFBIND,small,552
2022-06-30,SHAREINDIA,small,553
2022-06-30,BOROLTD,small,554
2022-06-30,KARURVYSYA,small,555
2022-06-30,MANINFRA,small,556
2022-06-30,CMSINFO,small,557
2022-06-30,HGINFRA,small,558
2022-06-30,GLOBUSSPR,small,559
2022-06-30,CSBBANK,small,560
2022-06-30,MAHSEAMLES,small,561
2022-06-30,DATAPATTNS,small,562
2022-06-30,MOIL,small,563
2022-06-30,TINPLATE,small,564
2022-06-30,STARCEMENT,small,565
2022-06-30,LAOPALA,small,566
2022-06-30,ICRA,small,567
2022-06-30,ARVINDFASN,small,568
2022-06-30,GATEWAY,small,569
2022-06-30,MAHLOG,small,570
2022-06-30,EQUITAS,small,571
2022-06-30,HCG,small,572
2022-06-30,RATEGAIN,small,573
2022-06-30,RUPA,small,574
2022-06-30,TARSONS,small,575
2022-06-30,ENGINERSIN,small,576
2022-06-30,SANSERA,small,577
2022-06-30,SUDARSCHEM,small,578
2022-06-30,VAKRANGEE,small,579
2022-06-30,ICIL,small,580
2022-06-30,INDOCO,small,581
2022-06-30,AMIORG,small,582
2022-06-30,ROLEXRINGS,small,583
2022-06-30,DALMIASUG,small,584
2022-06-30,SARDAEN,small,586
2022-06-30,HATHWAY,small,587
2022-06-30,USHAMART,small,588
2022-06-30,SUPRIYA,small,589
2022-06-30,DHANUKA,small,590
2022-06-30,NEWGEN,small,591
2022-06-30,HEMIPROP,small,592
2022-06-30,ADVENZYMES,small,593
2022-06-30,SEQUENT,small,594
2022-06-30,PARADEEP,small,595
2022-06-30,ASTEC,small,596
2022-06-30,MIDHANI,small,597
2022-06-30,RAILTEL,small,600
2022-06-30,MAITHANALL,small,601
2022-06-30,KSCL,small,602
2022-06-30,TATASTLLP,small,603
2022-06-30,IPL,small,604
2022-06-30,BANARISUG,small,605
2022-06-30,TEGA,small,607
2022-06-30,NILKAMAL,small,608
2022-06-30,STAR,small,609
2022-06-30,MASFIN,small,610
2022-06-30,J&KBANK,small,611
2022-06-30,PAISALO,small,612
2022-06-30,VENKEYS,small,613
2022-06-30,COSMOFILMS,small,614
2022-06-30,ARVIND,small,615
2022-06-30,DOLLAR,small,617
2022-06-30,BLS,small,618
2022-06-30,RSYSTEMS,small,619
2022-06-30,ITDC,small,620
2022-06-30,UJJIVANSFB,small,622
2022-06-30,CARTRADE,small,623
2022-06-30,SOMANYCERA,small,624
2022-06-30,RTNPOWER,small,625
2022-06-30,JINDALSAW,small,626
2022-06-30,JKTYRE,small,627
2022-06-30,HIL,small,628
2022-06-30,DODLA,small,629
2022-06-30,RAJRATAN,small,630
2022-06-30,ORIENTCEM,small,631
2022-06-30,CHENNPETRO,small,632
2022-06-30,TASTYBITE,small,633
2022-06-30,TECHNOE,small,635
2022-06-30,RELINFRA,small,636
2022-06-30,AHLUCONT,small,637
2022-06-30,MOL,small,638
2022-06-30,GRSE,small,640
2022-06-30,RKFORGE,small,642
2022-06-30,DISHTV,small,643
2022-06-30,SEAMECLTD,small,646
2022-06-30,INDIAGLYCO,small,647
2022-06-30,SAGCEM,small,648
2022-06-30,GET&D,small,649
2022-06-30,SCHNEIDER,small,650
2022-06-30,APARINDS,small,652
2022-06-30,BBOX,small,653
2022-06-30,PTC,small,654
2022-06-30,HSCL,small,655
2022-06-30,IIFLSEC,small,656
2022-06-30,IONEXCHANG,small,657
2022-06-30,PURVA,small,658
2022-06-30,THOMASCOOK,small,659
2022-06-30,OPTIEMUS,small,660
2022-06-30,FILATEX,small,661
2022-06-30,HINDOILEXP,small,662
2022-06-30,INDOSTAR,small,663
2022-06-30,ACE,small,664
2022-06-30,DCAL,small,665
2022-06-30,SPANDANA,small,666
2022-06-30,HINDWAREAP,small,667
2022-06-30,TIRUMALCHM,small,668
2022-06-30,ANANDRATHI,small,669
2022-06-30,NFL,small,670
2022-06-30,PARAS,small,671
2022-06-30,IFCI,small,672
2022-06-30,FINOPB,small,673
2022-06-30,AMRUTANJAN,small,674
2022-06-30,KIRLOSBROS,small,675
2022-06-30,TATAMETALI,small,676
2022-06-30,DCBBANK,small,677
2022-06-30,HERANBA,small,678
2022-06-30,SSWL,small,679
2022-06-30,ASHOKA,small,680
2022-06-30,DAAWAT,small,681
2022-06-30,SOLARA,small,682
2022-06-30,VALIANTORG,small,683
2022-06-30,BAJAJCON,small,684
2022-06-30,APCOTEXIND,small,685
2022-06-30,INOXWIND,small,686
2022-06-30,SURYAROSNI,small,687
2022-06-30,JAYNECOIND,small,688
2022-06-30,GREENPLY,small,689
2022-06-30,KIRIINDUS,small,691
2022-06-30,IOLCP,small,692
2022-06-30,AUTOAXLES,small,693
2022-06-30,EKC,small,694
2022-06-30,BUTTERFLY,small,695
2022-06-30,SIYSIL,small,696
2022-06-30,GOKEX,small,697
2022-06-30,JPASSOCIAT,small,698
2022-06-30,HCC,small,699
2022-06-30,EVEREADY,small,700
2022-06-30,TIIL,small,701
2022-06-30,PFOCUS,small,702
2022-06-30,MOLDTKPAC,small,703
2022-06-30,JISLJALEQS,small,704
2022-06-30,VSTTILLERS,small,705
2022-06-30,SHARDAMOTR,small,706
2022-06-30,MSTCLTD,small,709
2022-06-30,STOVEKRAFT,small,710
2022-06-30,TIPSINDLTD,small,711
2022-06-30,BOMDYEING,small,712
2022-06-30,GULFOILLUB,small,713
2022-06-30,PRUDENT,small,714
2022-06-30,NBVENTURES,small,715
2022-06-30,GTPL,small,716
2022-06-30,OAL,small,717
2022-06-30,KIRLOSENG,small,718
2022-06-30,GRAVITA,small,719
2022-06-30,MIRZAINT,small,720
2022-06-30,SUBROS,small,722
2022-06-30,BEPL,small,724
2022-06-30,JAICORPLTD,small,725
2022-06-30,SELMC,small,727
2022-06-30,TVTODAY,small,728
2022-06-30,DHAMPURSUG,small,729
2022-06-30,TIDEWATER,small,730
2022-06-30,ATFL,small,731
2022-06-30,VESUVIUS,small,732
2022-06-30,IGPL,small,733
2022-06-30,ALEMBICLTD,small,734
2022-06-30,ELECON,small,735
2022-06-30,KOLTEPATIL,small,736
2022-06-30,MARKSANS,small,737
2022-06-30,FAIRCHEMOR,small,738
2022-06-30,DBREALTY,small,739
2022-06-30,NAVNETEDUL,small,741
2022-06-30,SUBEXLTD,small,742
2022-06-30,VOLTAMP,small,743
2022-06-30,GTLINFRA,small,744
2022-06-30,SHK,small,745
2022-06-30,SAFARI,small,746
2022-06-30,HESTERBIO,small,747
2022-06-30,GUFICBIO,small,748
2022-06-30,BALMLAWRIE,small,749
2022-06-30,HBLPOWER,small,750
2022-06-30,DWARKESH,small,751
2022-06-30,MOREPENLAB,small,753
2022-06-30,VIDHIING,small,754
2022-06-30,GENUSPOWER,small,755
2022-06-30,APOLLOPIPE,small,756
2022-06-30,GATI,small,757
2022-06-30,IMFA,small,758
2022-06-30,BAJAJHIND,small,759
2022-06-30,WSTCSTPAPR,small,760
2022-06-30,EMUDHRA,small,761
2022-06-30,ANDHRSUGAR,small,762
2022-06-30,JTEKTINDIA,small,763
2022-06-30,POKARNA,small,764
2022-06-30,KTKBANK,small,765
2022-06-30,MMFL,small,768
2022-06-30,TIMETECHNO,small,769
2022-06-30,PILANIINVS,small,770
2022-06-30,ASTRAMICRO,small,771
2022-06-30,RAMCOIND,small,772
2022-06-30,ACRYSIL,small,773
2022-06-30,ANANTRAJ,small,774
2022-06-30,MANALIPETC,small,775
2022-06-30,FCL,small,776
2022-06-30,LGBBROSLTD,small,777
2022-06-30,PSPPROJECT,small,778
2022-06-30,ELECTCAST,small,780
2022-06-30,INDORAMA,small,781
2022-06-30,DEN,small,783
2022-06-30,BECTORFOOD,small,784
2022-06-30,KRSNAA,small,785
2022-06-30,ETHOSLTD,small,786
2022-06-30,MAYURUNIQ,small,787
2022-06-30,CAMLINFINE,small,788
2022-06-30,UNICHEMLAB,small,789
2022-06-30,SWARAJENG,small,790
2022-06-30,NAHARSPING,small,791
2022-06-30,STEELXIND,small,792
2022-06-30,CONFIPET,small,793
2022-06-30,MUKANDLTD,small,794
2022-06-30,AGI,small,795
2022-06-30,INEOSSTYRO,small,796
2022-06-30,GANESHHOUC,small,797
2022-06-30,MATRIMONY,small,798
2022-06-30,WABAG,small,799
2022-06-30,DATAMATICS,small,800
2022-06-30,SHAILY,small,802
2022-06-30,GABRIEL,small,803
2022-06-30,SBCL,small,804
2022-06-30,SOUTHBANK,small,805
2022-06-30,GOLDIAM,small,806
2022-06-30,PANAMAPET,small,807
2022-06-30,DIAMONDYD,small,808
2022-06-30,PUNJABCHEM,small,809
2022-06-30,JAGRAN,small,810
2022-06-30,ORISSAMINE,small,811
2022-06-30,FRETAIL,small,812
2022-06-30,GRWRHITECH,small,813
2022-06-30,SUNDARMHLD,small,814
2022-06-30,OMAXE,small,815
2022-06-30,NACLIND,small,816
2022-06-30,KITEX,small,817
2022-06-30,VISHNU,small,818
2022-06-30,GMRP&UI,small,819
2022-06-30,STYLAMIND,small,820
2022-06-30,SHRIPISTON,small,821
2022-06-30,HIMATSEIDE,small,822
2022-06-30,RPSGVENT,small,825
2022-06-30,PGEL,small,826
2022-06-30,EXCELINDUS,small,827
2022-06-30,UJJIVAN,small,828
2022-06-30,MAXVIL,small,829
2022-06-30,CANTABIL,small,830
2022-06-30,NELCO,small,831
2022-06-30,NEULANDLAB,small,832
2022-06-30,SHANKARA,small,834
2022-06-30,THANGAMAYL,small,835
2022-06-30,INFOBEAN,small,836
2022-06-30,ZENTEC,small,837
2022-06-30,ADFFOODS,small,838
2022-06-30,MTNL,small,839
2022-06-30,GEOJITFSL,small,840
2022-06-30,JKIL,small,841
2022-06-30,DBCORP,small,842
2022-06-30,SOTL,small,843
2022-06-30,KCP,small,844
2022-06-30,GULPOLY,small,845
2022-06-30,JSWISPL,small,846
2022-06-30,SUNFLAG,small,847
2022-06-30,CARERATING,small,848
2022-06-30,AVTNPL,small,849
2022-06-30,HERITGFOOD,small,850
2022-06-30,GENESYS,small,851
2022-06-30,ASHIANA,small,852
2022-06-30,PRICOLLTD,small,853
2022-06-30,SHANTIGEAR,small,854
2022-06-30,RGL,small,855
2022-06-30,WHEELS,small,856
2022-06-30,EXPLEOSOL,small,857
2022-06-30,CHOICEIN,small,858
2022-06-30,JMCPROJECT,small,859
2022-06-30,ACCELYA,small,860
2022-06-30,FMGOETZE,small,861
2022-06-30,GANECOS,small,863
2022-06-30,NITINSPIN,small,865
2022-06-30,SANDHAR,small,866
2022-06-30,KIRLOSIND,small,867
2022-06-30,ONMOBILE,small,868
2022-06-30,INSECTICID,small,871
2022-06-30,SANGAMIND,small,872
2022-06-30,KINGFA,small,873
2022-06-30,SASKEN,small,874
2022-06-30,DPSCLTD,small,875
2022-06-30,KKCL,small,878
2022-06-30,GOCLCORP,small,879
2022-06-30,HONDAPOWER,small,880
2022-06-30,NURECA,small,881
2022-06-30,LSIL,small,882
2022-06-30,FIEMIND,small,883
2022-06-30,TVSSRICHAK,small,884
2022-06-30,KABRAEXTRU,small,885
2022-06-30,HUHTAMAKI,small,886
2022-06-30,POWERMECH,small,887
2022-06-30,SHALBY,small,888
2022-06-30,KSL,small,890
2022-06-30,ORCHPHARMA,small,891
2022-06-30,SHRIRAMPPS,small,892
2022-06-30,TEXRAIL,small,893
2022-06-30,CIGNITITEC,small,894
2022-06-30,KESORAMIND,small,895
2022-06-30,RIIL,small,896
2022-06-30,WELENT,small,897
2022-06-30,BFUTILITIE,small,898
2022-06-30,NXTDIGITAL,small,900
2022-06-30,DYNAMATECH,small,901
2022-06-30,APTECHT,small,902
2022-06-30,RAMKY,small,903
2022-06-30,SIRCA,small,904
2022-06-30,SHIVALIK,small,905
2022-06-30,VINDHYATEL,small,906
2022-06-30,NRBBEARING,small,907
2022-06-30,AVADHSUGAR,small,908
2022-06-30,NUCLEUS,small,909
2022-06-30,SURYODAY,small,910
2022-06-30,HMT,small,911
2022-06-30,BODALCHEM,small,912
2022-06-30,WONDERLA,small,914
2022-06-30,AGSTRA,small,915
2022-06-30,PRECAM,small,916
2022-06-30,DFMFOODS,small,917
2022-06-30,GIPCL,small,918
2022-06-30,PATELENG,small,919
2022-06-30,KOPRAN,small,920
2022-06-30,SJS,small,921
2022-06-30,UGROCAP,small,922
2022-06-30,TDPOWERSYS,small,923
2022-06-30,SPIC,small,924
2022-06-30,SUTLEJTEX,small,925
2022-06-30,JYOTISTRUC,small,926
2022-06-30,TARC,small,927
2022-06-30,SASTASUNDR,small,928
2022-06-30,AMBIKCO,small,929
2022-06-30,VERANDA,small,930
2022-06-30,TWL,small,931
2022-06-30,REPCOHOME,small,932
2022-06-30,GOKULAGRO,small,933
2022-06-30,GEPIL,small,934
2022-06-30,EIHAHOTELS,small,935
2022-06-30,PIXTRANS,small,937
2022-06-30,XPROINDIA,small,938
2022-06-30,SANGHIIND,small,939
2022-06-30,AJMERA,small,940
2022-06-30,LUMAXTECH,small,941
2022-06-30,GMBREW,small,942
2022-06-30,WENDT,small,943
2022-06-30,ITDCEM,small,944
2022-06-30,ALICON,small,945
2022-06-30,MONTECARLO,small,946
2022-06-30,PNBGILTS,small,947
2022-06-30,CENTENKA,small,948
2022-06-30,IGARASHI,small,949
2022-06-30,ESTER,small,951
2022-06-30,PRAKASH,small,952
2022-06-30,GNA,small,953
2022-06-30,ISMTLTD,small,954
2022-06-30,CHEMCON,small,955
2022-06-30,COFFEEDAY,small,956
2022-06-30,MPSLTD,small,957
2022-06-30,CENTRUM,small,958
2022-06-30,KDDL,small,959
2022-06-30,TNPL,small,960
2022-06-30,ANDHRAPAP,small,961
2022-06-30,SUVEN,small,962
2022-06-30,BFINVEST,small,963
2022-06-30,SATIA,small,964
2022-06-30,BANCOINDIA,small,965
2022-06-30,DCW,small,967
2022-06-30,VHL,small,968
2022-06-30,TI,small,969
2022-06-30,PFS,small,970
2022-06-30,QUICKHEAL,small,971
2022-06-30,SESHAPAPER,small,972
2022-06-30,NDTV,small,973
2022-06-30,CLNINDIA,small,974
2022-06-30,PCJEWELLER,small,975
2022-06-30,PANACEABIO,small,976
2022-06-30,KHAICHEM,small,977
2022-06-30,63MOONS,small,978
2022-06-30,MANGCHEFER,small,979
2022-06-30,ASHAPURMIN,small,980
2022-06-30,JETAIRWAYS,small,981
2022-06-30,RSWM,small,982
2022-06-30,TTKHLTCARE,small,984
2022-06-30,NAHARPOLY,small,985
2022-06-30,ZEEMEDIA,small,987
2022-06-30,VADILALIND,small,989
2022-06-30,5PAISA,small,991
2022-06-30,IFGLEXPOR,small,992
2022-06-30,ORIENTHOT,small,993
2022-06-30,BCLIND,small,994
2022-06-30,SPAL,small,995
2022-06-30,3IINFOLTD,small,999
2022-06-30,INDNIPPON,small,1000
2022-06-30,BAJAJHCARE,small,1001
2022-06-30,RAMCOSYS,small,1002
2022-06-30,UNIDT,small,1003
2022-06-30,GREENPOWER,small,1004
2022-06-30,BHAGERIA,small,1005
2022-06-30,LUMAXIND,small,1006
2022-06-30,VSSL,small,1007
2022-06-30,BBL,small,1008
2022-06-30,SHREDIGCEM,small,1009
2022-06-30,FCONSUMER,small,1011
2022-06-30,VISAKAIND,small,1012
2022-06-30,IMPAL,small,1014
2022-06-30,SHAKTIPUMP,small,1015
2022-06-30,PRECWIRE,small,1016
2022-06-30,EVERESTIND,small,1017
2022-06-30,XCHANGING,small,1018
2022-06-30,PARAGMILK,small,1019
2022-06-30,MANGLMCEM,small,1020
2022-06-30,TNPETRO,small,1022
2022-06-30,SIGACHI,small,1023
2022-06-30,PGIL,small,1025
2022-06-30,EMAMIPAP,small,1027
2022-06-30,URJA,small,1028
2022-06-30,FOSECOIND,small,1033
2022-06-30,SMCGLOBAL,small,1034
2022-06-30,SAKSOFT,small,1037
2022-06-30,UTTAMSUGAR,small,1038
2022-06-30,DHARAMSI,small,1040
2022-06-30,RPGLIFE,small,1041
2022-06-30,UNIENTER,small,1042
2022-06-30,ADORWELD,small,1043
2022-06-30,HEXATRADEX,small,1044
2022-06-30,TAJGVK,small,1046
2022-06-30,MBAPL,small,1047
2022-06-30,PITTIENG,small,1048
2022-06-30,DREDGECORP,small,1049
2022-06-30,APEX,small,1050
2022-06-30,ENIL,small,1052
2022-06-30,INDIANHUME,small,1053
2022-06-30,BHAGCHEM,small,1054
2022-06-30,CAPACITE,small,1055
2022-06-30,KPIGREEN,small,1056
2022-06-30,DPABHUSHAN,small,1057
2022-06-30,MEDICAMEQ,small,1058
2022-06-30,SANGHVIMOV,small,1059
2022-06-30,CEREBRAINT,small,1060
2022-06-30,RANEHOLDIN,small,1062
2022-06-30,SMLISUZU,small,1065
2022-06-30,SMSPHARMA,small,1067
2022-06-30,SHALPAINTS,small,1068
2022-06-30,SEPC,small,1069
2022-06-30,RUSHIL,small,1070
2022-06-30,ASALCBR,small,1071
2022-06-30,THEMISMED,small,1072
2022-06-30,BLISSGVS,small,1073
2022-06-30,OCCL,small,1075
2022-06-30,ARVSMART,small,1076
2022-06-30,DVL,small,1077
2022-06-30,NCLIND,small,1078
2022-06-30,DCMSRIND,small,1080
2022-06-30,ANUP,small,1081
2022-06-30,NSIL,small,1082
2022-06-30,RADIOCITY,small,1084
2022-06-30,KELLTONTEC,small,1085
2022-06-30,RCOM,small,1086
2022-06-30,TEXINFRA,small,1087
2022-06-30,ALLSEC,small,1088
2022-06-30,AWHCL,small,1089
2022-06-30,NAHARCAP,small,1090
2022-06-30,ARMANFIN,small,1091
2022-06-30,DIGISPICE,small,1092
2022-06-30,ZOTA,small,1093
2022-06-30,GOODLUCK,small,1096
2022-06-30,VIMTALABS,small,1098
2022-06-30,ASAL,small,1100
2022-06-30,ARIHANTCAP,small,1103
2022-06-30,DECCANCE,small,1104
2022-06-30,SHREEPUSHK,small,1105
2022-06-30,SPENCERS,small,1106
2022-06-30,KRISHANA,small,1107
2022-06-30,NAGAFERT,small,1109
2022-06-30,GFLLIMITED,small,1110
2022-06-30,EQUIPPP,small,1111
2022-06-30,JUBLINDS,small,1112
2022-06-30,SATIN,small,1113
2022-06-30,GICHSGFIN,small,1114
2022-06-30,CHEVIOT,small,1116
2022-06-30,ORIENTBELL,small,1117
2022-06-30,MANORG,small,1118
2022-06-30,KICL,small,1119
2022-06-30,FLFL,small,1120
2022-06-30,FCSSOFT,small,1121
2022-06-30,MONARCH,small,1123
2022-06-30,ARSHIYA,small,1124
2022-06-30,ONWARDTEC,small,1125
2022-06-30,IWEL,small,1126
2022-06-30,AURIONPRO,small,1127
2022-06-30,AGARIND,small,1128
2022-06-30,HPAL,small,1129
2022-06-30,CREATIVE,small,1130
2022-06-30,ADSL,small,1132
2022-06-30,SRHHYPOLTD,small,1133
2022-06-30,SALASAR,small,1136
2022-06-30,JAYAGROGN,small,1138
2022-06-30,SHREYAS,small,1140
2022-06-30,KUANTUM,small,1142
2022-06-30,ROTO,small,1144
2022-06-30,SUMMITSEC,small,1145
2022-06-30,NDL,small,1146
2022-06-30,GANESHBE,small,1148
2022-06-30,INDOAMIN,small,1149
2022-06-30,ASIANTILES,small,1151
2022-06-30,PARSVNATH,small,1152
2022-06-30,JAYBARMARU,small,1155
2022-06-30,HTMEDIA,small,1156
2022-06-30,APCL,small,1157
2022-06-30,SVPGLOB,small,1158
2022-06-30,MADRASFERT,small,1159
2022-06-30,JAGSNPHARM,small,1160
2022-06-30,VENUSPIPES,small,1161
2022-06-30,VLSFINANCE,small,1162
2022-06-30,NAVKARCORP,small,1164
2022-06-30,JASH,small,1165
2022-06-30,DEEPINDS,small,1166
2022-06-30,BIGBLOC,small,1167
2022-06-30,UNIVPHOTO,small,1170
2022-06-30,ELDEHSG,small,1172
2022-06-30,TCPLPACK,small,1173
2022-06-30,SKIPPER,small,1174
2022-06-30,BALAJITELE,small,1176
2022-06-30,CONTROLPR,small,1177
2022-06-30,HCL-INSYS,small,1179
2022-06-30,BINDALAGRO,small,1180
2022-06-30,HLVLTD,small,1181
2022-06-30,LINCOLN,small,1183
2022-06-30,STEELCAS,small,1184
2022-06-30,KBCGLOBAL,small,1186
2022-06-30,ORIENTPPR,small,1187
2022-06-30,YUKEN,small,1189
2022-06-30,HITECH,small,1190
2022-06-30,UNITECH,small,1191
2022-06-30,DYNPRO,small,1192
2022-06-30,NAHARINDUS,small,1193
2022-06-30,NECLIFE,small,1194
2022-06-30,STERTOOLS,small,1198
2022-06-30,KOKUYOCMLN,small,1200
2022-06-30,CENTUM,small,1201
2022-06-30,AARTISURF,small,1203
2022-06-30,ARIHANTSUP,small,1204
2022-06-30,ZUARI,small,1205
2022-06-30,SPECIALITY,small,1206
2022-06-30,UGARSUGAR,small,1208
2022-06-30,ROSSELLIND,small,1209
2022-06-30,NELCAST,small,1210
2022-06-30,RAMASTEEL,small,1212
2022-06-30,INDRAMEDCO,small,1213
2022-06-30,SUULD,small,1214
2022-06-30,LIKHITHA,small,1215
2022-06-30,RUBYMILLS,small,1216
2022-06-30,BGRENERGY,small,1218
2022-06-30,STCINDIA,small,1219
2022-06-30,RAJMET,small,1220
2022-06-30,TALBROAUTO,small,1223
2022-06-30,VIKASLIFE,small,1224
2022-06-30,MARATHON,small,1225
2022-06-30,KAMDHENU,small,1226
2022-06-30,KANORICHEM,small,1227
2022-06-30,IFBAGRO,small,1229
2022-06-30,SNOWMAN,small,1230
2022-06-30,JINDRILL,small,1232
2022-06-30,AYMSYNTEX,small,1234
2022-06-30,ARTEMISMED,small,1236
2022-06-30,RML,small,1238
2022-06-30,GALLANTT,small,1240
2022-06-30,DELPHIFX,small,1241
2022-06-30,VASCONEQ,small,1242
2022-06-30,PLASTIBLEN,small,1243
2022-06-30,SOUTHWEST,small,1245
2022-06-30,REPRO,small,1250
2022-06-30,BLKASHYAP,small,1251
2022-06-30,SANDESH,small,1253
2022-06-30,JAIBALAJI,small,1254
2022-06-30,TFCILTD,small,1257
2022-06-30,KOTHARIPET,small,1259
2022-06-30,CLSEL,small,1260
2022-06-30,PENIND,small,1261
2022-06-30,THEINVEST,small,1262
2022-06-30,NBIFIN,small,1263
2022-06-30,RBL,small,1264
2022-06-30,EXXARO,small,1266
2022-06-30,WINDLAS,small,1267
2022-06-30,AURUM,small,1269
2022-06-30,ORICONENT,small,1270
2022-06-30,SADBHAV,small,1272
2022-06-30,HARIOMPIPE,small,1273
2022-06-30,RICOAUTO,small,1274
2022-06-30,MANINDS,small,1276
2022-06-30,KRITI,small,1278
2022-06-30,DUCON,small,1279
2022-06-30,DLINKINDIA,small,1280
2022-06-30,SWELECTES,small,1281
2022-06-30,MANAKSIA,small,1282
2022-06-30,UNIVCABLES,small,1284
2022-06-30,SHYAMCENT,small,1290
2022-06-30,INTLCONV,small,1291
2022-06-30,VINYLINDIA,small,1292
2022-06-30,CREST,small,1293
2022-06-30,CONSOFINVT,small,1294
2022-06-30,HMVL,small,1295
2022-06-30,YAARI,small,1296
2022-06-30,V2RETAIL,small,1298
2022-06-30,BASML,small,1299
2022-06-30,ZUARIGLOB,small,1300
2022-06-30,CYBERTECH,small,1301
2022-06-30,SARLAPOLY,small,1302
2022-06-30,KAYA,small,1304
2022-06-30,SPTL,small,1306
2022-06-30,MSPL,small,1308
2022-06-30,MIRCELECTR,small,1309
2022-06-30,MENONBE,small,1311
2022-06-30,MALLCOM,small,1312
2022-06-30,RANASUG,small,1314
2022-06-30,MGEL,small,1315
2022-06-30,TAKE,small,1316
2022-06-30,MMP,small,1319
2022-06-30,TBZ,small,1320
2022-06-30,MAWANASUG,small,1321
2022-06-30,MUNJALAU,small,1322
2022-06-30,AXISCADES,small,1323
2022-06-30,DCMNVL,small,1324
2022-06-30,GANDHITUBE,small,1325
2022-06-30,HERCULES,small,1326
2022-06-30,MAGADSUGAR,small,1327
2022-06-30,JWL,small,1328
2022-06-30,TRIL,small,1331
2022-06-30,LYKALABS,small,1332
2022-06-30,MUTHOOTCAP,small,1333
2022-06-30,HITECHCORP,small,1334
2022-06-30,VARDHACRLC,small,1335
2022-06-30,ASIANENE,small,1336
2022-06-30,BHARATWIRE,small,1337
2022-06-30,DPWIRES,small,1340
2022-06-30,MUNJALSHOW,small,1341
2022-06-30,PTL,small,1343
2022-06-30,TRIGYN,small,1344
2022-06-30,FOODSIN,small,1347
2022-06-30,HINDCOMPOS,small,1349
2022-06-30,INDOBORAX,small,1350
2022-06-30,JPINFRATEC,small,1351
2022-06-30,BALAXI,small,1352
2022-06-30,HPL,small,1353
2022-06-30,NRAIL,small,1355
2022-06-30,OSWALAGRO,small,1356
2022-06-30,KHADIM,small,1357
2022-06-30,GAYAPROJ,small,1359
2022-06-30,NATHBIOGEN,small,1360
2022-06-30,HUBTOWN,small,1361
2022-06-30,MEP,small,1363
2022-06-30,HITECHGEAR,small,1368
2022-06-30,GENUSPAPER,small,1370
2022-06-30,TVSELECT,small,1372
2022-06-30,BANSWRAS,small,1373
2022-06-30,SREEL,small,1374
2022-06-30,LINC,small,1375
2022-06-30,INDSWFTLAB,small,1377
2022-06-30,VIKASECO,small,1379
2022-06-30,WEBELSOLAR,small,1380
2022-06-30,DHUNINV,small,1381
2022-06-30,XELPMOC,small,1382
2022-06-30,BSHSL,small,1384
2022-06-30,MAXIND,small,1385
2022-06-30,VISHWARAJ,small,1386
2022-06-30,COASTCORP,small,1387
2022-06-30,ATULAUTO,small,1389
2022-06-30,PPL,small,1391
2022-06-30,PROZONINTU,small,1392
2022-06-30,SADBHIN,small,1393
2022-06-30,OMINFRAL,small,1394
2022-06-30,MINDTECK,small,1396
2022-06-30,MARINE,small,1397
2022-06-30,GOACARBON,small,1399
2022-06-30,VENUSREM,small,1401
2022-06-30,MARALOVER,small,1402
2022-06-30,SDBL,small,1404
2022-06-30,ANDHRACEMT,small,1405
2022-06-30,MEGASOFT,small,1407
2022-06-30,ZEELEARN,small,1410
2022-06-30,BIRLACABLE,small,1411
2022-06-30,UFO,small,1412
2022-06-30,RELCAPITAL,small,1414
2022-06-30,PRAXIS,small,1416
2022-06-30,SCHAND,small,1418
2022-06-30,ADVANIHOTR,small,1419
2022-06-30,GSCLCEMENT,small,1420
2022-06-30,SHIVAMAUTO,small,1423
2022-06-30,PRECOT,small,1425
2022-06-30,REPL,small,1427
2022-06-30,PDMJEPAPER,small,1428
2022-06-30,PASUPTAC,small,1429
2022-06-30,VISESHINFO,small,1430
2022-06-30,GOKUL,small,1431
2022-06-30,FEL,small,1432
2022-06-30,SILVERTUC,small,1433
2022-06-30,GINNIFILA,small,1436
2022-06-30,ORIENTABRA,small,1437
2022-06-30,BIRLAMONEY,small,1438
2022-06-30,CLEDUCATE,small,1439
2022-06-30,CINELINE,small,1440
2022-06-30,PENINLAND,small,1442
2022-06-30,GKWLIMITED,small,1444
2022-06-30,DICIND,small,1447
2022-06-30,ASAHISONG,small,1448
2022-06-30,ACCURACY,small,1450
2022-06-30,SILINV,small,1452
2022-06-30,SAKUMA,small,1458
2022-06-30,JITFINFRA,small,1459
2022-06-30,HIRECT,small,1460
2022-06-30,DHANBANK,small,1461
2022-06-30,PREMEXPLN,small,1463
2022-06-30,AXITA,small,1465
2022-06-30,ALBERTDAVD,small,1467
2022-06-30,IRISDOREME,small,1468
2022-06-30,SIMPLEXINF,small,1469
2022-06-30,SHEMAROO,small,1471
2022-06-30,KOTHARIPRO,small,1473
2022-06-30,PRIMESECU,small,1475
2022-06-30,INDOTHAI,small,1476
2022-06-30,KREBSBIO,small,1477
2022-06-30,INVENTURE,small,1479
2022-06-30,BPL,small,1480
2022-06-30,ROHLTD,small,1482
2022-06-30,GEECEE,small,1484
2022-06-30,CUPID,small,1485
2022-06-30,OBCL,small,1486
2022-06-30,BAFNAPH,small,1487
2022-06-30,KOTARISUG,small,1488
2022-06-30,NIPPOBATRY,small,1490
2022-06-30,ORBTEXP,small,1494
2022-06-30,DONEAR,small,1495
2022-06-30,SECURKLOUD,small,1496
2022-06-30,PODDARMENT,small,1497
2022-06-30,SALZERELEC,small,1498
2022-06-30,BIL,small,1500
2022-06-30,KCPSUGIND,small,1502
2022-06-30,KMSUGAR,small,1508
2022-06-30,AKSHARCHEM,small,1509
2022-06-30,JPOLYINVST,small,1510
2022-06-30,KILITCH,small,1511
2022-06-30,DANGEE,small,1513
2022-06-30,DENORA,small,1514
2022-06-30,GODHA,small,1515
2022-06-30,PPAP,small,1516
2022-06-30,ABAN,small,1517
2022-06-30,EIFFL,small,1519
2022-06-30,LGBFORGE,small,1520
2022-06-30,HDIL,small,1521
2022-06-30,ASHIMASYN,small,1522
2022-06-30,MAHEPC,small,1523
2022-06-30,JAYSREETEA,small,1524
2022-06-30,DSSL,small,1527
2022-06-30,HARRMALAYA,small,1529
2022-06-30,ISFT,small,1532
2022-06-30,SHIVATEX,small,1535
2022-06-30,UCALFUEL,small,1536
2022-06-30,20MICRONS,small,1537
2022-06-30,MBLINFRA,small,1540
2022-06-30,HINDMOTORS,small,1543
2022-06-30,BRNL,small,1545
2022-06-30,MANAKSTEEL,small,1546
2022-06-30,RITCO,small,1547
2022-06-30,DTIL,small,1554
2022-06-30,APOLLO,small,1555
2022-06-30,KANPRPLA,small,1556
2022-06-30,WEALTH,small,1557
2022-06-30,JINDALPHOT,small,1560
2022-06-30,CHEMFAB,small,1561
2022-06-30,SREINFRA,small,1562
2022-06-30,RAMANEWS,small,1563
2022-06-30,INSPIRISYS,small,1566
2022-06-30,SELAN,small,1567
2022-06-30,ALMONDZ,small,1572
2022-06-30,AIRAN,small,1577
2022-06-30,EMAMIREAL,small,1584
2022-06-30,SITINET,small,1585
2022-06-30,NILAINFRA,small,1591
2022-06-30,REFEX,small,1592
2022-06-30,BIRLATYRE,small,1593
2022-06-30,LIBERTSHOE,small,1596
2022-06-30,ZODIACLOTH,small,1597
2022-06-30,MAHESHWARI,small,1598
2022-06-30,WANBURY,small,1599
2022-06-30,WINDMACHIN,small,1601
2022-06-30,GSS,small,1602
2022-06-30,GULFPETRO,small,1604
2022-06-30,MCLEODRUSS,small,1605
2022-06-30,RNAVAL,small,1607
2022-06-30,EMKAY,small,1608
2022-06-30,GUJAPOLLO,small,1609
2022-06-30,AAKASH,small,1611
2022-06-30,SORILINFRA,small,1613
2022-06-30,NGIL,small,1614
2022-06-30,MOLDTECH,small,1617
2022-06-30,SGIL,small,1618
2022-06-30,BEDMUTHA,small,1619
2022-06-30,AHLEAST,small,1621
2022-06-30,EROSMEDIA,small,1624
2022-06-30,CHEMBOND,small,1625
2022-06-30,VIPULLTD,small,1626
2022-06-30,STEL,small,1630
2022-06-30,RUCHIRA,small,1631
2022-06-30,DIL,small,1632
2022-06-30,SAKAR,small,1635
2022-06-30,ARTNIRMAN,small,1638
2022-06-30,GPTINFRA,small,1641
2022-06-30,IVC,small,1643
2022-06-30,ANSALAPI,small,1645
2022-06-30,PARACABLES,small,1646
2022-06-30,PILITA,small,1648
2022-06-30,SINTERCOM,small,1650
2022-06-30,GOLDTECH,small,1651
2022-06-30,NDRAUTO,small,1653
2022-06-30,MODISNME,small,1655
2022-06-30,STARPAPER,small,1656
2022-06-30,AUTOIND,small,1657
2022-06-30,INDOTECH,small,1658
2022-06-30,KANANIIND,small,1659
2022-06-30,WFL,small,1663
2022-06-30,PIONDIST,small,1666
2022-06-30,ANMOL,small,1669
2022-06-30,BROOKS,small,1670
2022-06-30,TEXMOPIPES,small,1671
2022-06-30,BALLARPUR,small,1672
2022-06-30,TTL,small,1674
2022-06-30,ONEPOINT,small,1679
2022-06-30,LOVABLE,small,1680
2022-06-30,FSC,small,1681
2022-06-30,CAREERP,small,1682
2022-06-30,PONNIERODE,small,1683
2022-06-30,TPLPLASTEH,small,1684
2022-06-30,MACPOWER,small,1688
2022-06-30,BRFL,small,1692
2022-06-30,MAZDA,small,1694
2022-06-30,REVATHI,small,1695
2022-06-30,TEMBO,small,1697
2022-06-30,INDTERRAIN,small,1700
2022-06-30,MICEL,small,1701
2022-06-30,RAJTV,small,1702
2022-06-30,SMSLIFE,small,1705
2022-06-30,RPPL,small,1706
2022-06-30,ASTRON,small,1709
2022-06-30,WALCHANNAG,small,1713
2022-06-30,VIPCLOTHNG,small,1715
2022-06-30,COMPINFO,small,1716
2022-06-30,LASA,small,1718
2022-06-30,IITL,small,1719
2022-06-30,SETCO,small,1720
2022-06-30,DEEPENR,small,1721
2022-06-30,ALPHAGEO,small,1722
2022-06-30,RHFL,small,1723
2022-06-30,PANSARI,small,1725
2022-06-30,GTL,small,1726
2022-06-30,UMAEXPORTS,small,1727
2022-06-30,AJRINFRA,small,1728
2022-06-30,ALANKIT,small,1729
2022-06-30,IRIS,small,1730
2022-06-30,DIGJAMLMTD,small,1735
2022-06-30,A2ZINFRA,small,1737
2022-06-30,EIMCOELECO,small,1742
2022-06-30,SUPERHOUSE,small,1744
2022-06-30,COMPUSOFT,small,1747
2022-06-30,RUCHINFRA,small,1749
2022-06-30,PAR,small,1750
2022-06-30,MANGALAM,small,1751
2022-06-30,SRPL,small,1753
2022-06-30,VISASTEEL,small,1754
2022-06-30,KERNEX,small,1756
2022-06-30,SAKHTISUG,small,1758
2022-06-30,APOLSINHOT,small,1759
2022-06-30,DRCSYSTEMS,small,1762
2022-06-30,NITCO,small,1765
2022-06-30,CAPTRUST,small,1768
2022-06-30,IL&FSENGG,small,1769
2022-06-30,MANAKCOAT,small,1771
2022-06-30,VETO,small,1773
2022-06-30,HARDWYN,small,1776
2022-06-30,SPMLINFRA,small,1777
2022-06-30,E2E,small,1778
2022-06-30,AKSHOPTFBR,small,1779
2022-06-30,SUVIDHAA,small,1780
2022-06-30,PREMIERPOL,small,1781
2022-06-30,GOLDENTOBC,small,1782
2022-06-30,ARIES,small,1784
2022-06-30,PALREDTEC,small,1787
2022-06-30,ESSARSHPNG,small,1789
2022-06-30,GRPLTD,small,1792
2022-06-30,SUNDARAM,small,1796
2022-06-30,KAKATCEM,small,1800
2022-06-30,INTENTECH,small,1801
2022-06-30,ELGIRUBCO,small,1802
2022-06-30,DCM,small,1803
2022-06-30,RELCHEMQ,small,1804
2022-06-30,UNITEDTEA,small,1805
2022-06-30,INDOWIND,small,1806
2022-06-30,SKMEGGPROD,small,1809
2022-06-30,SURANAT&P,small,1810
2022-06-30,EMMBI,small,1814
2022-06-30,MODIRUBBER,small,1815
2022-06-30,MAANALU,small,1818
2022-06-30,DEVIT,small,1819
2022-06-30,SHRENIK,small,1821
2022-06-30,WORTH,small,1822
2022-06-30,RANEENGINE,small,1823
2022-06-30,JOCIL,small,1824
2022-06-30,AKSHAR,small,1826
2022-06-30,BALPHARMA,small,1828
2022-06-30,SEJALLTD,small,1829
2022-06-30,SPLIL,small,1830
2022-06-30,RPPINFRA,small,1831
2022-06-30,JMA,small,1833
2022-06-30,AKASH,small,1837
2022-06-30,KECL,small,1840
2022-06-30,CORALFINAC,small,1842
2022-06-30,SERVOTECH,small,1843
2022-06-30,JHS,small,1845
2022-06-30,HINDNATGLS,small,1846
2022-06-30,INDIANCARD,small,1848
2022-06-30,IL&FSTRANS,small,1849
2022-06-30,MEDICO,small,1851
2022-06-30,ATLANTA,small,1852
2022-06-30,NILASPACES,small,1853
2022-06-30,ALPA,small,1857
2022-06-30,ASIANHOTNR,small,1865
2022-06-30,MANAKALUCO,small,1868
2022-06-30,SHREYANIND,small,1873
2022-06-30,IVP,small,1875
2022-06-30,ARROWGREEN,small,1876
2022-06-30,ICEMAKE,small,1881
2022-06-30,SHAHALLOYS,small,1882
2022-06-30,BHARATGEAR,small,1885
2022-06-30,ZODIAC,small,1888
2022-06-30,ELECTHERM,small,1894
2022-06-30,RVHL,small,1899
2022-06-30,TRF,small,1902
2022-06-30,NOIDATOLL,small,1905
2022-06-30,PVP,small,1907
2022-06-30,LAGNAM,small,1908
2022-06-30,KAMATHOTEL,small,1909
2022-06-30,UMANGDAIRY,small,1910
2022-06-30,BHAGYANGR,small,1912
2022-06-30,GILLANDERS,small,1914
2022-06-30,GENCON,small,1915
2022-06-30,GLOBE,small,1916
2022-06-30,BYKE,small,1917
2022-06-30,AARVI,small,1919
2022-06-30,PRITIKAUTO,small,1922
2022-06-30,SMLT,small,1924
2022-06-30,LOKESHMACH,small,1927
2022-06-30,MURUDCERA,small,1928
2022-06-30,MEGASTAR,small,1929
2022-06-30,AHLADA,small,1934
2022-06-30,KAPSTON,small,1935
2022-06-30,SBC,small,1938
2022-06-30,ASPINWALL,small,1941
2022-06-30,DAMODARIND,small,1943
2022-06-30,VIVIMEDLAB,small,1945
2022-06-30,SALONA,small,1947
2022-06-30,ANKITMETAL,small,1949
2022-06-30,PIONEEREMB,small,1953
2022-06-30,SMARTLINK,small,1957
2022-06-30,NDGL,small,1960
2022-06-30,CTE,small,1961
2022-06-30,PODDARHOUS,small,1965
2022-06-30,SURYALAXMI,small,1966
2022-06-30,NECCLTD,small,1973
2022-06-30,MAHAPEXLTD,small,1974
2022-06-30,MHLXMIRU,small,1975
2022-06-30,JBFIND,small,1978
2022-06-30,NIRAJ,small,1980
2022-06-30,STARTECK,small,1981
2022-06-30,SIGIND,small,1983
2022-06-30,CCHHL,small,1984
2022-06-30,TCIDEVELOP,small,1986
2022-06-30,KRITIKA,small,1989
2022-06-30,SURANASOL,small,1993
2022-06-30,PRAENG,small,1994
2022-06-30,RKEC,small,1999
2022-06-30,FIBERWEB,small,2002
2022-06-30,IMAGICAA,small,2003
2022-06-30,AMJLAND,small,2008
2022-06-30,KOHINOOR,small,2010
2022-06-30,BAGFILMS,small,2011
2022-06-30,BLBLIMITED,small,2013
2022-06-30,MOKSH,small,2017
2022-06-30,SUNDRMBRAK,small,2020
2022-06-30,GANGAFORGE,small,2021
2022-06-30,MCDHOLDING,small,2023
2022-06-30,AARON,small,2025
2022-06-30,TIL,small,2026
2022-06-30,REMSONSIND,small,2029
2022-06-30,MITCON,small,2036
2022-06-30,LPDC,small,2038
2022-06-30,VERTOZ,small,2044
2022-06-30,BSL,small,2049
2022-06-30,SIL,small,2050
2022-06-30,GROBTEA,small,2053
2022-06-30,BHAGYAPROP,small,2055
2022-06-30,LOTUSEYE,small,2056
2022-06-30,SOFTTECH,small,2062
2022-06-30,MAHASTEEL,small,2063
2022-06-30,GANGESSECU,small,2064
2022-06-30,INCREDIBLE,small,2066
2022-06-30,BHANDARI,small,2067
2022-06-30,TIRUPATIFL,small,2068
2022-06-30,MRO-TEK,small,2071
2022-06-30,IZMO,small,2073
2022-06-30,RAJSREESUG,small,2074
2022-06-30,AVROIND,small,2077
2022-06-30,VCL,small,2078
2022-06-30,OMAXAUTO,small,2083
2022-06-30,MOTOGENFIN,small,2085
2022-06-30,MUKTAARTS,small,2086
2022-06-30,AAREYDRUGS,small,2089
2022-06-30,INDBANK,small,2095
2022-06-30,WELINV,small,2096
2022-06-30,SEPOWER,small,2098
2022-06-30,AIROLAM,small,2099
2022-06-30,ROML,small,2104
2022-06-30,ENERGYDEV,small,2105
2022-06-30,CCCL,small,2107
2022-06-30,PRAKASHSTL,small,2108
2022-06-30,BIOFILCHEM,small,2109
2022-06-30,MBECL,small,2113
2022-06-30,ARVEE,small,2115
2022-06-30,TOTAL,small,2116
2022-06-30,SHIVAMILLS,small,2121
2022-06-30,SIMBHALS,small,2124
2022-06-30,WEIZMANIND,small,2139
2022-06-30,SUMEETINDS,small,2140
2022-06-30,PALASHSECU,small,2141
2022-06-30,SEYAIND,small,2143
2022-06-30,DGCONTENT,small,2146
2022-06-30,ARCHIDPLY,small,2151
2022-06-30,AUSOMENT,small,2152
2022-06-30,ROLTA,small,2153
2022-06-30,DBSTOCKBRO,small,2154
2022-06-30,TOUCHWOOD,small,2156
2022-06-30,UNITEDPOLY,small,2163
2022-06-30,FOCUS,small,2164
2022-06-30,UJAAS,small,2167
2022-06-30,ALKALI,small,2168
2022-06-30,PRESSMN,small,2173
2022-06-30,TOKYOPLAST,small,2174
2022-06-30,SALSTEEL,small,2177
2022-06-30,AMDIND,small,2182
2022-06-30,LAMBODHARA,small,2186
2022-06-30,STEELCITY,small,2188
2022-06-30,CENTEXT,small,2190
2022-06-30,ABMINTLLTD,small,2191
2022-06-30,UNIVASTU,small,2193
2022-06-30,BCONCEPTS,small,2195
2022-06-30,PATINTLOG,small,2199
2022-06-30,GOENKA,small,2203
2022-06-30,GLOBAL,small,2205
2022-06-30,DELTAMAGNT,small,2206
2022-06-30,PKTEA,small,2207
2022-06-30,PUNJLLOYD,small,2208
2022-06-30,SAMBHAAV,small,2214
2022-06-30,RSSOFTWARE,small,2215
2022-06-30,AROGRANITE,small,2216
2022-06-30,SONAMCLOCK,small,2217
2022-06-30,TREJHARA,small,2219
2022-06-30,SHREERAMA,small,2221
2022-06-30,ANIKINDS,small,2225
2022-06-30,TARMAT,small,2226
2022-06-30,SANWARIA,small,2228
2022-06-30,MORARJEE,small,2232
2022-06-30,PRITI,small,2238
2022-06-30,MCL,small,2239
2022-06-30,DHRUV,small,2254
2022-06-30,CINEVISTA,small,2263
2022-06-30,PANACHE,small,2266
2022-06-30,BANKA,small,2268
2022-06-30,SGL,small,2269
2022-06-30,CELEBRITY,small,2270
2022-06-30,GEEKAYWIRE,small,2276
2022-06-30,SICAL,small,2296
2022-06-30,UTTAMSTL,small,2299
2022-06-30,JETFREIGHT,small,2301
2022-06-30,STAMPEDE,small,2303
2022-06-30,KEYFINSERV,small,2304
2022-06-30,CORDSCABLE,small,2305
2022-06-30,SKIL,small,2307
2022-06-30,NITIRAJ,small,2308
2022-06-30,PNC,small,2311
2022-06-30,SUPERSPIN,small,2313
2022-06-30,EXCEL,small,2315
2022-06-30,SAGARDEEP,small,2322
2022-06-30,GLOBALVECT,small,2328
2022-06-30,GAL,small,2329
2022-06-30,FLEXITUFF,small,2335
2022-06-30,ORIENTLTD,small,2336
2022-06-30,TAINWALCHM,small,2341
2022-06-30,JAIPURKURT,small,2344
2022-06-30,HOVS,small,2347
2022-06-30,VAISHALI,small,2348
2022-06-30,MTEDUCARE,small,2356
2022-06-30,HINDCON,small,2357
2022-06-30,KALYANIFRG,small,2361
2022-06-30,ARSSINFRA,small,2366
2022-06-30,INDSWFTLTD,small,2368
2022-06-30,MERCATOR,small,2371
2022-06-30,AGROPHOS,small,2378
2022-06-30,HISARMETAL,small,2379
2022-06-30,VASWANI,small,2384
2022-06-30,SUPREMEENG,small,2389
2022-06-30,OMKARCHEM,small,2395
2022-06-30,SIKKO,small,2398
2022-06-30,ARCHIES,small,2399
2022-06-30,AJOONI,small,2407
2022-06-30,BEARDSELL,small,2413
2022-06-30,AARVEEDEN,small,2419
2022-06-30,ROLLT,small,2426
2022-06-30,VINEETLAB,small,2436
2022-06-30,DHARSUGAR,small,2437
2022-06-30,TERASOFT,small,2440
2022-06-30,MARSHALL,small,2446
2022-06-30,EDUCOMP,small,2447
2022-06-30,VARDMNPOLY,small,2449
2022-06-30,EASTSILK,small,2451
2022-06-30,BANARBEADS,small,2452
2022-06-30,CMICABLES,small,2455
2022-06-30,ZENITHSTL,small,2457
2022-06-30,NIBL,small,2459
2022-06-30,BANG,small,2465
2022-06-30,NAGREEKEXP,small,2467
2022-06-30,MALUPAPER,small,2470
2022-06-30,ICDSLTD,small,2472
2022-06-30,MADHUCON,small,2475
2022-06-30,VIVIDHA,small,2484
2022-06-30,KRIDHANINF,small,2492
2022-06-30,BURNPUR,small,2496
2022-06-30,SHRADHA,small,2500
2022-06-30,BVCL,small,2510
2022-06-30,CALSOFT,small,2511
2022-06-30,AGRITECH,small,2526
2022-06-30,TIMESGTY,small,2539
2022-06-30,WIPL,small,2546
2022-06-30,LCCINFOTEC,small,2548
2022-06-30,MANUGRAPH,small,2554
2022-06-30,LIBAS,small,2562
2022-06-30,MAGNUM,small,2567
2022-06-30,ANSALHSG,small,2572
2022-06-30,MADHAV,small,2573
2022-06-30,AMBICAAGAR,small,2579
2022-06-30,DIAPOWER,small,2581
2022-06-30,BALKRISHNA,small,2582
2022-06-30,SOMICONVEY,small,2596
2022-06-30,NEXTMEDIA,small,2602
2022-06-30,ZENITHEXPO,small,2608
2022-06-30,FMNL,small,2610
2022-06-30,TREEHOUSE,small,2614
2022-06-30,COUNCODOS,small,2619
2022-06-30,CUBEXTUB,small,2625
2022-06-30,LAXMICOT,small,2639
2022-06-30,SUPREMEINF,small,2644
2022-06-30,IMPEXFERRO,small,2645
2022-06-30,AKG,small,2653
2022-06-30,SANGINITA,small,2668
2022-06-30,OILCOUNTUB,small,2669
2022-06-30,WEWIN,small,2675
2022-06-30,SPCENET,small,2686
2022-06-30,SUMIT,small,2693
2022-06-30,ESSENTIA,small,2698
2022-06-30,SETUINFRA,small,2712
2022-06-30,CYBERMEDIA,small,2714
2022-06-30,HBSL,small,2716
2022-06-30,HILTON,small,2717
2022-06-30,PEARLPOLY,small,2732
2022-06-30,KARMAENG,small,2733
2022-06-30,ORIENTALTL,small,2736
2022-06-30,TMRVL,small,2766
2022-06-30,HECPROJECT,small,2776
2022-06-30,21STCENMGM,small,2781
2022-06-30,CROWN,small,2798
2022-06-30,LFIC,small,2807
2022-06-30,SILGO,small,2809
2022-06-30,DNAMEDIA,small,2825
2022-06-30,WSI,small,2828
2022-06-30,TNTELE,small,2830
2022-06-30,VIJIFIN,small,2831
2022-06-30,HAVISHA,small,2845
2022-06-30,3PLAND,small,2846
2022-06-30,KHANDSE,small,2850
2022-06-30,UNIINFO,small,2861
2022-06-30,ADL,small,2872
2022-06-30,TANTIACONS,small,2877
2022-06-30,TGBHOTELS,small,2897
2022-06-30,MOHITIND,small,2916
2022-06-30,SHANTI,small,2920
2022-06-30,SOMATEX,small,2945
2022-06-30,ANTGRAPHIC,small,2946
2022-06-30,WILLAMAGOR,small,2948
2022-06-30,METALFORGE,small,2951
2022-06-30,RKDL,small,2953
2022-06-30,SPYL,small,2958
2022-06-30,SPENTEX,small,2978
2022-06-30,INFOMEDIA,small,2995
2022-06-30,RMCL,small,2998
2022-06-30,TFL,small,3002
2022-06-30,SILLYMONKS,small,3027
2022-06-30,SUBCAPCITY,small,3031
2022-06-30,NKIND,small,3034
2022-06-30,ORTINLAB,small,3051
2022-06-30,KAVVERITEL,small,3054
2022-06-30,GAYAHWS,small,3057
2022-06-30,MITTAL,small,3060
2022-06-30,ADROITINFO,small,3065
2022-06-30,BARTRONICS,small,3066
2022-06-30,NATNLSTEEL,small,3075
2022-06-30,KHAITANLTD,small,3091
2022-06-30,THOMASCOTT,small,3105
2022-06-30,GUJRAFFIA,small,3113
2022-06-30,LYPSAGEMS,small,3115
2022-06-30,TIJARIA,small,3118
2022-06-30,KEERTI,small,3132
2022-06-30,S&SPOWER,small,3142
2022-06-30,PREMIER,small,3152
2022-06-30,PBAINFRA,small,3162
2022-06-30,JINDCOT,small,3183
2022-06-30,ONELIFECAP,small,3192
2022-06-30,VICEROY,small,3203
2022-06-30,BKMINDST,small,3215
2022-06-30,SATHAISPAT,small,3234
2022-06-30,ALPSINDUS,small,3259
2022-06-30,TECHIN,small,3270
2022-06-30,NAGREEKCAP,small,3272
2022-06-30,SANCO,small,3291
2022-06-30,SHYAMTEL,small,3295
2022-06-30,KAUSHALYA,small,3296
2022-06-30,UMESLTD,small,3320
2022-06-30,PDPL,small,3391
2022-06-30,GFSTEELS,small,3408
2022-06-30,INDLMETER,small,3415
2022-06-30,CANDC,small,3417
2022-06-30,ARENTERP,small,3431
2022-06-30,KALYANI,small,3460
2022-06-30,SABEVENTS,small,3479
2022-06-30,TVVISION,small,3500
2022-06-30,KEEPLEARN,small,3518
2022-06-30,MASKINVEST,small,3550
2022-06-30,EUROTEXIND,small,3555
2022-06-30,MOHOTAIND,small,3615
2022-06-30,TARAPUR,small,3679
2022-06-30,EASUNREYRL,small,3703
2022-06-30,CREATIVEYE,small,3731
2022-06-30,TCIFINANCE,small,3741
2022-06-30,BLUECOAST,small,3757
2022-06-30,GLFL,small,3760
2022-06-30,LAKPRE,small,3846
2022-06-30,SABTN,small,3871
2022-06-30,DCMFINSERV,small,3892
2022-06-30,HOTELRUGBY,small,3899
2022-06-30,RADAAN,small,3903
2022-06-30,NIRAJISPAT,small,3923
2022-06-30,BGLOBAL,small,3950
2022-06-30,MELSTAR,small,3967
2022-06-30,REGENCERAM,small,3994
2022-06-30,NORBTEAEXP,small,4071
2022-06-30,JIKIND,small,4152
2022-06-30,ORTEL,small,4187
2022-06-30,QUINTEGRA,small,4195
2022-06-30,JAINSTUDIO,small,4207
2022-06-30,GANGOTRI,small,4260
2022-06-30,RAJRILTD,small,4306
2022-06-30,GISOLUTION,small,4315
2022-06-30,RAJVIR,small,4395
2022-06-30,BLUECHIP,small,4550
2022-12-31,RELIANCE,large,1
2022-12-31,TCS,large,2
2022-12-31,HDFCBANK,large,3
2022-12-31,INFY,large,4
2022-12-31,HINDUNILVR,large,5
2022-12-31,ICICIBANK,large,6
2022-12-31,SBIN,large,7
2022-12-31,HDFC,large,8
2022-12-31,BHARTIARTL,large,9
2022-12-31,BAJFINANCE,large,10
2022-12-31,LICI,large,11
2022-12-31,ITC,large,12
2022-12-31,ADANIENT,large,13
2022-12-31,ATGL,large,14
2022-12-31,KOTAKBANK,large,15
2022-12-31,ADANITRANS,large,16
2022-12-31,ADANIGREEN,large,17
2022-12-31,ASIANPAINT,large,18
2022-12-31,LT,large,19
2022-12-31,DMART,large,20
2022-12-31,HCLTECH,large,21
2022-12-31,MARUTI,large,22
2022-12-31,BAJAJFINSV,large,23
2022-12-31,AXISBANK,large,24
2022-12-31,SUNPHARMA,large,25
2022-12-31,TITAN,large,26
2022-12-31,WIPRO,large,27
2022-12-31,ULTRACEMCO,large,28
2022-12-31,ADANIPORTS,large,30
2022-12-31,ONGC,large,31
2022-12-31,JSWSTEEL,large,32
2022-12-31,NTPC,large,33
2022-12-31,M&M,large,34
2022-12-31,TATAMOTORS,large,35
2022-12-31,POWERGRID,large,36
2022-12-31,COALINDIA,large,37
2022-12-31,PIDILITIND,large,38
2022-12-31,ADANIPOWER,large,39
2022-12-31,TATASTEEL,large,40
2022-12-31,SBILIFE,large,41
2022-12-31,HINDZINC,large,42
2022-12-31,HDFCLIFE,large,43
2022-12-31,GRASIM,large,44
2022-12-31,BAJAJ-AUTO,large,45
2022-12-31,VEDL,large,46
2022-12-31,TECHM,large,47
2022-12-31,IOC,large,48
2022-12-31,SIEMENS,large,49
2022-12-31,DABUR,large,50
2022-12-31,AMBUJACEM,large,51
2022-12-31,DIVISLAB,large,52
2022-12-31,BRITANNIA,large,53
2022-12-31,HINDALCO,large,54
2022-12-31,DLF,large,55
2022-12-31,EICHERMOT,large,56
2022-12-31,GODREJCP,large,57
2022-12-31,AWL,large,58
2022-12-31,CIPLA,large,59
2022-12-31,INDUSINDBK,large,60
2022-12-31,SBICARD,large,61
2022-12-31,LTIM,large,62
2022-12-31,SHREECEM,large,63
2022-12-31,HAL,large,64
2022-12-31,HAVELLS,large,65
2022-12-31,ICICIPRULI,large,66
2022-12-31,BEL,large,67
2022-12-31,BANKBARODA,large,68
2022-12-31,TATACONSUM,large,69
2022-12-31,INDIGO,large,70
2022-12-31,DRREDDY,large,71
2022-12-31,SRF,large,72
2022-12-31,TATAPOWER,large,73
2022-12-31,VBL,large,74
2022-12-31,BPCL,large,75
2022-12-31,BAJAJHLDNG,large,76
2022-12-31,MARICO,large,77
2022-12-31,APOLLOHOSP,large,78
2022-12-31,ABB,large,79
2022-12-31,MCDOWELL-N,large,80
2022-12-31,BERGEPAINT,large,81
2022-12-31,CHOLAFIN,large,82
2022-12-31,GAIL,large,83
2022-12-31,ICICIGI,large,84
2022-12-31,NYKAA,large,85
2022-12-31,UPL,large,86
2022-12-31,IRCTC,large,87
2022-12-31,HEROMOTOCO,large,88
2022-12-31,INDUSTOWER,large,89
2022-12-31,PAGEIND,large,90
2022-12-31,TORNTPHARM,large,91
2022-12-31,NAUKRI,large,92
2022-12-31,MOTHERSON,large,93
2022-12-31,ZOMATO,large,94
2022-12-31,LODHA,large,95
2022-12-31,TATAELXSI,large,96
2022-12-31,BOSCHLTD,large,97
2022-12-31,JSWENERGY,large,98
2022-12-31,TRENT,large,99
2022-12-31,PIIND,large,100
2022-12-31,TIINDIA,mid,101
2022-12-31,TVSMOTOR,mid,102
2022-12-31,IDBI,mid,103
2022-12-31,CANBK,mid,104
2022-12-31,PGHH,mid,105
2022-12-31,JINDALSTEL,mid,106
2022-12-31,SCHAEFFLER,mid,107
2022-12-31,PATANJALI,mid,108
2022-12-31,PNB,mid,109
2022-12-31,ACC,mid,110
2022-12-31,UBL,mid,111
2022-12-31,CONCOR,mid,112
2022-12-31,ASHOKLEY,mid,113
2022-12-31,HDFCAMC,mid,114
2022-12-31,COLPAL,mid,115
2022-12-31,INDHOTEL,mid,116
2022-12-31,MUTHOOTFIN,mid,117
2022-12-31,PAYTM,mid,118
2022-12-31,BANDHANBNK,mid,119
2022-12-31,YESBANK,mid,120
2022-12-31,AUBANK,mid,122
2022-12-31,ASTRAL,mid,123
2022-12-31,BALKRISIND,mid,124
2022-12-31,ZYDUSLIFE,mid,125
2022-12-31,MAXHEALTH,mid,126
2022-12-31,MPHASIS,mid,127
2022-12-31,STARHEALTH,mid,128
2022-12-31,IOB,mid,129
2022-12-31,NHPC,mid,130
2022-12-31,LTTS,mid,131
2022-12-31,JUBLFOOD,mid,132
2022-12-31,FLUOROCHEM,mid,133
2022-12-31,POLYCAB,mid,134
2022-12-31,ALKEM,mid,135
2022-12-31,CGPOWER,mid,136
2022-12-31,UNIONBANK,mid,137
2022-12-31,GODREJPROP,mid,138
2022-12-31,MRF,mid,139
2022-12-31,BHARATFORG,mid,140
2022-12-31,DELHIVERY,mid,141
2022-12-31,HONAUT,mid,142
2022-12-31,SHRIRAMFIN,mid,143
2022-12-31,CUMMINSIND,mid,144
2022-12-31,BIOCON,mid,145
2022-12-31,GLAND,mid,146
2022-12-31,NMDC,mid,147
2022-12-31,TATACOMM,mid,148
2022-12-31,GUJGASLTD,mid,149
2022-12-31,OBEROIRLTY,mid,150
2022-12-31,SAIL,mid,151
2022-12-31,HINDPETRO,mid,152
2022-12-31,SOLARINDS,mid,153
2022-12-31,PETRONET,mid,154
2022-12-31,IRFC,mid,155
2022-12-31,MANYAVAR,mid,156
2022-12-31,LUPIN,mid,157
2022-12-31,PFC,mid,158
2022-12-31,IDFCFIRSTB,mid,159
2022-12-31,UNOMINDA,mid,160
2022-12-31,DALBHARAT,mid,161
2022-12-31,AUROPHARMA,mid,162
2022-12-31,VOLTAS,mid,163
2022-12-31,SONACOMS,mid,164
2022-12-31,ABCAPITAL,mid,165
2022-12-31,COROMANDEL,mid,166
2022-12-31,ABFRL,mid,167
2022-12-31,IGL,mid,168
2022-12-31,LINDEINDIA,mid,169
2022-12-31,DEEPAKNTR,mid,170
2022-12-31,IDEA,mid,171
2022-12-31,PERSISTENT,mid,172
2022-12-31,INDIANB,mid,173
2022-12-31,RECLTD,mid,174
2022-12-31,SUPREMEIND,mid,175
2022-12-31,OFSS,mid,176
2022-12-31,TATACHEM,mid,177
2022-12-31,APLAPOLLO,mid,178
2022-12-31,LAURUSLABS,mid,179
2022-12-31,MFSL,mid,180
2022-12-31,MSUMI,mid,181
2022-12-31,3MINDIA,mid,182
2022-12-31,M&MFIN,mid,183
2022-12-31,ESCORTS,mid,184
2022-12-31,THERMAX,mid,185
2022-12-31,ATUL,mid,186
2022-12-31,FEDERALBNK,mid,187
2022-12-31,TORNTPOWER,mid,188
2022-12-31,BANKINDIA,mid,189
2022-12-31,KANSAINER,mid,190
2022-12-31,DIXON,mid,191
2022-12-31,PHOENIXLTD,mid,192
2022-12-31,ZEEL,mid,193
2022-12-31,RELAXO,mid,194
2022-12-31,AARTIIND,mid,195
2022-12-31,SUNDARMFIN,mid,196
2022-12-31,AIAENG,mid,197
2022-12-31,SUMICHEM,mid,198
2022-12-31,CROMPTON,mid,199
2022-12-31,GLAXO,mid,200
2022-12-31,SYNGENE,mid,201
2022-12-31,BATAINDIA,mid,202
2022-12-31,IPCALAB,mid,203
2022-12-31,TIMKEN,mid,204
2022-12-31,GICRE,mid,205
2022-12-31,COFORGE,mid,206
2022-12-31,CRISIL,mid,207
2022-12-31,BHEL,mid,208
2022-12-31,POONAWALLA,mid,209
2022-12-31,GMRINFRA,mid,210
2022-12-31,SKFINDIA,mid,211
2022-12-31,DEVYANI,mid,212
2022-12-31,GRINDWELL,mid,214
2022-12-31,LICHSGFIN,mid,215
2022-12-31,METROBRAND,mid,216
2022-12-31,POLICYBZR,mid,217
2022-12-31,VINATIORGA,mid,218
2022-12-31,NAVINFLUOR,mid,219
2022-12-31,HATSUN,mid,220
2022-12-31,FORTIS,mid,221
2022-12-31,OIL,mid,222
2022-12-31,JKCEMENT,mid,223
2022-12-31,PEL,mid,224
2022-12-31,TTML,mid,225
2022-12-31,WHIRLPOOL,mid,226
2022-12-31,EMAMILTD,mid,227
2022-12-31,ENDURANCE,mid,228
2022-12-31,LALPATHLAB,mid,229
2022-12-31,L&TFH,mid,230
2022-12-31,PFIZER,mid,231
2022-12-31,SUNTV,mid,232
2022-12-31,BLUEDART,mid,233
2022-12-31,CENTRALBK,mid,234
2022-12-31,RAJESHEXPO,mid,235
2022-12-31,KPRMILL,mid,236
2022-12-31,TRIDENT,mid,237
2022-12-31,FINEORG,mid,238
2022-12-31,UCOBANK,mid,239
2022-12-31,SUNDRMFAST,mid,240
2022-12-31,PRESTIGE,mid,241
2022-12-31,ZFCVINDIA,mid,242
2022-12-31,KAJARIACER,mid,243
2022-12-31,CLEAN,mid,244
2022-12-31,NAM-INDIA,mid,245
2022-12-31,APOLLOTYRE,mid,246
2022-12-31,KPITTECH,mid,247
2022-12-31,GILLETTE,mid,248
2022-12-31,RAMCOCEM,mid,249
2022-12-31,PPLPHARMA,mid,250
2022-12-31,AAVAS,small,251
2022-12-31,AJANTPHARM,small,252
2022-12-31,FIVESTAR,small,253
2022-12-31,ISEC,small,254
2022-12-31,BDL,small,255
2022-12-31,CARBORUNIV,small,256
2022-12-31,DCMSHRIRAM,small,257
2022-12-31,AFFLE,small,258
2022-12-31,NIACL,small,259
2022-12-31,IIFLWAM,small,260
2022-12-31,APTUS,small,261
2022-12-31,CREDITACC,small,262
2022-12-31,GODREJIND,small,263
2022-12-31,IIFL,small,264
2022-12-31,ALKYLAMINE,small,265
2022-12-31,IRB,small,266
2022-12-31,JBCHEPHARM,small,267
2022-12-31,NH,small,268
2022-12-31,ASAHIINDIA,small,269
2022-12-31,CAMPUS,small,270
2022-12-31,ELGIEQUIP,small,271
2022-12-31,MAHABANK,small,272
2022-12-31,HAPPSTMNDS,small,273
2022-12-31,EXIDEIND,small,274
2022-12-31,POWERINDIA,small,275
2022-12-31,SANOFI,small,276
2022-12-31,NATIONALUM,small,277
2022-12-31,IEX,small,278
2022-12-31,SFL,small,279
2022-12-31,GSPL,small,280
2022-12-31,RADICO,small,281
2022-12-31,INDIAMART,small,282
2022-12-31,CENTURYPLY,small,283
2022-12-31,BAJAJELEC,small,284
2022-12-31,CHAMBLFERT,small,285
2022-12-31,RATNAMANI,small,286
2022-12-31,CUB,small,287
2022-12-31,NUVOCO,small,288
2022-12-31,KEI,small,289
2022-12-31,PSB,small,290
2022-12-31,SJVN,small,291
2022-12-31,LAXMIMACH,small,292
2022-12-31,CGCL,small,293
2022-12-31,ABSLAMC,small,294
2022-12-31,CDSL,small,295
2022-12-31,TTKPRESTIG,small,296
2022-12-31,APLLTD,small,298
2022-12-31,BASF,small,299
2022-12-31,MEDANTA,small,300
2022-12-31,GRINFRA,small,301
2022-12-31,ANGELONE,small,302
2022-12-31,KIOCL,small,303
2022-12-31,REDINGTON,small,304
2022-12-31,CASTROLIND,small,305
2022-12-31,CHOLAHLDNG,small,306
2022-12-31,CAMS,small,307
2022-12-31,SUVENPHAR,small,308
2022-12-31,ASTERDM,small,309
2022-12-31,RENUKA,small,310
2022-12-31,BRIGADE,small,311
2022-12-31,PVR,small,312
2022-12-31,GLENMARK,small,313
2022-12-31,MRPL,small,314
2022-12-31,NATCOPHARM,small,315
2022-12-31,IDFC,small,316
2022-12-31,AETHER,small,317
2022-12-31,KEC,small,318
2022-12-31,MAZDOCK,small,319
2022-12-31,KIMS,small,320
2022-12-31,MOTILALOFS,small,321
2022-12-31,BLUESTARCO,small,322
2022-12-31,MAHINDCIE,small,323
2022-12-31,TANLA,small,324
2022-12-31,EIHOTEL,small,325
2022-12-31,VGUARD,small,327
2022-12-31,HINDCOPPER,small,328
2022-12-31,GALAXYSURF,small,329
2022-12-31,NLCINDIA,small,330
2022-12-31,ITI,small,331
2022-12-31,RHIM,small,332
2022-12-31,ZYDUSWELL,small,333
2022-12-31,GNFC,small,334
2022-12-31,BALAMINES,small,335
2022-12-31,EIDPARRY,small,336
2022-12-31,HFCL,small,337
2022-12-31,DEEPAKFERT,small,338
2022-12-31,TATAINVEST,small,339
2022-12-31,AEGISCHEM,small,340
2022-12-31,CESC,small,341
2022-12-31,SUZLON,small,342
2022-12-31,SUNCLAYLTD,small,344
2022-12-31,GODREJAGRO,small,345
2022-12-31,AKZOINDIA,small,346
2022-12-31,BIKAJI,small,347
2022-12-31,UTIAMC,small,348
2022-12-31,VTL,small,349
2022-12-31,VIPIND,small,350
2022-12-31,KALYANKJIL,small,351
2022-12-31,ERIS,small,352
2022-12-31,AMARAJABAT,small,353
2022-12-31,ALLCARGO,small,354
2022-12-31,FINPIPE,small,355
2022-12-31,RVNL,small,356
2022-12-31,CENTURYTEX,small,357
2022-12-31,TEJASNET,small,359
2022-12-31,EASEMYTRIP,small,360
2022-12-31,ALOKINDS,small,361
2022-12-31,FACT,small,362
2022-12-31,CYIENT,small,363
2022-12-31,MANAPPURAM,small,364
2022-12-31,ROUTE,small,365
2022-12-31,BSOFT,small,366
2022-12-31,SAPPHIRE,small,367
2022-12-31,LXCHEM,small,368
2022-12-31,BSE,small,369
2022-12-31,MGL,small,370
2022-12-31,POLYMED,small,371
2022-12-31,JUBLINGREA,small,372
2022-12-31,HUDCO,small,373
2022-12-31,MEDPLUS,small,375
2022-12-31,GRANULES,small,376
2022-12-31,KRBL,small,377
2022-12-31,QUESS,small,378
2022-12-31,GESHIP,small,379
2022-12-31,ASTRAZEN,small,380
2022-12-31,TMB,small,381
2022-12-31,BCG,small,382
2022-12-31,RITES,small,383
2022-12-31,JSL,small,384
2022-12-31,GMMPFAUDLR,small,385
2022-12-31,TRITURBINE,small,386
2022-12-31,RAYMOND,small,387
2022-12-31,ANURAS,small,389
2022-12-31,METROPOLIS,small,390
2022-12-31,GRAPHITE,small,391
2022-12-31,SHYAMMETL,small,392
2022-12-31,SAREGAMA,small,393
2022-12-31,BORORENEW,small,394
2022-12-31,SONATSOFTW,small,395
2022-12-31,RBLBANK,small,396
2022-12-31,SPLPETRO,small,397
2022-12-31,BIRLACORPN,small,398
2022-12-31,LATENTVIEW,small,399
2022-12-31,AMBER,small,400
2022-12-31,FSL,small,401
2022-12-31,BALRAMCHIN,small,402
2022-12-31,FINCABLES,small,403
2022-12-31,SHOPERSTOP,small,404
2022-12-31,INTELLECT,small,405
2022-12-31,PRAJIND,small,406
2022-12-31,CANFINHOME,small,407
2022-12-31,GODFRYPHLP,small,408
2022-12-31,WELSPUNIND,small,409
2022-12-31,ECLERX,small,410
2022-12-31,NETWORK18,small,412
2022-12-31,CHALET,small,413
2022-12-31,HOMEFIRST,small,414
2022-12-31,PGHL,small,415
2022-12-31,MAPMYINDIA,small,416
2022-12-31,INDIACEM,small,417
2022-12-31,TCIEXP,small,418
2022-12-31,JYOTHYLAB,small,419
2022-12-31,KNRCON,small,420
2022-12-31,INDIGOPNTS,small,421
2022-12-31,JKLAKSHMI,small,422
2022-12-31,GARFIBRES,small,423
2022-12-31,PNCINFRA,small,424
2022-12-31,CHEMPLASTS,small,425
2022-12-31,PNBHOUSING,small,426
2022-12-31,CERA,small,427
2022-12-31,JKPAPER,small,428
2022-12-31,JSLHISAR,small,429
2022-12-31,MAHLIFE,small,430
2022-12-31,RTNINDIA,small,431
2022-12-31,JMFINANCIL,small,432
2022-12-31,TV18BRDCST,small,433
2022-12-31,RAINBOW,small,434
2022-12-31,KALPATPOWR,small,435
2022-12-31,STLTECH,small,436
2022-12-31,KARURVYSYA,small,437
2022-12-31,BBTC,small,438
2022-12-31,PRINCEPIPE,small,439
2022-12-31,INOXLEISUR,small,440
2022-12-31,GOCOLORS,small,441
2022-12-31,CCL,small,442
2022-12-31,LEMONTREE,small,443
2022-12-31,KSB,small,444
2022-12-31,BLS,small,445
2022-12-31,TRIVENI,small,446
2022-12-31,SUNTECK,small,447
2022-12-31,BEML,small,448
2022-12-31,ACI,small,449
2022-12-31,NBCC,small,450
2022-12-31,SIS,small,451
2022-12-31,SYMPHONY,small,452
2022-12-31,GAEL,small,453
2022-12-31,SPARC,small,454
2022-12-31,POLYPLEX,small,455
2022-12-31,COCHINSHIP,small,456
2022-12-31,INGERRAND,small,457
2022-12-31,SOBHA,small,458
2022-12-31,EQUITASBNK,small,459
2022-12-31,WELCORP,small,460
2022-12-31,PRSMJOHNSN,small,461
2022-12-31,CEATLTD,small,462
2022-12-31,CRAFTSMAN,small,463
2022-12-31,AVANTIFEED,small,464
2022-12-31,GUJALKALI,small,465
2022-12-31,RUSTOMJEE,small,466
2022-12-31,RBA,small,467
2022-12-31,SWANENERGY,small,468
2022-12-31,IBULHSGFIN,small,469
2022-12-31,KFINTECH,small,470
2022-12-31,RAIN,small,471
2022-12-31,GHCL,small,472
2022-12-31,MFL,small,473
2022-12-31,EDELWEISS,small,474
2022-12-31,MMTC,small,475
2022-12-31,ORIENTELEC,small,476
2022-12-31,JUBLPHARMA,small,478
2022-12-31,DATAPATTNS,small,479
2022-12-31,CAPLIPOINT,small,480
2022-12-31,JINDWORLD,small,481
2022-12-31,RCF,small,482
2022-12-31,VMART,small,483
2022-12-31,SCI,small,484
2022-12-31,HGS,small,485
2022-12-31,DELTACORP,small,486
2022-12-31,GSFC,small,487
2022-12-31,SWSOLAR,small,488
2022-12-31,MASTEK,small,489
2022-12-31,TCI,small,490
2022-12-31,VAIBHAVGBL,small,491
2022-12-31,ESABINDIA,small,492
2022-12-31,VRLLOG,small,494
2022-12-31,LUXIND,small,495
2022-12-31,MHRIL,small,496
2022-12-31,MAHSCOOTER,small,497
2022-12-31,GLS,small,498
2022-12-31,TATVA,small,499
2022-12-31,RPOWER,small,500
2022-12-31,EPL,small,501
2022-12-31,ZENSARTECH,small,502
2022-12-31,VSTIND,small,503
2022-12-31,APARINDS,small,504
2022-12-31,TEAMLEASE,small,505
2022-12-31,ROLEXRINGS,small,506
2022-12-31,JPPOWER,small,507
2022-12-31,MINDACORP,small,508
2022-12-31,RAJRATAN,small,509
2022-12-31,MAHSEAMLES,small,510
2022-12-31,SYRMA,small,511
2022-12-31,RELIGARE,small,512
2022-12-31,JBMA,small,513
2022-12-31,GREENPANEL,small,514
2022-12-31,JUSTDIAL,small,515
2022-12-31,PRIVISCL,small,516
2022-12-31,VARROC,small,517
2022-12-31,PCBL,small,518
2022-12-31,GMDCLTD,small,519
2022-12-31,ROSSARI,small,520
2022-12-31,UFLEX,small,521
2022-12-31,OLECTRA,small,522
2022-12-31,MTARTECH,small,523
2022-12-31,BHARATRAS,small,524
2022-12-31,SUPRAJIT,small,527
2022-12-31,JAMNAAUTO,small,529
2022-12-31,PARADEEP,small,530
2022-12-31,FDC,small,531
2022-12-31,NIITLTD,small,532
2022-12-31,UJJIVANSFB,small,533
2022-12-31,CMSINFO,small,534
2022-12-31,NCC,small,535
2022-12-31,SHARDACROP,small,536
2022-12-31,RALLIS,small,537
2022-12-31,JSWHL,small,538
2022-12-31,HEIDELBERG,small,539
2022-12-31,GRSE,small,540
2022-12-31,PDSL,small,541
2022-12-31,IRCON,small,542
2022-12-31,BOROLTD,small,543
2022-12-31,HEG,small,544
2022-12-31,NOCIL,small,545
2022-12-31,KAYNES,small,546
2022-12-31,GPPL,small,547
2022-12-31,BARBEQUE,small,548
2022-12-31,IBREALEST,small,549
2022-12-31,INFIBEAM,small,550
2022-12-31,VIJAYA,small,551
2022-12-31,NESCO,small,552
2022-12-31,NAZARA,small,553
2022-12-31,ELECON,small,554
2022-12-31,GREENLAM,small,555
2022-12-31,USHAMART,small,556
2022-12-31,TATACOFFEE,small,557
2022-12-31,AARTIDRUGS,small,558
2022-12-31,ARVINDFASN,small,559
2022-12-31,GPIL,small,560
2022-12-31,STARCEMENT,small,561
2022-12-31,TARSONS,small,562
2022-12-31,JINDALPOLY,small,563
2022-12-31,HSCL,small,564
2022-12-31,MASFIN,small,565
2022-12-31,HCG,small,566
2022-12-31,LAOPALA,small,567
2022-12-31,HIKAL,small,568
2022-12-31,ENGINERSIN,small,569
2022-12-31,MIDHANI,small,570
2022-12-31,SHAREINDIA,small,571
2022-12-31,ICRA,small,572
2022-12-31,JKTYRE,small,573
2022-12-31,IFBIND,small,574
2022-12-31,SANSERA,small,575
2022-12-31,CSBBANK,small,576
2022-12-31,ASTEC,small,577
2022-12-31,SPANDANA,small,578
2022-12-31,HARSHA,small,579
2022-12-31,HGINFRA,small,580
2022-12-31,FUSION,small,583
2022-12-31,JCHAC,small,584
2022-12-31,RESPONIND,small,585
2022-12-31,TCNSBRANDS,small,586
2022-12-31,RELINFRA,small,587
2022-12-31,CHENNPETRO,small,588
2022-12-31,MAHLOG,small,589
2022-12-31,GREAVESCOT,small,590
2022-12-31,MIRZAINT,small,591
2022-12-31,ISGEC,small,592
2022-12-31,RAILTEL,small,593
2022-12-31,TEGA,small,595
2022-12-31,EQUITAS,small,596
2022-12-31,KIRLOSENG,small,597
2022-12-31,AMIORG,small,598
2022-12-31,SCHNEIDER,small,599
2022-12-31,SAFARI,small,600
2022-12-31,J&KBANK,small,602
2022-12-31,NEOGEN,small,603
2022-12-31,WSTCSTPAPR,small,604
2022-12-31,GATEWAY,small,605
2022-12-31,PCJEWELLER,small,606
2022-12-31,BANARISUG,small,607
2022-12-31,PAISALO,small,608
2022-12-31,THYROCARE,small,610
2022-12-31,THOMASCOOK,small,611
2022-12-31,WOCKPHARMA,small,612
2022-12-31,INDOCO,small,613
2022-12-31,EMIL,small,614
2022-12-31,DAAWAT,small,615
2022-12-31,RKFORGE,small,616
2022-12-31,ACE,small,617
2022-12-31,VAKRANGEE,small,618
2022-12-31,DBL,small,621
2022-12-31,TINPLATE,small,622
2022-12-31,FCL,small,623
2022-12-31,INOXWIND,small,624
2022-12-31,DCBBANK,small,625
2022-12-31,DHANUKA,small,626
2022-12-31,TECHNOE,small,627
2022-12-31,MOIL,small,628
2022-12-31,SARDAEN,small,629
2022-12-31,IONEXCHANG,small,630
2022-12-31,GET&D,small,631
2022-12-31,IPL,small,632
2022-12-31,ADVENZYMES,small,633
2022-12-31,RATEGAIN,small,634
2022-12-31,MANINFRA,small,635
2022-12-31,KTKBANK,small,636
2022-12-31,MOL,small,639
2022-12-31,SHILPAMED,small,640
2022-12-31,TASTYBITE,small,642
2022-12-31,NAVA,small,643
2022-12-31,NILKAMAL,small,644
2022-12-31,STAR,small,645
2022-12-31,DODLA,small,646
2022-12-31,ITDC,small,647
2022-12-31,AUTOAXLES,small,648
2022-12-31,HATHWAY,small,649
2022-12-31,AHLUCONT,small,650
2022-12-31,VESUVIUS,small,651
2022-12-31,MOLDTKPAC,small,652
2022-12-31,SUDARSCHEM,small,653
2022-12-31,PRUDENT,small,654
2022-12-31,DISHTV,small,655
2022-12-31,HEMIPROP,small,656
2022-12-31,RSYSTEMS,small,657
2022-12-31,DHANI,small,658
2022-12-31,GANESHHOUC,small,659
2022-12-31,NAVNETEDUL,small,660
2022-12-31,KSCL,small,661
2022-12-31,VOLTAMP,small,662
2022-12-31,TATASTLLP,small,663
2022-12-31,VENKEYS,small,664
2022-12-31,ANANDRATHI,small,665
2022-12-31,ANANTRAJ,small,666
2022-12-31,APCOTEXIND,small,667
2022-12-31,MAITHANALL,small,668
2022-12-31,DALMIASUG,small,669
2022-12-31,BUTTERFLY,small,670
2022-12-31,UJJIVAN,small,671
2022-12-31,JAICORPLTD,small,672
2022-12-31,JINDALSAW,small,673
2022-12-31,SULA,small,675
2022-12-31,ICIL,small,676
2022-12-31,CARTRADE,small,677
2022-12-31,HBLPOWER,small,678
2022-12-31,KIRLOSBROS,small,679
2022-12-31,JWL,small,680
2022-12-31,SAGCEM,small,681
2022-12-31,KKCL,small,682
2022-12-31,JTEKTINDIA,small,683
2022-12-31,SEQUENT,small,685
2022-12-31,DOLLAR,small,686
2022-12-31,RUPA,small,687
2022-12-31,HINDWAREAP,small,688
2022-12-31,SEAMECLTD,small,689
2022-12-31,NEWGEN,small,690
2022-12-31,ASTRAMICRO,small,691
2022-12-31,SSWL,small,692
2022-12-31,NFL,small,693
2022-12-31,GLOBUSSPR,small,694
2022-12-31,ORIENTCEM,small,695
2022-12-31,INDIAGLYCO,small,696
2022-12-31,KIRIINDUS,small,697
2022-12-31,UNIPARTS,small,698
2022-12-31,PARAS,small,699
2022-12-31,ARVIND,small,700
2022-12-31,DBREALTY,small,701
2022-12-31,SUPRIYA,small,702
2022-12-31,EMUDHRA,small,703
2022-12-31,JAYNECOIND,small,705
2022-12-31,EVEREADY,small,706
2022-12-31,SHANTIGEAR,small,708
2022-12-31,SOUTHBANK,small,709
2022-12-31,SOMANYCERA,small,710
2022-12-31,UNICHEMLAB,small,711
2022-12-31,SURYAROSNI,small,712
2022-12-31,PTC,small,713
2022-12-31,DCXINDIA,small,714
2022-12-31,BBOX,small,715
2022-12-31,IFCI,small,716
2022-12-31,BAJAJCON,small,717
2022-12-31,SIYSIL,small,718
2022-12-31,POWERMECH,small,719
2022-12-31,TATAMETALI,small,720
2022-12-31,CHOICEIN,small,721
2022-12-31,TIMETECHNO,small,722
2022-12-31,SELMC,small,723
2022-12-31,GRAVITA,small,724
2022-12-31,SHARDAMOTR,small,725
2022-12-31,HIL,small,726
2022-12-31,KOLTEPATIL,small,727
2022-12-31,COSMOFIRST,small,728
2022-12-31,PURVA,small,729
2022-12-31,GABRIEL,small,730
2022-12-31,GRMOVER,small,731
2022-12-31,ETHOSLTD,small,732
2022-12-31,FAIRCHEMOR,small,733
2022-12-31,TIRUMALCHM,small,734
2022-12-31,PFOCUS,small,735
2022-12-31,PSPPROJECT,small,736
2022-12-31,ELECTCAST,small,737
2022-12-31,RTNPOWER,small,738
2022-12-31,JPASSOCIAT,small,739
2022-12-31,SBCL,small,740
2022-12-31,FILATEX,small,741
2022-12-31,JISLJALEQS,small,742
2022-12-31,HCC,small,743
2022-12-31,TIPSINDLTD,small,744
2022-12-31,OPTIEMUS,small,745
2022-12-31,NDTV,small,746
2022-12-31,LGBBROSLTD,small,747
2022-12-31,ASHOKA,small,748
2022-12-31,BECTORFOOD,small,750
2022-12-31,JKIL,small,751
2022-12-31,GOKEX,small,752
2022-12-31,HERANBA,small,753
2022-12-31,AMRUTANJAN,small,754
2022-12-31,SUBROS,small,755
2022-12-31,FIEMIND,small,756
2022-12-31,GENUSPOWER,small,758
2022-12-31,GREENPLY,small,759
2022-12-31,GULFOILLUB,small,760
2022-12-31,MARKSANS,small,761
2022-12-31,TIIL,small,762
2022-12-31,PRICOLLTD,small,763
2022-12-31,MAXVIL,small,764
2022-12-31,PGEL,small,765
2022-12-31,IIFLSEC,small,766
2022-12-31,IOLCP,small,767
2022-12-31,CAMLINFINE,small,768
2022-12-31,MMFL,small,770
2022-12-31,VSTTILLERS,small,771
2022-12-31,INSECTICID,small,772
2022-12-31,CANTABIL,small,773
2022-12-31,DREAMFOLKS,small,774
2022-12-31,VISHNU,small,775
2022-12-31,SOTL,small,776
2022-12-31,STOVEKRAFT,small,777
2022-12-31,BALMLAWRIE,small,778
2022-12-31,PILANIINVS,small,779
2022-12-31,HINDOILEXP,small,780
2022-12-31,GATI,small,781
2022-12-31,DIAMONDYD,small,782
2022-12-31,MAYURUNIQ,small,783
2022-12-31,APOLLOPIPE,small,784
2022-12-31,SHK,small,785
2022-12-31,CONFIPET,small,786
2022-12-31,FINOPB,small,787
2022-12-31,AGI,small,789
2022-12-31,SUNDARMHLD,small,790
2022-12-31,SWARAJENG,small,791
2022-12-31,DBCORP,small,792
2022-12-31,ATFL,small,793
2022-12-31,VIDHIING,small,794
2022-12-31,BOMDYEING,small,795
2022-12-31,MSTCLTD,small,796
2022-12-31,WELENT,small,797
2022-12-31,MBAPL,small,798
2022-12-31,TVSSRICHAK,small,799
2022-12-31,INDOSTAR,small,800
2022-12-31,DWARKESH,small,801
2022-12-31,TWL,small,803
2022-12-31,WONDERLA,small,804
2022-12-31,BEPL,small,805
2022-12-31,PANAMAPET,small,807
2022-12-31,GUFICBIO,small,808
2022-12-31,GENESYS,small,809
2022-12-31,SHRIPISTON,small,810
2022-12-31,ANDHRSUGAR,small,811
2022-12-31,STYLAMIND,small,812
2022-12-31,ITDCEM,small,813
2022-12-31,TIDEWATER,small,815
2022-12-31,NEULANDLAB,small,816
2022-12-31,ALEMBICLTD,small,817
2022-12-31,HONDAPOWER,small,818
2022-12-31,LANDMARK,small,819
2022-12-31,DATAMATICS,small,820
2022-12-31,TDPOWERSYS,small,821
2022-12-31,ACCELYA,small,822
2022-12-31,SUBEXLTD,small,823
2022-12-31,VALIANTORG,small,824
2022-12-31,NELCO,small,825
2022-12-31,SIRCA,small,826
2022-12-31,IGPL,small,828
2022-12-31,HESTERBIO,small,829
2022-12-31,JMCPROJECT,small,830
2022-12-31,WABAG,small,831
2022-12-31,GTPL,small,832
2022-12-31,GRWRHITECH,small,833
2022-12-31,DFMFOODS,small,834
2022-12-31,LUMAXTECH,small,835
2022-12-31,VADILALIND,small,836
2022-12-31,JAGRAN,small,838
2022-12-31,SESHAPAPER,small,839
2022-12-31,FMGOETZE,small,840
2022-12-31,SHAILY,small,842
2022-12-31,ANDHRAPAP,small,843
2022-12-31,DCAL,small,844
2022-12-31,GTLINFRA,small,845
2022-12-31,ORISSAMINE,small,846
2022-12-31,OAL,small,848
2022-12-31,TNPL,small,849
2022-12-31,OMAXE,small,850
2022-12-31,DEN,small,851
2022-12-31,KIRLOSIND,small,852
2022-12-31,SHANKARA,small,853
2022-12-31,VERANDA,small,854
2022-12-31,MOREPENLAB,small,855
2022-12-31,TVTODAY,small,856
2022-12-31,GANECOS,small,859
2022-12-31,ADFFOODS,small,860
2022-12-31,NACLIND,small,861
2022-12-31,AVTNPL,small,862
2022-12-31,RAMCOIND,small,863
2022-12-31,TEXRAIL,small,864
2022-12-31,MANALIPETC,small,865
2022-12-31,ISMTLTD,small,866
2022-12-31,RIIL,small,867
2022-12-31,EXCELINDUS,small,868
2022-12-31,SUNFLAG,small,869
2022-12-31,WENDT,small,870
2022-12-31,VINDHYATEL,small,871
2022-12-31,MUKANDLTD,small,873
2022-12-31,CARYSIL,small,874
2022-12-31,INOXGREEN,small,875
2022-12-31,MONTECARLO,small,876
2022-12-31,INDORAMA,small,877
2022-12-31,KRSNAA,small,878
2022-12-31,RAMKY,small,879
2022-12-31,WHEELS,small,880
2022-12-31,ZENTEC,small,881
2022-12-31,ASHIANA,small,882
2022-12-31,GMRP&UI,small,883
2022-12-31,BAJAJHIND,small,884
2022-12-31,LUMAXIND,small,885
2022-12-31,HUHTAMAKI,small,886
2022-12-31,SOLARA,small,887
2022-12-31,CIGNITITEC,small,888
2022-12-31,MATRIMONY,small,889
2022-12-31,KESORAMIND,small,890
2022-12-31,CARERATING,small,891
2022-12-31,POKARNA,small,892
2022-12-31,PUNJABCHEM,small,893
2022-12-31,THANGAMAYL,small,894
2022-12-31,GOCLCORP,small,895
2022-12-31,KPIGREEN,small,896
2022-12-31,NRBBEARING,small,897
2022-12-31,KCP,small,898
2022-12-31,GOLDIAM,small,899
2022-12-31,INEOSSTYRO,small,900
2022-12-31,DHAMPURSUG,small,901
2022-12-31,TI,small,902
2022-12-31,GOKULAGRO,small,903
2022-12-31,MTNL,small,904
2022-12-31,HERITGFOOD,small,905
2022-12-31,BFUTILITIE,small,906
2022-12-31,DYNAMATECH,small,909
2022-12-31,SHALBY,small,910
2022-12-31,RPSGVENT,small,911
2022-12-31,KITEX,small,912
2022-12-31,BANCOINDIA,small,913
2022-12-31,ORCHPHARMA,small,914
2022-12-31,IMFA,small,915
2022-12-31,SANDHAR,small,917
2022-12-31,SANGHIIND,small,918
2022-12-31,SJS,small,919
2022-12-31,GNA,small,920
2022-12-31,DCW,small,921
2022-12-31,EKC,small,922
2022-12-31,KINGFA,small,923
2022-12-31,MANORAMA,small,924
2022-12-31,KSL,small,925
2022-12-31,ALICON,small,926
2022-12-31,LSIL,small,927
2022-12-31,INFOBEAN,small,928
2022-12-31,JSWISPL,small,929
2022-12-31,EIHAHOTELS,small,930
2022-12-31,CHEMCON,small,931
2022-12-31,HMT,small,932
2022-12-31,BHAGCHEM,small,933
2022-12-31,GULPOLY,small,934
2022-12-31,REPCOHOME,small,935
2022-12-31,XPROINDIA,small,936
2022-12-31,EXPLEOSOL,small,937
2022-12-31,SATIA,small,938
2022-12-31,RAJRILTD,small,939
2022-12-31,SHRIRAMPPS,small,940
2022-12-31,DPSCLTD,small,941
2022-12-31,KABRAEXTRU,small,942
2022-12-31,MPSLTD,small,943
2022-12-31,SASKEN,small,944
2022-12-31,GIPCL,small,945
2022-12-31,ORIENTHOT,small,946
2022-12-31,MANGCHEFER,small,947
2022-12-31,STEELXIND,small,948
2022-12-31,TTKHLTCARE,small,949
2022-12-31,RPGLIFE,small,951
2022-12-31,ESTER,small,953
2022-12-31,TARC,small,954
2022-12-31,GALLANTT,small,955
2022-12-31,IGARASHI,small,956
2022-12-31,SANGAMIND,small,957
2022-12-31,UGROCAP,small,958
2022-12-31,ONMOBILE,small,959
2022-12-31,PIXTRANS,small,960
2022-12-31,FOSECOIND,small,962
2022-12-31,SPIC,small,965
2022-12-31,IMAGICAA,small,966
2022-12-31,ARMANFIN,small,968
2022-12-31,SHIVALIK,small,970
2022-12-31,RANEHOLDIN,small,971
2022-12-31,NITINSPIN,small,972
2022-12-31,DBOL,small,973
2022-12-31,KDDL,small,975
2022-12-31,TCPLPACK,small,976
2022-12-31,SHALPAINTS,small,977
2022-12-31,GEOJITFSL,small,978
2022-12-31,TAJGVK,small,979
2022-12-31,BBL,small,980
2022-12-31,SUVEN,small,981
2022-12-31,APTECHT,small,982
2022-12-31,ADORWELD,small,983
2022-12-31,PNBGILTS,small,984
2022-12-31,PATELENG,small,985
2022-12-31,VENUSPIPES,small,986
2022-12-31,ELIN,small,987
2022-12-31,EVERESTIND,small,988
2022-12-31,SRHHYPOLTD,small,990
2022-12-31,NAHARSPING,small,993
2022-12-31,SANGHVIMOV,small,994
2022-12-31,QUICKHEAL,small,995
2022-12-31,GOODLUCK,small,996
2022-12-31,GMBREW,small,998
2022-12-31,SAKSOFT,small,999
2022-12-31,PRECAM,small,1000
2022-12-31,SUTLEJTEX,small,1001
2022-12-31,BFINVEST,small,1002
2022-12-31,MEDICAMEQ,small,1003
2022-12-31,RAMASTEEL,small,1005
2022-12-31,NUCLEUS,small,1006
2022-12-31,PARAGMILK,small,1007
2022-12-31,COFFEEDAY,small,1008
2022-12-31,SPORTKING,small,1009
2022-12-31,RGL,small,1010
2022-12-31,BODALCHEM,small,1011
2022-12-31,JETAIRWAYS,small,1012
2022-12-31,KUANTUM,small,1013
2022-12-31,MARATHON,small,1014
2022-12-31,PRECWIRE,small,1015
2022-12-31,AVADHSUGAR,small,1016
2022-12-31,SURYODAY,small,1017
2022-12-31,SMLISUZU,small,1018
2022-12-31,ARVSMART,small,1019
2022-12-31,MONARCH,small,1020
2022-12-31,BAJAJHCARE,small,1021
2022-12-31,BSHSL,small,1024
2022-12-31,CENTRUM,small,1025
2022-12-31,VSSL,small,1026
2022-12-31,SPAL,small,1029
2022-12-31,KRISHANA,small,1030
2022-12-31,AHL,small,1031
2022-12-31,JYOTISTRUC,small,1033
2022-12-31,PITTIENG,small,1034
2022-12-31,ROSSELLIND,small,1035
2022-12-31,UTTAMSUGAR,small,1036
2022-12-31,HIMATSEIDE,small,1037
2022-12-31,CAPACITE,small,1039
2022-12-31,NGLFINE,small,1040
2022-12-31,SALASAR,small,1041
2022-12-31,ZEEMEDIA,small,1044
2022-12-31,PFS,small,1045
2022-12-31,EMAMIPAP,small,1046
2022-12-31,SATIN,small,1048
2022-12-31,PGIL,small,1049
2022-12-31,SPCENET,small,1050
2022-12-31,AJMERA,small,1051
2022-12-31,SASTASUNDR,small,1052
2022-12-31,SHREDIGCEM,small,1053
2022-12-31,RUSHIL,small,1054
2022-12-31,CLNINDIA,small,1055
2022-12-31,INDNIPPON,small,1056
2022-12-31,GEPIL,small,1057
2022-12-31,AGSTRA,small,1058
2022-12-31,CENTENKA,small,1059
2022-12-31,PRAKASH,small,1060
2022-12-31,VHL,small,1061
2022-12-31,NSIL,small,1063
2022-12-31,IFGLEXPOR,small,1064
2022-12-31,5PAISA,small,1065
2022-12-31,VINYLINDIA,small,1066
2022-12-31,SEPC,small,1067
2022-12-31,AMBIKCO,small,1069
2022-12-31,NAVKARCORP,small,1070
2022-12-31,JAGSNPHARM,small,1071
2022-12-31,IMPAL,small,1072
2022-12-31,MANGLMCEM,small,1074
2022-12-31,DREDGECORP,small,1076
2022-12-31,APEX,small,1077
2022-12-31,UNIENTER,small,1078
2022-12-31,BIGBLOC,small,1079
2022-12-31,JASH,small,1080
2022-12-31,SPECIALITY,small,1081
2022-12-31,SMCGLOBAL,small,1082
2022-12-31,HEXATRADEX,small,1084
2022-12-31,STEELCAS,small,1087
2022-12-31,AWHCL,small,1088
2022-12-31,STERTOOLS,small,1089
2022-12-31,IWEL,small,1090
2022-12-31,VISAKAIND,small,1092
2022-12-31,ASHAPURMIN,small,1094
2022-12-31,VIMTALABS,small,1095
2022-12-31,THEMISMED,small,1096
2022-12-31,TNPETRO,small,1097
2022-12-31,DMCC,small,1098
2022-12-31,AGARIND,small,1099
2022-12-31,SHAKTIPUMP,small,1100
2022-12-31,ORIENTBELL,small,1101
2022-12-31,BCLIND,small,1103
2022-12-31,ANUP,small,1104
2022-12-31,MADRASFERT,small,1105
2022-12-31,ARIHANTSUP,small,1106
2022-12-31,ARTEMISMED,small,1107
2022-12-31,GANESHBE,small,1108
2022-12-31,KOPRAN,small,1110
2022-12-31,PANACEABIO,small,1111
2022-12-31,OCCL,small,1113
2022-12-31,RSWM,small,1114
2022-12-31,RADIOCITY,small,1115
2022-12-31,SIGACHI,small,1116
2022-12-31,NURECA,small,1117
2022-12-31,RAMCOSYS,small,1118
2022-12-31,XCHANGING,small,1119
2022-12-31,DPABHUSHAN,small,1121
2022-12-31,ASALCBR,small,1122
2022-12-31,DVL,small,1126
2022-12-31,NCLIND,small,1127
2022-12-31,NAHARPOLY,small,1128
2022-12-31,AURIONPRO,small,1129
2022-12-31,RAJMET,small,1130
2022-12-31,INDOAMIN,small,1131
2022-12-31,RUBYMILLS,small,1132
2022-12-31,ENIL,small,1133
2022-12-31,TRACXN,small,1134
2022-12-31,RICOAUTO,small,1136
2022-12-31,UGARSUGAR,small,1137
2022-12-31,BLISSGVS,small,1138
2022-12-31,63MOONS,small,1139
2022-12-31,INDIANHUME,small,1141
2022-12-31,AXISCADES,small,1142
2022-12-31,SKIPPER,small,1143
2022-12-31,RAMRAT,small,1144
2022-12-31,DEEPINDS,small,1145
2022-12-31,GICHSGFIN,small,1146
2022-12-31,SYNCOMF,small,1147
2022-12-31,HITECH,small,1148
2022-12-31,KHAICHEM,small,1150
2022-12-31,TEXINFRA,small,1151
2022-12-31,NXTDIGITAL,small,1152
2022-12-31,JINDRILL,small,1153
2022-12-31,UNIVCABLES,small,1154
2022-12-31,GFLLIMITED,small,1155
2022-12-31,SDBL,small,1156
2022-12-31,KICL,small,1157
2022-12-31,BHAGERIA,small,1158
2022-12-31,ALLSEC,small,1159
2022-12-31,ARIHANTCAP,small,1160
2022-12-31,CHEVIOT,small,1161
2022-12-31,HPAL,small,1162
2022-12-31,DHARMAJ,small,1164
2022-12-31,JAYBARMARU,small,1165
2022-12-31,KOKUYOCMLN,small,1166
2022-12-31,FAZE3Q,small,1168
2022-12-31,3IINFOLTD,small,1169
2022-12-31,SMSPHARMA,small,1172
2022-12-31,SHREYAS,small,1174
2022-12-31,CONTROLPR,small,1175
2022-12-31,DLINKINDIA,small,1177
2022-12-31,NELCAST,small,1178
2022-12-31,DECCANCE,small,1180
2022-12-31,LIKHITHA,small,1181
2022-12-31,ORIENTPPR,small,1182
2022-12-31,SHREEPUSHK,small,1184
2022-12-31,ZUARI,small,1185
2022-12-31,PENIND,small,1186
2022-12-31,ROTO,small,1187
2022-12-31,GREENPOWER,small,1188
2022-12-31,HLVLTD,small,1191
2022-12-31,HARIOMPIPE,small,1192
2022-12-31,ZOTA,small,1193
2022-12-31,BINDALAGRO,small,1194
2022-12-31,SUKHJITS,small,1195
2022-12-31,JUBLINDS,small,1196
2022-12-31,AXITA,small,1197
2022-12-31,DCMSRIND,small,1198
2022-12-31,ASIANTILES,small,1199
2022-12-31,UNIDT,small,1200
2022-12-31,ASAL,small,1201
2022-12-31,CENTUM,small,1202
2022-12-31,SUMMITSEC,small,1203
2022-12-31,BHARATWIRE,small,1205
2022-12-31,SPENCERS,small,1206
2022-12-31,ROHLTD,small,1207
2022-12-31,INDRAMEDCO,small,1210
2022-12-31,VIKASLIFE,small,1211
2022-12-31,SATINDLTD,small,1213
2022-12-31,KELLTONTEC,small,1214
2022-12-31,DIGISPICE,small,1217
2022-12-31,TRIL,small,1219
2022-12-31,TFCILTD,small,1223
2022-12-31,RCOM,small,1225
2022-12-31,VASCONEQ,small,1227
2022-12-31,LINCOLN,small,1228
2022-12-31,CREATIVE,small,1229
2022-12-31,SCPL,small,1231
2022-12-31,RML,small,1233
2022-12-31,URJA,small,1234
2022-12-31,ONWARDTEC,small,1235
2022-12-31,AURUM,small,1237
2022-12-31,TALBROAUTO,small,1238
2022-12-31,KANORICHEM,small,1241
2022-12-31,BLKASHYAP,small,1242
2022-12-31,NAHARCAP,small,1243
2022-12-31,ADSL,small,1244
2022-12-31,YUKEN,small,1245
2022-12-31,JAYAGROGN,small,1246
2022-12-31,SNOWMAN,small,1247
2022-12-31,SANDESH,small,1248
2022-12-31,UNIVPHOTO,small,1249
2022-12-31,APCL,small,1251
2022-12-31,ELDEHSG,small,1252
2022-12-31,SCHAND,small,1253
2022-12-31,GANDHITUBE,small,1255
2022-12-31,CLSEL,small,1256
2022-12-31,KAMDHENU,small,1258
2022-12-31,AARTISURF,small,1260
2022-12-31,RBL,small,1261
2022-12-31,HERCULES,small,1262
2022-12-31,NRAIL,small,1263
2022-12-31,JAIBALAJI,small,1267
2022-12-31,OSWALAGRO,small,1268
2022-12-31,HCL-INSYS,small,1269
2022-12-31,VLSFINANCE,small,1270
2022-12-31,REPRO,small,1271
2022-12-31,BALAXI,small,1273
2022-12-31,MENONBE,small,1276
2022-12-31,PLASTIBLEN,small,1278
2022-12-31,IFBAGRO,small,1281
2022-12-31,STCINDIA,small,1282
2022-12-31,BGRENERGY,small,1284
2022-12-31,NAGAFERT,small,1285
2022-12-31,MANINDS,small,1286
2022-12-31,GVKPIL,small,1287
2022-12-31,MANAKSIA,small,1289
2022-12-31,DPWIRES,small,1290
2022-12-31,KSOLVES,small,1291
2022-12-31,HPL,small,1292
2022-12-31,WINDLAS,small,1294
2022-12-31,CSLFINANCE,small,1295
2022-12-31,NECLIFE,small,1296
2022-12-31,EXXARO,small,1297
2022-12-31,ATULAUTO,small,1298
2022-12-31,TBZ,small,1299
2022-12-31,RAMAPHO,small,1300
2022-12-31,EQUIPPP,small,1302
2022-12-31,CREST,small,1303
2022-12-31,SWELECTES,small,1304
2022-12-31,FCSSOFT,small,1306
2022-12-31,SHYAMCENT,small,1309
2022-12-31,HTMEDIA,small,1310
2022-12-31,MUNJALAU,small,1311
2022-12-31,HUBTOWN,small,1314
2022-12-31,TVSELECT,small,1316
2022-12-31,UNITECH,small,1317
2022-12-31,THEINVEST,small,1318
2022-12-31,BALAJITELE,small,1319
2022-12-31,CEREBRAINT,small,1321
2022-12-31,MANORG,small,1322
2022-12-31,BBTCL,small,1325
2022-12-31,ZIMLAB,small,1326
2022-12-31,MGEL,small,1327
2022-12-31,ZUARIIND,small,1332
2022-12-31,SREEL,small,1333
2022-12-31,KHADIM,small,1334
2022-12-31,FOODSIN,small,1336
2022-12-31,NAHARINDUS,small,1341
2022-12-31,ORICONENT,small,1342
2022-12-31,DELPHIFX,small,1343
2022-12-31,LINC,small,1347
2022-12-31,HINDCOMPOS,small,1349
2022-12-31,SHIVAMAUTO,small,1350
2022-12-31,PREMEXPLN,small,1354
2022-12-31,RITCO,small,1355
2022-12-31,JPOLYINVST,small,1358
2022-12-31,SILVERTUC,small,1359
2022-12-31,GENUSPAPER,small,1361
2022-12-31,SOUTHWEST,small,1363
2022-12-31,NBIFIN,small,1364
2022-12-31,CONSOFINVT,small,1365
2022-12-31,GOACARBON,small,1366
2022-12-31,MAGADSUGAR,small,1367
2022-12-31,MALLCOM,small,1369
2022-12-31,KOTHARIPET,small,1370
2022-12-31,KAYA,small,1372
2022-12-31,CHEMFAB,small,1373
2022-12-31,GSS,small,1375
2022-12-31,LIBERTSHOE,small,1376
2022-12-31,VARDHACRLC,small,1377
2022-12-31,SVPGLOB,small,1378
2022-12-31,INDOBORAX,small,1380
2022-12-31,DYNPRO,small,1383
2022-12-31,CLEDUCATE,small,1389
2022-12-31,HITECHGEAR,small,1390
2022-12-31,MUNJALSHOW,small,1391
2022-12-31,PDMJEPAPER,small,1392
2022-12-31,PTL,small,1393
2022-12-31,HMVL,small,1394
2022-12-31,HITECHCORP,small,1395
2022-12-31,CYBERTECH,small,1396
2022-12-31,MAXIND,small,1397
2022-12-31,AYMSYNTEX,small,1398
2022-12-31,ORBTEXP,small,1399
2022-12-31,KRITI,small,1400
2022-12-31,BIRLACABLE,small,1401
2022-12-31,PPL,small,1402
2022-12-31,NDL,small,1403
2022-12-31,SAKAR,small,1404
2022-12-31,SARLAPOLY,small,1405
2022-12-31,LOYALTEX,small,1406
2022-12-31,DHUNINV,small,1408
2022-12-31,UFO,small,1411
2022-12-31,APOLLO,small,1412
2022-12-31,DENORA,small,1413
2022-12-31,KERNEX,small,1414
2022-12-31,INTLCONV,small,1415
2022-12-31,MUTHOOTCAP,small,1417
2022-12-31,MMP,small,1422
2022-12-31,HARDWYN,small,1423
2022-12-31,SINTEX,small,1426
2022-12-31,COASTCORP,small,1428
2022-12-31,CINELINE,small,1429
2022-12-31,MARINE,small,1430
2022-12-31,SHEMAROO,small,1432
2022-12-31,BANSWRAS,small,1434
2022-12-31,SELAN,small,1436
2022-12-31,REFEX,small,1437
2022-12-31,MIRCELECTR,small,1438
2022-12-31,RANASUG,small,1439
2022-12-31,LYKALABS,small,1440
2022-12-31,RADHIKAJWE,small,1441
2022-12-31,SALZERELEC,small,1443
2022-12-31,MSPL,small,1448
2022-12-31,V2RETAIL,small,1449
2022-12-31,ADVANIHOTR,small,1450
2022-12-31,DEEPENR,small,1451
2022-12-31,TAKE,small,1455
2022-12-31,DANGEE,small,1461
2022-12-31,HINDMOTORS,small,1464
2022-12-31,PENINLAND,small,1465
2022-12-31,DSSL,small,1466
2022-12-31,KOTHARIPRO,small,1467
2022-12-31,SAKUMA,small,1468
2022-12-31,PARACABLES,small,1469
2022-12-31,IRISDOREME,small,1471
2022-12-31,PROZONINTU,small,1472
2022-12-31,DICIND,small,1476
2022-12-31,INDSWFTLAB,small,1477
2022-12-31,RUCHIRA,small,1478
2022-12-31,DUCON,small,1480
2022-12-31,DYCL,small,1481
2022-12-31,ORIENTABRA,small,1482
2022-12-31,DHANBANK,small,1486
2022-12-31,EIFFL,small,1487
2022-12-31,FCONSUMER,small,1488
2022-12-31,ICEMAKE,small,1489
2022-12-31,MINDTECK,small,1490
2022-12-31,BASML,small,1491
2022-12-31,OMINFRAL,small,1492
2022-12-31,GKWLIMITED,small,1493
2022-12-31,SIMPLEXINF,small,1494
2022-12-31,MAWANASUG,small,1495
2022-12-31,WEBELSOLAR,small,1496
2022-12-31,ASAHISONG,small,1498
2022-12-31,PARSVNATH,small,1499
2022-12-31,GLOBAL,small,1500
2022-12-31,KOTARISUG,small,1501
2022-12-31,JITFINFRA,small,1502
2022-12-31,HIRECT,small,1503
2022-12-31,GSCLCEMENT,small,1504
2022-12-31,BPL,small,1505
2022-12-31,KECL,small,1507
2022-12-31,VIKASECO,small,1508
2022-12-31,BIRLAMONEY,small,1510
2022-12-31,20MICRONS,small,1512
2022-12-31,SILINV,small,1513
2022-12-31,PRIMESECU,small,1515
2022-12-31,GOKUL,small,1516
2022-12-31,NATHBIOGEN,small,1520
2022-12-31,AUTOIND,small,1521
2022-12-31,ALBERTDAVD,small,1522
2022-12-31,ARSHIYA,small,1523
2022-12-31,DCMNVL,small,1525
2022-12-31,VISHWARAJ,small,1527
2022-12-31,ACCURACY,small,1531
2022-12-31,RELCAPITAL,small,1533
2022-12-31,JINDALPHOT,small,1534
2022-12-31,DONEAR,small,1535
2022-12-31,TRIGYN,small,1536
2022-12-31,CUPID,small,1538
2022-12-31,YAARI,small,1539
2022-12-31,GPTINFRA,small,1542
2022-12-31,IEL,small,1544
2022-12-31,GEECEE,small,1547
2022-12-31,ANSALAPI,small,1549
2022-12-31,PPAP,small,1551
2022-12-31,MEP,small,1552
2022-12-31,PASUPTAC,small,1554
2022-12-31,MACPOWER,small,1555
2022-12-31,JPINFRATEC,small,1558
2022-12-31,EROSMEDIA,small,1559
2022-12-31,BRNL,small,1560
2022-12-31,ASIANENE,small,1561
2022-12-31,STARPAPER,small,1562
2022-12-31,WEALTH,small,1563
2022-12-31,NIPPOBATRY,small,1567
2022-12-31,MICEL,small,1569
2022-12-31,MAHEPC,small,1576
2022-12-31,ABAN,small,1577
2022-12-31,REPL,small,1579
2022-12-31,OSIAHYPER,small,1580
2022-12-31,MEDICO,small,1582
2022-12-31,UCALFUEL,small,1583
2022-12-31,APOLSINHOT,small,1585
2022-12-31,PODDARMENT,small,1586
2022-12-31,ASHIMASYN,small,1587
2022-12-31,VIPCLOTHNG,small,1588
2022-12-31,NDRAUTO,small,1591
2022-12-31,MEGASOFT,small,1593
2022-12-31,MOLDTECH,small,1594
2022-12-31,EMAMIREAL,small,1595
2022-12-31,GINNIFILA,small,1596
2022-12-31,VENUSREM,small,1601
2022-12-31,MCLEODRUSS,small,1602
2022-12-31,JAYSREETEA,small,1604
2022-12-31,HARRMALAYA,small,1606
2022-12-31,MARALOVER,small,1608
2022-12-31,CHEMBOND,small,1611
2022-12-31,REVATHI,small,1612
2022-12-31,INDTERRAIN,small,1614
2022-12-31,PRECOT,small,1617
2022-12-31,KCPSUGIND,small,1620
2022-12-31,TPLPLASTEH,small,1622
2022-12-31,BROOKS,small,1623
2022-12-31,SKMEGGPROD,small,1625
2022-12-31,ESSENTIA,small,1626
2022-12-31,GULFPETRO,small,1627
2022-12-31,E2E,small,1628
2022-12-31,HDIL,small,1630
2022-12-31,KILITCH,small,1631
2022-12-31,NILAINFRA,small,1632
2022-12-31,KRITINUT,small,1633
2022-12-31,WINDMACHIN,small,1638
2022-12-31,KMSUGAR,small,1644
2022-12-31,4THDIM,small,1645
2022-12-31,MAZDA,small,1646
2022-12-31,SADBHAV,small,1648
2022-12-31,VISESHINFO,small,1649
2022-12-31,SUULD,small,1650
2022-12-31,AHLEAST,small,1652
2022-12-31,KOHINOOR,small,1653
2022-12-31,BAFNAPH,small,1654
2022-12-31,ONEPOINT,small,1656
2022-12-31,BIL,small,1657
2022-12-31,SINTERCOM,small,1660
2022-12-31,LGBFORGE,small,1661
2022-12-31,MANAKSTEEL,small,1663
2022-12-31,SAKHTISUG,small,1664
2022-12-31,AKSHARCHEM,small,1666
2022-12-31,GRPLTD,small,1668
2022-12-31,SEJALLTD,small,1671
2022-12-31,KREBSBIO,small,1673
2022-12-31,WFL,small,1674
2022-12-31,STEL,small,1679
2022-12-31,PONNIERODE,small,1681
2022-12-31,SUPERHOUSE,small,1684
2022-12-31,RAJTV,small,1685
2022-12-31,INVENTURE,small,1687
2022-12-31,CAREERP,small,1688
2022-12-31,DEVIT,small,1689
2022-12-31,PRAXIS,small,1690
2022-12-31,GUJAPOLLO,small,1692
2022-12-31,KANPRPLA,small,1693
2022-12-31,RAMANEWS,small,1694
2022-12-31,SERVOTECH,small,1697
2022-12-31,IVC,small,1698
2022-12-31,WALCHANNAG,small,1699
2022-12-31,SADBHIN,small,1701
2022-12-31,PIONDIST,small,1703
2022-12-31,AIRAN,small,1705
2022-12-31,ZODIACLOTH,small,1706
2022-12-31,ZEELEARN,small,1708
2022-12-31,FRETAIL,small,1710
2022-12-31,XELPMOC,small,1712
2022-12-31,MANGALAM,small,1713
2022-12-31,GAYAPROJ,small,1714
2022-12-31,MAHESHWARI,small,1717
2022-12-31,DTIL,small,1718
2022-12-31,EIMCOELECO,small,1720
2022-12-31,SPTL,small,1723
2022-12-31,ISFT,small,1724
2022-12-31,INSPIRISYS,small,1726
2022-12-31,RNAVAL,small,1728
2022-12-31,BEDMUTHA,small,1731
2022-12-31,MODISONLTD,small,1732
2022-12-31,INDOTHAI,small,1733
2022-12-31,MAANALU,small,1735
2022-12-31,LOVABLE,small,1737
2022-12-31,MEGASTAR,small,1738
2022-12-31,INDOTECH,small,1740
2022-12-31,RPPL,small,1741
2022-12-31,SGIL,small,1743
2022-12-31,SECURKLOUD,small,1744
2022-12-31,OBCL,small,1746
2022-12-31,SARVESHWAR,small,1751
2022-12-31,MBLINFRA,small,1753
2022-12-31,ALMONDZ,small,1754
2022-12-31,FLFL,small,1756
2022-12-31,ARTNIRMAN,small,1759
2022-12-31,PVP,small,1760
2022-12-31,VETO,small,1763
2022-12-31,AARVI,small,1765
2022-12-31,TIPSFILMS,small,1769
2022-12-31,AKSHAR,small,1771
2022-12-31,KAMATHOTEL,small,1774
2022-12-31,SMSLIFE,small,1775
2022-12-31,ZODIAC,small,1777
2022-12-31,WANBURY,small,1778
2022-12-31,SBC,small,1779
2022-12-31,PAR,small,1780
2022-12-31,SREINFRA,small,1781
2022-12-31,GOYALALUM,small,1782
2022-12-31,A2ZINFRA,small,1783
2022-12-31,ANDHRACEMT,small,1784
2022-12-31,TOTAL,small,1786
2022-12-31,PREMIERPOL,small,1787
2022-12-31,SHIVATEX,small,1788
2022-12-31,BCONCEPTS,small,1792
2022-12-31,TRF,small,1799
2022-12-31,BHARATGEAR,small,1800
2022-12-31,RUCHINFRA,small,1806
2022-12-31,MHLXMIRU,small,1807
2022-12-31,PILITA,small,1809
2022-12-31,MURUDCERA,small,1813
2022-12-31,EMKAY,small,1815
2022-12-31,FOCUS,small,1816
2022-12-31,ANMOL,small,1819
2022-12-31,SPLIL,small,1821
2022-12-31,TTL,small,1822
2022-12-31,SHREYANIND,small,1824
2022-12-31,LOKESHMACH,small,1825
2022-12-31,ALPHAGEO,small,1826
2022-12-31,GOLDTECH,small,1827
2022-12-31,IL&FSENGG,small,1828
2022-12-31,KRITIKA,small,1831
2022-12-31,TEXMOPIPES,small,1832
2022-12-31,ARIES,small,1834
2022-12-31,RHFL,small,1836
2022-12-31,SRPL,small,1839
2022-12-31,ASPINWALL,small,1841
2022-12-31,COMPUSOFT,small,1842
2022-12-31,ESSARSHPNG,small,1846
2022-12-31,NGIL,small,1847
2022-12-31,IITL,small,1850
2022-12-31,WORTH,small,1852
2022-12-31,PRITI,small,1853
2022-12-31,SMLT,small,1854
2022-12-31,VISASTEEL,small,1861
2022-12-31,AKSHOPTFBR,small,1863
2022-12-31,NITCO,small,1864
2022-12-31,KBCGLOBAL,small,1866
2022-12-31,ASIANHOTNR,small,1867
2022-12-31,UMAEXPORTS,small,1869
2022-12-31,ASTRON,small,1871
2022-12-31,VIPULLTD,small,1872
2022-12-31,EMMBI,small,1873
2022-12-31,MODIRUBBER,small,1876
2022-12-31,BYKE,small,1877
2022-12-31,JOCIL,small,1879
2022-12-31,ELGIRUBCO,small,1881
2022-12-31,ALANKIT,small,1884
2022-12-31,ARROWGREEN,small,1885
2022-12-31,PANSARI,small,1886
2022-12-31,KAKATCEM,small,1888
2022-12-31,SIL,small,1891
2022-12-31,COMPINFO,small,1896
2022-12-31,INTENTECH,small,1902
2022-12-31,JMA,small,1903
2022-12-31,BALLARPUR,small,1904
2022-12-31,SPMLINFRA,small,1907
2022-12-31,SETCO,small,1909
2022-12-31,RANEENGINE,small,1912
2022-12-31,CAPTRUST,small,1914
2022-12-31,DCI,small,1917
2022-12-31,KSHITIJPOL,small,1918
2022-12-31,IRIS,small,1919
2022-12-31,TIRUPATIFL,small,1921
2022-12-31,SURANAT&P,small,1923
2022-12-31,VERTOZ,small,1926
2022-12-31,AARON,small,1927
2022-12-31,DJML,small,1929
2022-12-31,UNITEDTEA,small,1933
2022-12-31,PALREDTEC,small,1934
2022-12-31,IVP,small,1936
2022-12-31,RELCHEMQ,small,1939
2022-12-31,SITINET,small,1940
2022-12-31,ARCHIDPLY,small,1942
2022-12-31,ATLANTA,small,1943
2022-12-31,BSL,small,1944
2022-12-31,JHS,small,1945
2022-12-31,LOTUSEYE,small,1948
2022-12-31,CORALFINAC,small,1951
2022-12-31,GILLANDERS,small,1952
2022-12-31,BALPHARMA,small,1955
2022-12-31,AJRINFRA,small,1957
2022-12-31,NOIDATOLL,small,1958
2022-12-31,BHAGYANGR,small,1959
2022-12-31,TEMBO,small,1960
2022-12-31,BOHRAIND,small,1961
2022-12-31,SOFTTECH,small,1962
2022-12-31,DIGJAMLMTD,small,1965
2022-12-31,RVHL,small,1969
2022-12-31,LASA,small,1970
2022-12-31,IL&FSTRANS,small,1971
2022-12-31,PRITIKAUTO,small,1972
2022-12-31,RPPINFRA,small,1974
2022-12-31,SUNDARAM,small,1977
2022-12-31,WEIZMANIND,small,1978
2022-12-31,MANAKALUCO,small,1979
2022-12-31,SMARTLINK,small,1980
2022-12-31,GOLDENTOBC,small,1981
2022-12-31,KAPSTON,small,1987
2022-12-31,SIKKO,small,1989
2022-12-31,DIL,small,1992
2022-12-31,DCM,small,1993
2022-12-31,SALONA,small,1995
2022-12-31,MAHAPEXLTD,small,1996
2022-12-31,SUNDRMBRAK,small,1997
2022-12-31,PODDARHOUS,small,1999
2022-12-31,DRCSYSTEMS,small,2000
2022-12-31,NILASPACES,small,2001
2022-12-31,AHLADA,small,2003
2022-12-31,GTL,small,2004
2022-12-31,STARTECK,small,2008
2022-12-31,GENCON,small,2010
2022-12-31,REMSONSIND,small,2014
2022-12-31,INDIANCARD,small,2015
2022-12-31,UMANGDAIRY,small,2021
2022-12-31,NECCLTD,small,2024
2022-12-31,NDGL,small,2026
2022-12-31,OMAXAUTO,small,2037
2022-12-31,INDOWIND,small,2038
2022-12-31,AMDIND,small,2039
2022-12-31,MUKTAARTS,small,2041
2022-12-31,UNITEDPOLY,small,2044
2022-12-31,ALPA,small,2049
2022-12-31,AIROLAM,small,2052
2022-12-31,RAJSREESUG,small,2058
2022-12-31,CTE,small,2059
2022-12-31,CCHHL,small,2060
2022-12-31,LAGNAM,small,2061
2022-12-31,MANAKCOAT,small,2063
2022-12-31,SHAHALLOYS,small,2068
2022-12-31,FEL,small,2073
2022-12-31,NIRAJ,small,2077
2022-12-31,SUVIDHAA,small,2078
2022-12-31,AVROIND,small,2079
2022-12-31,FSC,small,2081
2022-12-31,SURYALAXMI,small,2082
2022-12-31,MRO-TEK,small,2083
2022-12-31,AAKASH,small,2090
2022-12-31,SHRENIK,small,2091
2022-12-31,TIL,small,2094
2022-12-31,PIONEEREMB,small,2096
2022-12-31,SIGIND,small,2098
2022-12-31,AMJLAND,small,2101
2022-12-31,DAMODARIND,small,2104
2022-12-31,VINNY,small,2113
2022-12-31,SURANASOL,small,2114
2022-12-31,BAGFILMS,small,2118
2022-12-31,MAHASTEEL,small,2119
2022-12-31,GANGESSECU,small,2123
2022-12-31,VAISHALI,small,2127
2022-12-31,RKEC,small,2128
2022-12-31,FIBERWEB,small,2133
2022-12-31,INDBANK,small,2135
2022-12-31,ALKALI,small,2136
2022-12-31,INCREDIBLE,small,2139
2022-12-31,HPIL,small,2141
2022-12-31,ARVEE,small,2142
2022-12-31,MOTOGENFIN,small,2149
2022-12-31,BLBLIMITED,small,2153
2022-12-31,WELINV,small,2155
2022-12-31,ANIKINDS,small,2162
2022-12-31,PRESSMN,small,2164
2022-12-31,HILTON,small,2167
2022-12-31,SECURCRED,small,2168
2022-12-31,GROBTEA,small,2171
2022-12-31,PRAENG,small,2173
2022-12-31,IZMO,small,2184
2022-12-31,ELECTHERM,small,2185
2022-12-31,AUSOMENT,small,2187
2022-12-31,PALASHSECU,small,2193
2022-12-31,SALSTEEL,small,2198
2022-12-31,CELEBRITY,small,2201
2022-12-31,TARMAT,small,2203
2022-12-31,AAREYDRUGS,small,2206
2022-12-31,HINDNATGLS,small,2210
2022-12-31,TOUCHWOOD,small,2212
2022-12-31,GLOBE,small,2217
2022-12-31,SHIVAMILLS,small,2218
2022-12-31,TOKYOPLAST,small,2219
2022-12-31,MITCON,small,2220
2022-12-31,KANANIIND,small,2222
2022-12-31,GODHA,small,2225
2022-12-31,PRAKASHSTL,small,2231
2022-12-31,LAMBODHARA,small,2237
2022-12-31,JBFIND,small,2238
2022-12-31,DGCONTENT,small,2240
2022-12-31,ROML,small,2242
2022-12-31,STAMPEDE,small,2244
2022-12-31,SIMBHALS,small,2246
2022-12-31,UNIVASTU,small,2248
2022-12-31,STEELCITY,small,2251
2022-12-31,ENERGYDEV,small,2256
2022-12-31,SHREERAMA,small,2257
2022-12-31,PKTEA,small,2259
2022-12-31,CENTEXT,small,2260
2022-12-31,LPDC,small,2261
2022-12-31,ANKITMETAL,small,2263
2022-12-31,TAINWALCHM,small,2271
2022-12-31,BIOFILCHEM,small,2273
2022-12-31,HINDCON,small,2275
2022-12-31,VIVIMEDLAB,small,2277
2022-12-31,SONAMCLOCK,small,2282
2022-12-31,BHANDARI,small,2283
2022-12-31,DBSTOCKBRO,small,2287
2022-12-31,DELTAMAGNT,small,2294
2022-12-31,ZENITHSTL,small,2296
2022-12-31,TREJHARA,small,2298
2022-12-31,DHRUV,small,2305
2022-12-31,BEARDSELL,small,2310
2022-12-31,AAATECH,small,2313
2022-12-31,CORDSCABLE,small,2314
2022-12-31,BANKA,small,2315
2022-12-31,PANACHE,small,2321
2022-12-31,MOKSH,small,2323
2022-12-31,KALYANIFRG,small,2325
2022-12-31,NITIRAJ,small,2327
2022-12-31,SAMBHAAV,small,2329
2022-12-31,JAIPURKURT,small,2341
2022-12-31,KEYFINSERV,small,2345
2022-12-31,GEEKAYWIRE,small,2348
2022-12-31,AGROPHOS,small,2351
2022-12-31,CINEVISTA,small,2353
2022-12-31,SEYAIND,small,2354
2022-12-31,CCCL,small,2355
2022-12-31,GLOBALVECT,small,2358
2022-12-31,MORARJEE,small,2360
2022-12-31,BIRLATYRE,small,2362
2022-12-31,MCL,small,2364
2022-12-31,SEPOWER,small,2369
2022-12-31,EXCEL,small,2370
2022-12-31,SKIL,small,2377
2022-12-31,ROLTA,small,2382
2022-12-31,AROGRANITE,small,2384
2022-12-31,RSSOFTWARE,small,2389
2022-12-31,TREEHOUSE,small,2390
2022-12-31,WIPL,small,2392
2022-12-31,FLEXITUFF,small,2396
2022-12-31,HISARMETAL,small,2401
2022-12-31,ABMINTLLTD,small,2402
2022-12-31,HOVS,small,2403
2022-12-31,ARCHIES,small,2413
2022-12-31,AKASH,small,2438
2022-12-31,ORIENTLTD,small,2449
2022-12-31,SGL,small,2453
2022-12-31,AKG,small,2456
2022-12-31,PNC,small,2460
2022-12-31,UJAAS,small,2463
2022-12-31,OILCOUNTUB,small,2464
2022-12-31,SUMEETINDS,small,2469
2022-12-31,MBECL,small,2472
2022-12-31,MTEDUCARE,small,2478
2022-12-31,VASWANI,small,2481
2022-12-31,BANG,small,2483
2022-12-31,SUPREMEINF,small,2488
2022-12-31,GANGAFORGE,small,2498
2022-12-31,MAGNUM,small,2501
2022-12-31,SHRADHA,small,2502
2022-12-31,MALUPAPER,small,2503
2022-12-31,SANWARIA,small,2509
2022-12-31,ACEINTEG,small,2515
2022-12-31,REGENCERAM,small,2516
2022-12-31,GOENKA,small,2521
2022-12-31,AARVEEDEN,small,2523
2022-12-31,AGRITECH,small,2528
2022-12-31,VINEETLAB,small,2534
2022-12-31,TERASOFT,small,2535
2022-12-31,BVCL,small,2542
2022-12-31,SUMIT,small,2543
2022-12-31,NIBL,small,2545
2022-12-31,SUPERSPIN,small,2548
2022-12-31,SUBCAPCITY,small,2558
2022-12-31,LIBAS,small,2560
2022-12-31,INDSWFTLTD,small,2562
2022-12-31,PATINTLOG,small,2564
2022-12-31,BANARBEADS,small,2565
2022-12-31,JETFREIGHT,small,2581
2022-12-31,VCL,small,2588
2022-12-31,GAL,small,2596
2022-12-31,SOMICONVEY,small,2597
2022-12-31,ZENITHEXPO,small,2603
2022-12-31,SAGARDEEP,small,2608
2022-12-31,ARSSINFRA,small,2613
2022-12-31,VARDMNPOLY,small,2615
2022-12-31,AMBICAAGAR,small,2624
2022-12-31,IMPEXFERRO,small,2625
2022-12-31,KHANDSE,small,2629
2022-12-31,SUPREMEENG,small,2631
2022-12-31,KEEPLEARN,small,2632
2022-12-31,ICDSLTD,small,2649
2022-12-31,TIMESGTY,small,2652
2022-12-31,NAGREEKEXP,small,2657
2022-12-31,AJOONI,small,2661
2022-12-31,MANUGRAPH,small,2665
2022-12-31,WEWIN,small,2676
2022-12-31,WSI,small,2677
2022-12-31,MARSHALL,small,2679
2022-12-31,BURNPUR,small,2681
2022-12-31,CUBEXTUB,small,2700
2022-12-31,OMKARCHEM,small,2702
2022-12-31,MADHUCON,small,2719
2022-12-31,DNAMEDIA,small,2724
2022-12-31,MADHAV,small,2728
2022-12-31,LAXMICOT,small,2736
2022-12-31,CROWN,small,2740
2022-12-31,NEXTMEDIA,small,2753
2022-12-31,SANGINITA,small,2760
2022-12-31,BALKRISHNA,small,2766
2022-12-31,MERCATOR,small,2773
2022-12-31,VIVIDHA,small,2791
2022-12-31,DHARSUGAR,small,2798
2022-12-31,CMICABLES,small,2806
2022-12-31,HBSL,small,2808
2022-12-31,KRIDHANINF,small,2811
2022-12-31,EDUCOMP,small,2815
2022-12-31,PEARLPOLY,small,2816
2022-12-31,ADL,small,2818
2022-12-31,RKDL,small,2824
2022-12-31,ADROITINFO,small,2854
2022-12-31,HYBRIDFIN,small,2856
2022-12-31,COUNCODOS,small,2871
2022-12-31,ROLLT,small,2872
2022-12-31,LFIC,small,2877
2022-12-31,CALSOFT,small,2881
2022-12-31,ORIENTALTL,small,2885
2022-12-31,TGBHOTELS,small,2887
2022-12-31,TFL,small,2894
2022-12-31,NARMADA,small,2895
2022-12-31,LCCINFOTEC,small,2896
2022-12-31,EASTSILK,small,2907
2022-12-31,KARMAENG,small,2913
2022-12-31,HECPROJECT,small,2919
2022-12-31,3PLAND,small,2923
2022-12-31,HEADSUP,small,2929
2022-12-31,KEERTI,small,2943
2022-12-31,FMNL,small,2956
2022-12-31,WILLAMAGOR,small,2958
2022-12-31,CYBERMEDIA,small,2967
2022-12-31,PARASPETRO,small,2969
2022-12-31,SILLYMONKS,small,2989
2022-12-31,TNTELE,small,2997
2022-12-31,MASKINVEST,small,3004
2022-12-31,SILGO,small,3018
2022-12-31,SHANTI,small,3032
2022-12-31,21STCENMGM,small,3036
2022-12-31,SOMATEX,small,3042
2022-12-31,UNIINFO,small,3051
2022-12-31,SETUINFRA,small,3052
2022-12-31,MOHITIND,small,3054
2022-12-31,HAVISHA,small,3057
2022-12-31,INFOMEDIA,small,3063
2022-12-31,TANTIACONS,small,3067
2022-12-31,KHAITANLTD,small,3086
2022-12-31,VIJIFIN,small,3099
2022-12-31,NKIND,small,3102
2022-12-31,THOMASCOTT,small,3130
2022-12-31,SPYL,small,3142
2022-12-31,GAYAHWS,small,3182
2022-12-31,ONELIFECAP,small,3222
2022-12-31,ORTINLAB,small,3223
2022-12-31,METALFORGE,small,3235
2022-12-31,KAVVERITEL,small,3236
2022-12-31,MITTAL,small,3254
2022-12-31,LYPSAGEMS,small,3257
2022-12-31,NATNLSTEEL,small,3277
2022-12-31,SPENTEX,small,3280
2022-12-31,NAGREEKCAP,small,3291
2022-12-31,S&SPOWER,small,3292
2022-12-31,GUJRAFFIA,small,3300
2022-12-31,RMCL,small,3314
2022-12-31,TECHIN,small,3340
2022-12-31,KAUSHALYA,small,3370
2022-12-31,TIJARIA,small,3395
2022-12-31,SATHAISPAT,small,3418
2022-12-31,ANTGRAPHIC,small,3419
2022-12-31,GFSTEELS,small,3431
2022-12-31,SANCO,small,3475
2022-12-31,PDPL,small,3484
2022-12-31,UMESLTD,small,3507
2022-12-31,SHYAMTEL,small,3512
2022-12-31,KALYANI,small,3523
2022-12-31,PREMIER,small,3535
2022-12-31,ARENTERP,small,3585
2022-12-31,DCMFINSERV,small,3588
2022-12-31,JINDCOT,small,3593
2022-12-31,TVVISION,small,3598
2022-12-31,CREATIVEYE,small,3679
2022-12-31,ALPSINDUS,small,3686
2022-12-31,BKMINDST,small,3725
2022-12-31,EUROTEXIND,small,3729
2022-12-31,BLUECOAST,small,3773
2022-12-31,MOHOTAIND,small,3780
2022-12-31,VICEROY,small,3787
2022-12-31,TARAPUR,small,3804
2022-12-31,GLFL,small,3817
2022-12-31,UNIVAFOODS,small,3883
2022-12-31,SABTN,small,3908
2022-12-31,GISOLUTION,small,3909
2022-12-31,RADAAN,small,3929
2022-12-31,INDLMETER,small,3946
2022-12-31,NIRAJISPAT,small,3971
2022-12-31,SABEVENTS,small,4010
2022-12-31,LAKPRE,small,4015
2022-12-31,TCIFINANCE,small,4076
2022-12-31,NORBTEAEXP,small,4146
2022-12-31,BGLOBAL,small,4238
2022-12-31,JIKIND,small,4331
2022-12-31,ORTEL,small,4366
2022-12-31,MELSTAR,small,4396
2022-12-31,QUINTEGRA,small,4447
2022-12-31,GANGOTRI,small,4457
2022-12-31,RAJVIR,small,4462
2022-12-31,BLUECHIP,small,4584
2023-06-30,RELIANCE,large,1
2023-06-30,TCS,large,2
2023-06-30,HDFCBANK,large,3
2023-06-30,ICICIBANK,large,4
2023-06-30,HINDUNILVR,large,5
2023-06-30,INFY,large,6
2023-06-30,SBIN,large,7
2023-06-30,ITC,large,8
2023-06-30,HDFC,large,9
2023-06-30,BHARTIARTL,large,10
2023-06-30,BAJFINANCE,large,11
2023-06-30,LICI,large,12
2023-06-30,KOTAKBANK,large,13
2023-06-30,LT,large,14
2023-06-30,HCLTECH,large,15
2023-06-30,ASIANPAINT,large,16
2023-06-30,AXISBANK,large,17
2023-06-30,MARUTI,large,18
2023-06-30,ADANIENT,large,19
2023-06-30,SUNPHARMA,large,20
2023-06-30,DMART,large,21
2023-06-30,TITAN,large,22
2023-06-30,BAJAJFINSV,large,23
2023-06-30,ULTRACEMCO,large,24
2023-06-30,WIPRO,large,25
2023-06-30,ONGC,large,27
2023-06-30,JSWSTEEL,large,28
2023-06-30,NTPC,large,29
2023-06-30,TATAMOTORS,large,30
2023-06-30,ADANIGREEN,large,31
2023-06-30,M&M,large,32
2023-06-30,POWERGRID,large,33
2023-06-30,ADANIPORTS,large,34
2023-06-30,ATGL,large,35
2023-06-30,COALINDIA,large,36
2023-06-30,LTIM,large,37
2023-06-30,TATASTEEL,large,38
2023-06-30,ADANITRANS,large,39
2023-06-30,HINDZINC,large,40
2023-06-30,PIDILITIND,large,41
2023-06-30,SIEMENS,large,42
2023-06-30,SBILIFE,large,43
2023-06-30,HDFCLIFE,large,44
2023-06-30,BAJAJ-AUTO,large,45
2023-06-30,IOC,large,46
2023-06-30,GRASIM,large,47
2023-06-30,BRITANNIA,large,48
2023-06-30,VEDL,large,49
2023-06-30,TECHM,large,50
2023-06-30,DLF,large,51
2023-06-30,GODREJCP,large,52
2023-06-30,HINDALCO,large,53
2023-06-30,DABUR,large,54
2023-06-30,HAL,large,55
2023-06-30,VBL,large,56
2023-06-30,BANKBARODA,large,57
2023-06-30,INDUSINDBK,large,58
2023-06-30,EICHERMOT,large,59
2023-06-30,SHREECEM,large,60
2023-06-30,ADANIPOWER,large,61
2023-06-30,DIVISLAB,large,62
2023-06-30,AMBUJACEM,large,63
2023-06-30,INDIGO,large,64
2023-06-30,CIPLA,large,65
2023-06-30,HAVELLS,large,66
2023-06-30,DRREDDY,large,67
2023-06-30,BEL,large,68
2023-06-30,SBICARD,large,69
2023-06-30,BPCL,large,70
2023-06-30,ABB,large,71
2023-06-30,CHOLAFIN,large,72
2023-06-30,BAJAJHLDNG,large,73
2023-06-30,TATACONSUM,large,74
2023-06-30,SRF,large,75
2023-06-30,GAIL,large,76
2023-06-30,TATAPOWER,large,77
2023-06-30,MARICO,large,78
2023-06-30,ICICIPRULI,large,79
2023-06-30,APOLLOHOSP,large,80
2023-06-30,MANKIND,large,81
2023-06-30,MCDOWELL-N,large,82
2023-06-30,BERGEPAINT,large,83
2023-06-30,JINDALSTEL,large,84
2023-06-30,AWL,large,85
2023-06-30,ICICIGI,large,86
2023-06-30,PNB,large,87
2023-06-30,IDBI,large,88
2023-06-30,TORNTPHARM,large,89
2023-06-30,CANBK,large,90
2023-06-30,TVSMOTOR,large,91
2023-06-30,BOSCHLTD,large,92
2023-06-30,UPL,large,93
2023-06-30,HEROMOTOCO,large,94
2023-06-30,TIINDIA,large,95
2023-06-30,MOTHERSON,large,96
2023-06-30,ZOMATO,large,97
2023-06-30,IRCTC,large,98
2023-06-30,PIIND,large,99
2023-06-30,TRENT,large,100
2023-06-30,ZYDUSLIFE,mid,101
2023-06-30,UNIONBANK,mid,102
2023-06-30,CGPOWER,mid,103
2023-06-30,NAUKRI,mid,104
2023-06-30,LODHA,mid,105
2023-06-30,SHRIRAMFIN,mid,106
2023-06-30,IOB,mid,107
2023-06-30,INDHOTEL,mid,108
2023-06-30,YESBANK,mid,109
2023-06-30,MAXHEALTH,mid,110
2023-06-30,POLYCAB,mid,111
2023-06-30,PGHH,mid,113
2023-06-30,SCHAEFFLER,mid,114
2023-06-30,CUMMINSIND,mid,115
2023-06-30,AUBANK,mid,116
2023-06-30,PAGEIND,mid,117
2023-06-30,PFC,mid,118
2023-06-30,ASHOKLEY,mid,119
2023-06-30,INDUSTOWER,mid,120
2023-06-30,NHPC,mid,121
2023-06-30,MUTHOOTFIN,mid,122
2023-06-30,PAYTM,mid,123
2023-06-30,ASTRAL,mid,124
2023-06-30,COLPAL,mid,125
2023-06-30,BALKRISIND,mid,126
2023-06-30,TATAELXSI,mid,127
2023-06-30,JSWENERGY,mid,128
2023-06-30,IRFC,mid,129
2023-06-30,HDFCAMC,mid,130
2023-06-30,IDFCFIRSTB,mid,131
2023-06-30,UBL,mid,132
2023-06-30,ALKEM,mid,133
2023-06-30,NYKAA,mid,134
2023-06-30,CONCOR,mid,135
2023-06-30,MRF,mid,136
2023-06-30,LTTS,mid,137
2023-06-30,ABCAPITAL,mid,138
2023-06-30,BHARATFORG,mid,139
2023-06-30,BANDHANBNK,mid,140
2023-06-30,TATACOMM,mid,141
2023-06-30,DALBHARAT,mid,142
2023-06-30,PATANJALI,mid,143
2023-06-30,MPHASIS,mid,144
2023-06-30,INDIANB,mid,145
2023-06-30,PERSISTENT,mid,146
2023-06-30,ACC,mid,147
2023-06-30,SOLARINDS,mid,148
2023-06-30,SAIL,mid,149
2023-06-30,GODREJPROP,mid,150
2023-06-30,HINDPETRO,mid,151
2023-06-30,SUPREMEIND,mid,152
2023-06-30,FLUOROCHEM,mid,153
2023-06-30,PETRONET,mid,154
2023-06-30,HONAUT,mid,155
2023-06-30,RECLTD,mid,156
2023-06-30,LUPIN,mid,157
2023-06-30,APLAPOLLO,mid,158
2023-06-30,NMDC,mid,159
2023-06-30,GUJGASLTD,mid,160
2023-06-30,LINDEINDIA,mid,161
2023-06-30,UCOBANK,mid,162
2023-06-30,OBEROIRLTY,mid,163
2023-06-30,M&MFIN,mid,164
2023-06-30,STARHEALTH,mid,165
2023-06-30,BANKINDIA,mid,166
2023-06-30,IGL,mid,167
2023-06-30,AUROPHARMA,mid,168
2023-06-30,IDEA,mid,169
2023-06-30,JUBLFOOD,mid,170
2023-06-30,MANYAVAR,mid,171
2023-06-30,UNOMINDA,mid,172
2023-06-30,OFSS,mid,173
2023-06-30,GICRE,mid,174
2023-06-30,BIOCON,mid,175
2023-06-30,SONACOMS,mid,176
2023-06-30,FEDERALBNK,mid,177
2023-06-30,VOLTAS,mid,178
2023-06-30,BHEL,mid,179
2023-06-30,ESCORTS,mid,180
2023-06-30,OIL,mid,181
2023-06-30,COROMANDEL,mid,182
2023-06-30,AIAENG,mid,183
2023-06-30,3MINDIA,mid,184
2023-06-30,SUNDARMFIN,mid,185
2023-06-30,DEEPAKNTR,mid,186
2023-06-30,THERMAX,mid,187
2023-06-30,TORNTPOWER,mid,188
2023-06-30,COFORGE,mid,189
2023-06-30,SYNGENE,mid,190
2023-06-30,POLICYBZR,mid,191
2023-06-30,PHOENIXLTD,mid,192
2023-06-30,GMRINFRA,mid,193
2023-06-30,DELHIVERY,mid,194
2023-06-30,TATACHEM,mid,195
2023-06-30,CRISIL,mid,196
2023-06-30,MFSL,mid,197
2023-06-30,KPITTECH,mid,198
2023-06-30,POONAWALLA,mid,199
2023-06-30,CENTRALBK,mid,200
2023-06-30,L&TFH,mid,201
2023-06-30,METROBRAND,mid,202
2023-06-30,MSUMI,mid,203
2023-06-30,TIMKEN,mid,204
2023-06-30,JKCEMENT,mid,205
2023-06-30,KANSAINER,mid,206
2023-06-30,GLAXO,mid,207
2023-06-30,SKFINDIA,mid,208
2023-06-30,APOLLOTYRE,mid,209
2023-06-30,SUNDRMFAST,mid,210
2023-06-30,GRINDWELL,mid,211
2023-06-30,SUMICHEM,mid,212
2023-06-30,ABFRL,mid,213
2023-06-30,NAVINFLUOR,mid,214
2023-06-30,RELAXO,mid,215
2023-06-30,ATUL,mid,216
2023-06-30,FORTIS,mid,217
2023-06-30,GLAND,mid,218
2023-06-30,LICHSGFIN,mid,219
2023-06-30,PSB,mid,220
2023-06-30,IPCALAB,mid,221
2023-06-30,DEVYANI,mid,222
2023-06-30,KPRMILL,mid,223
2023-06-30,CARBORUNIV,mid,224
2023-06-30,HATSUN,mid,225
2023-06-30,ZEEL,mid,226
2023-06-30,RAJESHEXPO,mid,227
2023-06-30,ZFCVINDIA,mid,228
2023-06-30,DIXON,mid,229
2023-06-30,BATAINDIA,mid,230
2023-06-30,AARTIIND,mid,231
2023-06-30,VINATIORGA,mid,232
2023-06-30,FACT,mid,233
2023-06-30,ENDURANCE,mid,234
2023-06-30,MAHABANK,mid,236
2023-06-30,CROMPTON,mid,237
2023-06-30,RVNL,mid,238
2023-06-30,PEL,mid,239
2023-06-30,NIACL,mid,240
2023-06-30,PRESTIGE,mid,241
2023-06-30,JSL,mid,242
2023-06-30,RAMCOCEM,mid,243
2023-06-30,BDL,mid,244
2023-06-30,KAJARIACER,mid,245
2023-06-30,LAURUSLABS,mid,246
2023-06-30,IIFL,mid,247
2023-06-30,PFIZER,mid,248
2023-06-30,SUNTV,mid,249
2023-06-30,WHIRLPOOL,mid,250
2023-06-30,EMAMILTD,small,251
2023-06-30,IRB,small,252
2023-06-30,LALPATHLAB,small,253
2023-06-30,FIVESTAR,small,254
2023-06-30,NH,small,255
2023-06-30,TRIDENT,small,256
2023-06-30,KEI,small,257
2023-06-30,EXIDEIND,small,258
2023-06-30,AJANTPHARM,small,259
2023-06-30,MAZDOCK,small,260
2023-06-30,CREDITACC,small,261
2023-06-30,JBCHEPHARM,small,262
2023-06-30,GSPL,small,263
2023-06-30,INDIAMART,small,264
2023-06-30,ISEC,small,265
2023-06-30,CIEINDIA,small,266
2023-06-30,360ONE,small,267
2023-06-30,RADICO,small,268
2023-06-30,RATNAMANI,small,269
2023-06-30,BLUEDART,small,270
2023-06-30,GILLETTE,small,271
2023-06-30,CLEAN,small,272
2023-06-30,NATIONALUM,small,273
2023-06-30,GODREJIND,small,274
2023-06-30,ELGIEQUIP,small,275
2023-06-30,POWERINDIA,small,276
2023-06-30,NAM-INDIA,small,277
2023-06-30,FINEORG,small,278
2023-06-30,GLENMARK,small,280
2023-06-30,MEDANTA,small,281
2023-06-30,IDFC,small,282
2023-06-30,REDINGTON,small,283
2023-06-30,SANOFI,small,284
2023-06-30,CGCL,small,285
2023-06-30,DCMSHRIRAM,small,286
2023-06-30,BLUESTARCO,small,287
2023-06-30,SJVN,small,288
2023-06-30,TTML,small,289
2023-06-30,AFFLE,small,290
2023-06-30,BAJAJELEC,small,291
2023-06-30,APTUS,small,292
2023-06-30,AAVAS,small,293
2023-06-30,PVRINOX,small,294
2023-06-30,IEX,small,295
2023-06-30,ALKYLAMINE,small,296
2023-06-30,AEGISCHEM,small,297
2023-06-30,KEC,small,298
2023-06-30,HAPPSTMNDS,small,299
2023-06-30,RHIM,small,300
2023-06-30,CHOLAHLDNG,small,301
2023-06-30,NUVOCO,small,302
2023-06-30,SUVENPHAR,small,303
2023-06-30,ASTERDM,small,304
2023-06-30,CYIENT,small,305
2023-06-30,LAXMIMACH,small,306
2023-06-30,KIMS,small,307
2023-06-30,CHAMBLFERT,small,308
2023-06-30,KIOCL,small,309
2023-06-30,CENTURYPLY,small,310
2023-06-30,ASAHIINDIA,small,311
2023-06-30,KALYANKJIL,small,312
2023-06-30,NLCINDIA,small,313
2023-06-30,CASTROLIND,small,314
2023-06-30,BRIGADE,small,315
2023-06-30,WESTLIFE,small,316
2023-06-30,FINCABLES,small,317
2023-06-30,AETHER,small,318
2023-06-30,EIHOTEL,small,319
2023-06-30,SONATSOFTW,small,320
2023-06-30,PNBHOUSING,small,321
2023-06-30,CAMPUS,small,322
2023-06-30,NSLNISP,small,323
2023-06-30,SFL,small,324
2023-06-30,VGUARD,small,325
2023-06-30,ABSLAMC,small,326
2023-06-30,TATAINVEST,small,327
2023-06-30,GRINFRA,small,328
2023-06-30,FINPIPE,small,329
2023-06-30,CAMS,small,330
2023-06-30,TRITURBINE,small,331
2023-06-30,APLLTD,small,332
2023-06-30,SUZLON,small,333
2023-06-30,BASF,small,334
2023-06-30,CDSL,small,335
2023-06-30,NATCOPHARM,small,336
2023-06-30,AKZOINDIA,small,337
2023-06-30,ANGELONE,small,338
2023-06-30,HINDCOPPER,small,339
2023-06-30,MRPL,small,340
2023-06-30,CUB,small,341
2023-06-30,PPLPHARMA,small,342
2023-06-30,TTKPRESTIG,small,343
2023-06-30,TEJASNET,small,344
2023-06-30,AMARAJABAT,small,345
2023-06-30,HUDCO,small,346
2023-06-30,RENUKA,small,348
2023-06-30,MANAPPURAM,small,349
2023-06-30,RAYMOND,small,350
2023-06-30,MOTILALOFS,small,351
2023-06-30,BIKAJI,small,352
2023-06-30,ITI,small,353
2023-06-30,RBLBANK,small,354
2023-06-30,MGL,small,355
2023-06-30,ANURAS,small,356
2023-06-30,TANLA,small,357
2023-06-30,ZYDUSWELL,small,358
2023-06-30,APARINDS,small,359
2023-06-30,GESHIP,small,360
2023-06-30,GODFRYPHLP,small,361
2023-06-30,VTL,small,362
2023-06-30,POLYMED,small,363
2023-06-30,CESC,small,364
2023-06-30,HFCL,small,365
2023-06-30,EIDPARRY,small,366
2023-06-30,VIPIND,small,368
2023-06-30,UTIAMC,small,369
2023-06-30,SUNCLAYLTD,small,370
2023-06-30,KRBL,small,371
2023-06-30,GALAXYSURF,small,372
2023-06-30,JKLAKSHMI,small,373
2023-06-30,GNFC,small,374
2023-06-30,RITES,small,375
2023-06-30,ERIS,small,376
2023-06-30,KPIL,small,377
2023-06-30,GODREJAGRO,small,378
2023-06-30,CERA,small,379
2023-06-30,ASTRAZEN,small,380
2023-06-30,KARURVYSYA,small,381
2023-06-30,MEDPLUS,small,382
2023-06-30,ROUTE,small,383
2023-06-30,JBMA,small,384
2023-06-30,EASEMYTRIP,small,385
2023-06-30,EQUITASBNK,small,386
2023-06-30,FSL,small,387
2023-06-30,RAINBOW,small,388
2023-06-30,BSOFT,small,389
2023-06-30,DATAPATTNS,small,390
2023-06-30,CANFINHOME,small,391
2023-06-30,SAPPHIRE,small,392
2023-06-30,BALRAMCHIN,small,394
2023-06-30,CENTURYTEX,small,395
2023-06-30,PNCINFRA,small,396
2023-06-30,PGHL,small,397
2023-06-30,CHALET,small,398
2023-06-30,INGERRAND,small,399
2023-06-30,DEEPAKFERT,small,400
2023-06-30,CCL,small,401
2023-06-30,SHYAMMETL,small,402
2023-06-30,WELSPUNIND,small,403
2023-06-30,BIRLACORPN,small,404
2023-06-30,SHOPERSTOP,small,405
2023-06-30,JYOTHYLAB,small,407
2023-06-30,BALAMINES,small,408
2023-06-30,ACI,small,409
2023-06-30,CRAFTSMAN,small,410
2023-06-30,ECLERX,small,411
2023-06-30,BLS,small,412
2023-06-30,SPLPETRO,small,413
2023-06-30,LATENTVIEW,small,414
2023-06-30,KSB,small,415
2023-06-30,GRANULES,small,416
2023-06-30,LXCHEM,small,417
2023-06-30,KNRCON,small,418
2023-06-30,JINDWORLD,small,419
2023-06-30,ALLCARGO,small,420
2023-06-30,JUBLINGREA,small,421
2023-06-30,TMB,small,422
2023-06-30,SYMPHONY,small,423
2023-06-30,BSE,small,424
2023-06-30,NBCC,small,425
2023-06-30,SWANENERGY,small,426
2023-06-30,GMMPFAUDLR,small,427
2023-06-30,CHEMPLASTS,small,428
2023-06-30,ALOKINDS,small,429
2023-06-30,METROPOLIS,small,430
2023-06-30,CEATLTD,small,431
2023-06-30,ZENSARTECH,small,432
2023-06-30,NCC,small,433
2023-06-30,PRINCEPIPE,small,434
2023-06-30,COCHINSHIP,small,435
2023-06-30,LEMONTREE,small,436
2023-06-30,AMBER,small,437
2023-06-30,PRAJIND,small,438
2023-06-30,USHAMART,small,439
2023-06-30,SAREGAMA,small,440
2023-06-30,INTELLECT,small,441
2023-06-30,STLTECH,small,442
2023-06-30,BBTC,small,443
2023-06-30,GRAPHITE,small,444
2023-06-30,HOMEFIRST,small,445
2023-06-30,HNDFDS,small,446
2023-06-30,TRIVENI,small,447
2023-06-30,BORORENEW,small,448
2023-06-30,JKPAPER,small,449
2023-06-30,JMFINANCIL,small,450
2023-06-30,NETWORK18,small,451
2023-06-30,IRCON,small,452
2023-06-30,INDIACEM,small,453
2023-06-30,HGS,small,454
2023-06-30,GARFIBRES,small,455
2023-06-30,TCIEXP,small,456
2023-06-30,KAYNES,small,457
2023-06-30,RCF,small,458
2023-06-30,SPARC,small,459
2023-06-30,MAHLIFE,small,460
2023-06-30,MAPMYINDIA,small,462
2023-06-30,UJJIVANSFB,small,463
2023-06-30,WELCORP,small,464
2023-06-30,ESABINDIA,small,465
2023-06-30,INDIGOPNTS,small,466
2023-06-30,MINDACORP,small,467
2023-06-30,BEML,small,468
2023-06-30,GOCOLORS,small,469
2023-06-30,TV18BRDCST,small,470
2023-06-30,QUESS,small,471
2023-06-30,PRSMJOHNSN,small,472
2023-06-30,GAEL,small,473
2023-06-30,GSFC,small,474
2023-06-30,MHRIL,small,475
2023-06-30,DELTACORP,small,476
2023-06-30,SWSOLAR,small,477
2023-06-30,RUSTOMJEE,small,478
2023-06-30,GLS,small,479
2023-06-30,JUSTDIAL,small,480
2023-06-30,RTNINDIA,small,481
2023-06-30,EPL,small,482
2023-06-30,SIS,small,483
2023-06-30,GRSE,small,484
2023-06-30,RAIN,small,485
2023-06-30,SYRMA,small,486
2023-06-30,VRLLOG,small,487
2023-06-30,GPIL,small,488
2023-06-30,MTARTECH,small,489
2023-06-30,MAHSCOOTER,small,490
2023-06-30,IBULHSGFIN,small,491
2023-06-30,KFINTECH,small,492
2023-06-30,ORIENTELEC,small,493
2023-06-30,KIRLOSENG,small,494
2023-06-30,JINDALSAW,small,495
2023-06-30,JUBLPHARMA,small,496
2023-06-30,CAPLIPOINT,small,497
2023-06-30,SAFARI,small,498
2023-06-30,MASTEK,small,499
2023-06-30,ROLEXRINGS,small,500
2023-06-30,HGINFRA,small,501
2023-06-30,RELIGARE,small,502
2023-06-30,GPPL,small,503
2023-06-30,OLECTRA,small,504
2023-06-30,MAHSEAMLES,small,505
2023-06-30,J&KBANK,small,506
2023-06-30,RBA,small,507
2023-06-30,AVANTIFEED,small,508
2023-06-30,SOBHA,small,509
2023-06-30,VAIBHAVGBL,small,510
2023-06-30,RKFORGE,small,511
2023-06-30,TCI,small,512
2023-06-30,SUPRAJIT,small,513
2023-06-30,VSTIND,small,515
2023-06-30,ELECON,small,516
2023-06-30,IONEXCHANG,small,517
2023-06-30,ENGINERSIN,small,518
2023-06-30,STARCEMENT,small,519
2023-06-30,GUJALKALI,small,520
2023-06-30,PCBL,small,521
2023-06-30,ACE,small,522
2023-06-30,MMTC,small,523
2023-06-30,GHCL,small,524
2023-06-30,GMDCLTD,small,525
2023-06-30,RELINFRA,small,526
2023-06-30,CMSINFO,small,527
2023-06-30,TEGA,small,528
2023-06-30,VMART,small,529
2023-06-30,FDC,small,530
2023-06-30,JSWHL,small,532
2023-06-30,EDELWEISS,small,534
2023-06-30,SUNTECK,small,535
2023-06-30,PARADEEP,small,536
2023-06-30,ICRA,small,537
2023-06-30,SCHNEIDER,small,538
2023-06-30,PTCIL,small,539
2023-06-30,CSBBANK,small,540
2023-06-30,RPOWER,small,541
2023-06-30,SCI,small,542
2023-06-30,KTKBANK,small,543
2023-06-30,PDSL,small,544
2023-06-30,HSCL,small,545
2023-06-30,FUSION,small,546
2023-06-30,SHARDACROP,small,547
2023-06-30,POLYPLEX,small,548
2023-06-30,VARROC,small,549
2023-06-30,JWL,small,550
2023-06-30,JPPOWER,small,551
2023-06-30,HEG,small,552
2023-06-30,BCG,small,553
2023-06-30,SPANDANA,small,554
2023-06-30,BOROLTD,small,555
2023-06-30,JKTYRE,small,556
2023-06-30,LUXIND,small,557
2023-06-30,MFL,small,558
2023-06-30,ANANTRAJ,small,559
2023-06-30,MASFIN,small,560
2023-06-30,GREENLAM,small,561
2023-06-30,CHENNPETRO,small,562
2023-06-30,LAOPALA,small,563
2023-06-30,PRIVISCL,small,564
2023-06-30,INFIBEAM,small,566
2023-06-30,TATACOFFEE,small,567
2023-06-30,VIJAYA,small,568
2023-06-30,JAMNAAUTO,small,569
2023-06-30,NESCO,small,570
2023-06-30,TATVA,small,571
2023-06-30,SARDAEN,small,572
2023-06-30,HLEGLAS,small,573
2023-06-30,SANSERA,small,574
2023-06-30,MIDHANI,small,575
2023-06-30,RAJRATAN,small,576
2023-06-30,TEAMLEASE,small,577
2023-06-30,HCG,small,578
2023-06-30,ARVINDFASN,small,579
2023-06-30,BHARATRAS,small,580
2023-06-30,RALLIS,small,581
2023-06-30,HIKAL,small,582
2023-06-30,RATEGAIN,small,583
2023-06-30,HEIDELBERG,small,584
2023-06-30,SURYAROSNI,small,585
2023-06-30,ROSSARI,small,586
2023-06-30,TECHNOE,small,587
2023-06-30,SHAREINDIA,small,588
2023-06-30,GET&D,small,589
2023-06-30,KIRLPNU,small,590
2023-06-30,AARTIDRUGS,small,591
2023-06-30,NAZARA,small,592
2023-06-30,POWERMECH,small,594
2023-06-30,NAVA,small,595
2023-06-30,RAILTEL,small,596
2023-06-30,VESUVIUS,small,597
2023-06-30,GREENPANEL,small,598
2023-06-30,AMIORG,small,599
2023-06-30,BSHSL,small,600
2023-06-30,PRUDENT,small,601
2023-06-30,RESPONIND,small,602
2023-06-30,ISGEC,small,603
2023-06-30,DAAWAT,small,604
2023-06-30,NOCIL,small,605
2023-06-30,HARSHA,small,606
2023-06-30,SOUTHBANK,small,607
2023-06-30,UJJIVAN,small,608
2023-06-30,GRAVITA,small,609
2023-06-30,DCBBANK,small,610
2023-06-30,AHLUCONT,small,611
2023-06-30,NEOGEN,small,612
2023-06-30,TITAGARH,small,613
2023-06-30,NEWGEN,small,614
2023-06-30,AUTOAXLES,small,615
2023-06-30,BANARISUG,small,616
2023-06-30,BECTORFOOD,small,617
2023-06-30,WSTCSTPAPR,small,618
2023-06-30,NFL,small,619
2023-06-30,KIRLOSBROS,small,620
2023-06-30,IKIO,small,621
2023-06-30,ANANDRATHI,small,622
2023-06-30,IBREALEST,small,623
2023-06-30,TINPLATE,small,624
2023-06-30,SINDHUTRAD,small,626
2023-06-30,IFBIND,small,627
2023-06-30,RAJRILTD,small,628
2023-06-30,INOXWIND,small,630
2023-06-30,SULA,small,631
2023-06-30,GATEWAY,small,632
2023-06-30,RSYSTEMS,small,633
2023-06-30,MARKSANS,small,634
2023-06-30,MOLDTKPAC,small,635
2023-06-30,MOIL,small,636
2023-06-30,DHANUKA,small,637
2023-06-30,INDOCO,small,638
2023-06-30,TARSONS,small,639
2023-06-30,UFLEX,small,640
2023-06-30,GREAVESCOT,small,641
2023-06-30,MANINFRA,small,642
2023-06-30,THOMASCOOK,small,643
2023-06-30,VOLTAMP,small,644
2023-06-30,PGEL,small,645
2023-06-30,AARTIPHARM,small,646
2023-06-30,HINDWAREAP,small,647
2023-06-30,CHOICEIN,small,648
2023-06-30,TIIL,small,649
2023-06-30,STAR,small,650
2023-06-30,JCHAC,small,651
2023-06-30,ADVENZYMES,small,652
2023-06-30,HBLPOWER,small,653
2023-06-30,NILKAMAL,small,654
2023-06-30,TATASTLLP,small,655
2023-06-30,DODLA,small,656
2023-06-30,JTEKTINDIA,small,657
2023-06-30,KSCL,small,658
2023-06-30,DBL,small,659
2023-06-30,ICIL,small,660
2023-06-30,SHANTIGEAR,small,662
2023-06-30,EMIL,small,663
2023-06-30,SHRIPISTON,small,664
2023-06-30,DALMIASUG,small,665
2023-06-30,AVALON,small,666
2023-06-30,JINDALPOLY,small,667
2023-06-30,KKCL,small,668
2023-06-30,GANESHHOUC,small,669
2023-06-30,SUDARSCHEM,small,670
2023-06-30,FCL,small,671
2023-06-30,PTC,small,672
2023-06-30,MAHLOG,small,673
2023-06-30,TCNSBRANDS,small,674
2023-06-30,ITDC,small,675
2023-06-30,DISHTV,small,676
2023-06-30,ASTEC,small,677
2023-06-30,MAITHANALL,small,678
2023-06-30,BARBEQUE,small,679
2023-06-30,SBCL,small,680
2023-06-30,AGI,small,681
2023-06-30,HEMIPROP,small,682
2023-06-30,SAGCEM,small,683
2023-06-30,WOCKPHARMA,small,684
2023-06-30,MBAPL,small,685
2023-06-30,DBREALTY,small,686
2023-06-30,NEULANDLAB,small,688
2023-06-30,PAISALO,small,689
2023-06-30,SUNFLAG,small,690
2023-06-30,GLOBUSSPR,small,691
2023-06-30,ETHOSLTD,small,692
2023-06-30,TDPOWERSYS,small,693
2023-06-30,ARVIND,small,694
2023-06-30,HATHWAY,small,695
2023-06-30,PRICOLLTD,small,696
2023-06-30,ASTRAMICRO,small,697
2023-06-30,JAICORPLTD,small,698
2023-06-30,THYROCARE,small,700
2023-06-30,IFCI,small,701
2023-06-30,TASTYBITE,small,702
2023-06-30,IPL,small,703
2023-06-30,ORIENTCEM,small,704
2023-06-30,SADHNANIQ,small,705
2023-06-30,HCC,small,706
2023-06-30,PSPPROJECT,small,707
2023-06-30,NAVNETEDUL,small,708
2023-06-30,UNIPARTS,small,709
2023-06-30,BAJAJCON,small,710
2023-06-30,PFOCUS,small,711
2023-06-30,WONDERLA,small,712
2023-06-30,CAMLINFINE,small,713
2023-06-30,APCOTEXIND,small,714
2023-06-30,TATAMETALI,small,715
2023-06-30,SSWL,small,716
2023-06-30,LGBBROSLTD,small,717
2023-06-30,MAXVIL,small,718
2023-06-30,KIRLOSIND,small,719
2023-06-30,LANDMARK,small,720
2023-06-30,DREAMFOLKS,small,721
2023-06-30,GOKEX,small,722
2023-06-30,ELECTCAST,small,723
2023-06-30,EMUDHRA,small,724
2023-06-30,GABRIEL,small,725
2023-06-30,SOMANYCERA,small,726
2023-06-30,UNICHEMLAB,small,727
2023-06-30,VENKEYS,small,728
2023-06-30,GENUSPOWER,small,729
2023-06-30,WABAG,small,730
2023-06-30,SIYSIL,small,731
2023-06-30,EVEREADY,small,732
2023-06-30,MOL,small,733
2023-06-30,ZENTEC,small,734
2023-06-30,TI,small,736
2023-06-30,ASHOKA,small,737
2023-06-30,TVSSRICHAK,small,738
2023-06-30,RAMKY,small,739
2023-06-30,APOLLOPIPE,small,740
2023-06-30,DIVGIITTS,small,741
2023-06-30,BUTTERFLY,small,742
2023-06-30,JTLIND,small,744
2023-06-30,JAYNECOIND,small,745
2023-06-30,FIEMIND,small,746
2023-06-30,TIPSINDLTD,small,747
2023-06-30,SHILPAMED,small,748
2023-06-30,HONDAPOWER,small,749
2023-06-30,DATAMATICS,small,750
2023-06-30,WELENT,small,752
2023-06-30,ITDCEM,small,753
2023-06-30,IOLCP,small,756
2023-06-30,KOLTEPATIL,small,757
2023-06-30,JISLJALEQS,small,759
2023-06-30,CARTRADE,small,760
2023-06-30,ISMTLTD,small,761
2023-06-30,STYLAMIND,small,762
2023-06-30,VSTTILLERS,small,763
2023-06-30,LSIL,small,764
2023-06-30,GULFOILLUB,small,765
2023-06-30,DOLLAR,small,767
2023-06-30,VINDHYATEL,small,768
2023-06-30,SHARDAMOTR,small,769
2023-06-30,BALMLAWRIE,small,770
2023-06-30,DHANI,small,771
2023-06-30,BBOX,small,772
2023-06-30,SUBROS,small,773
2023-06-30,DBCORP,small,774
2023-06-30,SWARAJENG,small,775
2023-06-30,MMFL,small,776
2023-06-30,MSTCLTD,small,777
2023-06-30,PARAS,small,778
2023-06-30,CIGNITITEC,small,779
2023-06-30,GANECOS,small,780
2023-06-30,MAYURUNIQ,small,781
2023-06-30,ATFL,small,782
2023-06-30,GUFICBIO,small,783
2023-06-30,JKIL,small,784
2023-06-30,HINDOILEXP,small,785
2023-06-30,JPASSOCIAT,small,786
2023-06-30,TIMETECHNO,small,787
2023-06-30,OPTIEMUS,small,788
2023-06-30,PILANIINVS,small,789
2023-06-30,HIL,small,790
2023-06-30,RUPA,small,791
2023-06-30,PURVA,small,792
2023-06-30,ACCELYA,small,793
2023-06-30,CARERATING,small,798
2023-06-30,INDIAGLYCO,small,799
2023-06-30,SUNDARMHLD,small,800
2023-06-30,TIRUMALCHM,small,801
2023-06-30,BEPL,small,802
2023-06-30,LUMAXTECH,small,803
2023-06-30,SOTL,small,804
2023-06-30,SEQUENT,small,805
2023-06-30,RTNPOWER,small,806
2023-06-30,DYNAMATECH,small,807
2023-06-30,SAKSOFT,small,808
2023-06-30,KINGFA,small,810
2023-06-30,KESORAMIND,small,811
2023-06-30,CONFIPET,small,812
2023-06-30,MUKANDLTD,small,813
2023-06-30,FINOPB,small,814
2023-06-30,AMRUTANJAN,small,815
2023-06-30,PANAMAPET,small,816
2023-06-30,DCXINDIA,small,817
2023-06-30,DIAMONDYD,small,818
2023-06-30,DCAL,small,819
2023-06-30,GREENPLY,small,820
2023-06-30,BAJAJHIND,small,821
2023-06-30,NACLIND,small,822
2023-06-30,IIFLSEC,small,823
2023-06-30,KPIGREEN,small,824
2023-06-30,SUPRIYA,small,825
2023-06-30,SEAMECLTD,small,826
2023-06-30,JAGRAN,small,827
2023-06-30,FMGOETZE,small,828
2023-06-30,VIDHIING,small,829
2023-06-30,VISHNU,small,830
2023-06-30,COSMOFIRST,small,831
2023-06-30,VADILALIND,small,833
2023-06-30,INDOSTAR,small,834
2023-06-30,NUCLEUS,small,835
2023-06-30,FILATEX,small,836
2023-06-30,SIRCA,small,837
2023-06-30,TEXRAIL,small,839
2023-06-30,IMAGICAA,small,840
2023-06-30,MPSLTD,small,841
2023-06-30,VAKRANGEE,small,843
2023-06-30,BANCOINDIA,small,844
2023-06-30,LUMAXIND,small,845
2023-06-30,ADFFOODS,small,846
2023-06-30,WENDT,small,847
2023-06-30,SUBEXLTD,small,848
2023-06-30,ANDHRAPAP,small,849
2023-06-30,GNA,small,850
2023-06-30,VENUSPIPES,small,851
2023-06-30,DWARKESH,small,852
2023-06-30,SANGHIIND,small,854
2023-06-30,ALEMBICLTD,small,855
2023-06-30,SESHAPAPER,small,856
2023-06-30,APTECHT,small,857
2023-06-30,CANTABIL,small,858
2023-06-30,HUHTAMAKI,small,859
2023-06-30,KABRAEXTRU,small,860
2023-06-30,ASHIANA,small,861
2023-06-30,SANGHVIMOV,small,862
2023-06-30,PCJEWELLER,small,863
2023-06-30,ORISSAMINE,small,864
2023-06-30,ORCHPHARMA,small,865
2023-06-30,GOKULAGRO,small,866
2023-06-30,KIRIINDUS,small,867
2023-06-30,ANDHRSUGAR,small,868
2023-06-30,HERITGFOOD,small,869
2023-06-30,BOMDYEING,small,870
2023-06-30,GOCLCORP,small,871
2023-06-30,TIDEWATER,small,873
2023-06-30,SHK,small,874
2023-06-30,GATI,small,875
2023-06-30,RAMASTEEL,small,876
2023-06-30,IMFA,small,879
2023-06-30,TNPL,small,880
2023-06-30,DHAMPURSUG,small,881
2023-06-30,TTKHLTCARE,small,882
2023-06-30,THANGAMAYL,small,883
2023-06-30,SEPC,small,884
2023-06-30,GOLDIAM,small,885
2023-06-30,BBL,small,886
2023-06-30,SHALBY,small,887
2023-06-30,SHANKARA,small,888
2023-06-30,INSECTICID,small,889
2023-06-30,VSSL,small,890
2023-06-30,FOSECOIND,small,891
2023-06-30,DEN,small,892
2023-06-30,KRSNAA,small,893
2023-06-30,JSWISPL,small,894
2023-06-30,GRWRHITECH,small,895
2023-06-30,GRMOVER,small,896
2023-06-30,FAIRCHEMOR,small,897
2023-06-30,HESTERBIO,small,898
2023-06-30,CARYSIL,small,899
2023-06-30,STYRENIX,small,900
2023-06-30,PATELENG,small,902
2023-06-30,NRBBEARING,small,903
2023-06-30,BFINVEST,small,904
2023-06-30,STOVEKRAFT,small,905
2023-06-30,ORIENTHOT,small,906
2023-06-30,HERANBA,small,907
2023-06-30,KSL,small,908
2023-06-30,IGPL,small,909
2023-06-30,NDTV,small,911
2023-06-30,KDDL,small,912
2023-06-30,SANDHAR,small,913
2023-06-30,GALLANTT,small,914
2023-06-30,MOREPENLAB,small,915
2023-06-30,SALASAR,small,916
2023-06-30,MONTECARLO,small,917
2023-06-30,NELCO,small,918
2023-06-30,AVTNPL,small,920
2023-06-30,SJS,small,921
2023-06-30,REPCOHOME,small,922
2023-06-30,EXPLEOSOL,small,923
2023-06-30,BHAGCHEM,small,924
2023-06-30,MANORAMA,small,925
2023-06-30,DCW,small,926
2023-06-30,KRISHANA,small,927
2023-06-30,STEELXIND,small,929
2023-06-30,ARVSMART,small,930
2023-06-30,UGROCAP,small,931
2023-06-30,GENESYS,small,932
2023-06-30,SPIC,small,933
2023-06-30,IWEL,small,934
2023-06-30,SOLARA,small,935
2023-06-30,TARC,small,936
2023-06-30,INOXGREEN,small,937
2023-06-30,EIHAHOTELS,small,938
2023-06-30,HMT,small,940
2023-06-30,KCP,small,941
2023-06-30,RPGLIFE,small,942
2023-06-30,WHEELS,small,943
2023-06-30,VALIANTORG,small,944
2023-06-30,BFUTILITIE,small,945
2023-06-30,ADORWELD,small,946
2023-06-30,NITINSPIN,small,947
2023-06-30,RANEHOLDIN,small,948
2023-06-30,MTNL,small,949
2023-06-30,RIIL,small,950
2023-06-30,TAJGVK,small,951
2023-06-30,ARMANFIN,small,952
2023-06-30,GULPOLY,small,953
2023-06-30,MARATHON,small,954
2023-06-30,TCPLPACK,small,955
2023-06-30,ALICON,small,956
2023-06-30,HARIOMPIPE,small,957
2023-06-30,GIPCL,small,958
2023-06-30,PRECWIRE,small,959
2023-06-30,SASKEN,small,960
2023-06-30,STERTOOLS,small,961
2023-06-30,GTPL,small,963
2023-06-30,IGARASHI,small,964
2023-06-30,SUVEN,small,966
2023-06-30,TVTODAY,small,967
2023-06-30,AXISCADES,small,968
2023-06-30,RPSGVENT,small,969
2023-06-30,OAL,small,971
2023-06-30,SMLISUZU,small,972
2023-06-30,EVERESTIND,small,973
2023-06-30,RAMCOIND,small,974
2023-06-30,SATIN,small,975
2023-06-30,SURYODAY,small,976
2023-06-30,MATRIMONY,small,977
2023-06-30,KUANTUM,small,979
2023-06-30,THEMISMED,small,980
2023-06-30,VERANDA,small,981
2023-06-30,SDBL,small,982
2023-06-30,INDORAMA,small,983
2023-06-30,AHL,small,984
2023-06-30,XPROINDIA,small,985
2023-06-30,PRECAM,small,987
2023-06-30,MANALIPETC,small,988
2023-06-30,UNIVCABLES,small,989
2023-06-30,NIITLTD,small,992
2023-06-30,EXCELINDUS,small,993
2023-06-30,SKIPPER,small,995
2023-06-30,INFOBEAN,small,996
2023-06-30,ANUP,small,997
2023-06-30,GOODLUCK,small,998
2023-06-30,SATIA,small,1000
2023-06-30,SHAILY,small,1001
2023-06-30,UGARSUGAR,small,1003
2023-06-30,SHRIRAMPPS,small,1005
2023-06-30,AURIONPRO,small,1008
2023-06-30,PIXTRANS,small,1009
2023-06-30,NSIL,small,1010
2023-06-30,GMRP&UI,small,1011
2023-06-30,JASH,small,1013
2023-06-30,DPSCLTD,small,1014
2023-06-30,GTLINFRA,small,1015
2023-06-30,PARAGMILK,small,1016
2023-06-30,SPECIALITY,small,1017
2023-06-30,PNBGILTS,small,1018
2023-06-30,PUNJABCHEM,small,1019
2023-06-30,POKARNA,small,1020
2023-06-30,MANGCHEFER,small,1021
2023-06-30,ASHAPURMIN,small,1022
2023-06-30,KITEX,small,1023
2023-06-30,AJMERA,small,1024
2023-06-30,SANGAMIND,small,1026
2023-06-30,DBOL,small,1028
2023-06-30,RICOAUTO,small,1029
2023-06-30,EKC,small,1031
2023-06-30,GEOJITFSL,small,1032
2023-06-30,MADRASFERT,small,1033
2023-06-30,SPCENET,small,1034
2023-06-30,SHALPAINTS,small,1035
2023-06-30,PRAKASH,small,1037
2023-06-30,ROSSELLIND,small,1038
2023-06-30,BCLIND,small,1039
2023-06-30,GMBREW,small,1042
2023-06-30,ARTEMISMED,small,1045
2023-06-30,SHREDIGCEM,small,1046
2023-06-30,UNIENTER,small,1047
2023-06-30,SHIVALIK,small,1048
2023-06-30,OMAXE,small,1049
2023-06-30,PFS,small,1050
2023-06-30,PITTIENG,small,1051
2023-06-30,RADIANTCMS,small,1052
2023-06-30,HITECH,small,1053
2023-06-30,UTTAMSUGAR,small,1054
2023-06-30,CAPACITE,small,1055
2023-06-30,BIGBLOC,small,1056
2023-06-30,CENTUM,small,1058
2023-06-30,LIKHITHA,small,1060
2023-06-30,GANESHBE,small,1061
2023-06-30,STEELCAS,small,1062
2023-06-30,CHEMCON,small,1063
2023-06-30,DEEPINDS,small,1065
2023-06-30,PENIND,small,1069
2023-06-30,AVADHSUGAR,small,1071
2023-06-30,PGIL,small,1072
2023-06-30,AXITA,small,1074
2023-06-30,5PAISA,small,1075
2023-06-30,GICHSGFIN,small,1076
2023-06-30,ROTO,small,1077
2023-06-30,NAHARSPING,small,1078
2023-06-30,BAJAJHCARE,small,1079
2023-06-30,IFGLEXPOR,small,1080
2023-06-30,ESTER,small,1081
2023-06-30,DREDGECORP,small,1082
2023-06-30,KAMDHENU,small,1083
2023-06-30,AGARIND,small,1084
2023-06-30,SPORTKING,small,1085
2023-06-30,TRIL,small,1087
2023-06-30,NGLFINE,small,1088
2023-06-30,BHARATWIRE,small,1089
2023-06-30,JAGSNPHARM,small,1090
2023-06-30,IMPAL,small,1091
2023-06-30,MEDICAMEQ,small,1093
2023-06-30,SPAL,small,1095
2023-06-30,JAIBALAJI,small,1096
2023-06-30,ORIENTPPR,small,1097
2023-06-30,NELCAST,small,1098
2023-06-30,VHL,small,1099
2023-06-30,GEPIL,small,1100
2023-06-30,LINC,small,1101
2023-06-30,CONTROLPR,small,1103
2023-06-30,AMBIKCO,small,1104
2023-06-30,CLSEL,small,1105
2023-06-30,SRHHYPOLTD,small,1106
2023-06-30,BODALCHEM,small,1107
2023-06-30,RGL,small,1108
2023-06-30,CENTENKA,small,1110
2023-06-30,CENTRUM,small,1111
2023-06-30,KOKUYOCMLN,small,1113
2023-06-30,JINDRILL,small,1114
2023-06-30,NAVKARCORP,small,1115
2023-06-30,INDNIPPON,small,1116
2023-06-30,SHAKTIPUMP,small,1117
2023-06-30,GSLSU,small,1118
2023-06-30,RAMRAT,small,1120
2023-06-30,DLINKINDIA,small,1121
2023-06-30,MANAKSIA,small,1122
2023-06-30,ARIHANTSUP,small,1123
2023-06-30,HIMATSEIDE,small,1125
2023-06-30,SELMC,small,1126
2023-06-30,SASTASUNDR,small,1127
2023-06-30,DVL,small,1128
2023-06-30,RSWM,small,1129
2023-06-30,HEXATRADEX,small,1130
2023-06-30,NCLIND,small,1133
2023-06-30,SMCGLOBAL,small,1134
2023-06-30,SUTLEJTEX,small,1135
2023-06-30,63MOONS,small,1136
2023-06-30,VIMTALABS,small,1137
2023-06-30,SIGACHI,small,1139
2023-06-30,QUICKHEAL,small,1140
2023-06-30,ONMOBILE,small,1141
2023-06-30,KICL,small,1142
2023-06-30,VINYLINDIA,small,1143
2023-06-30,SATINDLTD,small,1144
2023-06-30,ELIN,small,1145
2023-06-30,ROHLTD,small,1147
2023-06-30,RML,small,1149
2023-06-30,BLISSGVS,small,1150
2023-06-30,MANGLMCEM,small,1151
2023-06-30,COFFEEDAY,small,1152
2023-06-30,ONWARDTEC,small,1153
2023-06-30,ATULAUTO,small,1154
2023-06-30,HARDWYN,small,1155
2023-06-30,BLKASHYAP,small,1156
2023-06-30,ZOTA,small,1157
2023-06-30,FAZE3Q,small,1158
2023-06-30,MKPL,small,1159
2023-06-30,INDRAMEDCO,small,1160
2023-06-30,TRACXN,small,1161
2023-06-30,ORIENTBELL,small,1162
2023-06-30,AWHCL,small,1164
2023-06-30,MONARCH,small,1165
2023-06-30,RAMCOSYS,small,1166
2023-06-30,EMAMIPAP,small,1167
2023-06-30,PANACEABIO,small,1169
2023-06-30,HEUBACHIND,small,1170
2023-06-30,REFEX,small,1171
2023-06-30,ALLSEC,small,1172
2023-06-30,OCCL,small,1174
2023-06-30,BLAL,small,1175
2023-06-30,TNPETRO,small,1176
2023-06-30,LINCOLN,small,1178
2023-06-30,MIRZAINT,small,1179
2023-06-30,VASCONEQ,small,1180
2023-06-30,FOODSIN,small,1181
2023-06-30,HLVLTD,small,1182
2023-06-30,MOLDTECH,small,1183
2023-06-30,JAYBARMARU,small,1185
2023-06-30,RUSHIL,small,1186
2023-06-30,INDIANHUME,small,1187
2023-06-30,SERVOTECH,small,1188
2023-06-30,SANDESH,small,1189
2023-06-30,GREENPOWER,small,1190
2023-06-30,PARACABLES,small,1192
2023-06-30,TEXINFRA,small,1193
2023-06-30,JETAIRWAYS,small,1195
2023-06-30,HERCULES,small,1196
2023-06-30,KSOLVES,small,1197
2023-06-30,VISAKAIND,small,1198
2023-06-30,XCHANGING,small,1199
2023-06-30,APOLLO,small,1200
2023-06-30,HPAL,small,1201
2023-06-30,INDOAMIN,small,1202
2023-06-30,SCHAND,small,1203
2023-06-30,ASALCBR,small,1206
2023-06-30,SUMMITSEC,small,1207
2023-06-30,AGSTRA,small,1208
2023-06-30,TRU,small,1209
2023-06-30,KOPRAN,small,1210
2023-06-30,TVSELECT,small,1211
2023-06-30,KHAICHEM,small,1212
2023-06-30,TFCILTD,small,1213
2023-06-30,DMCC,small,1214
2023-06-30,DPABHUSHAN,small,1215
2023-06-30,CHEVIOT,small,1216
2023-06-30,APEX,small,1217
2023-06-30,YUKEN,small,1218
2023-06-30,GANDHITUBE,small,1219
2023-06-30,SMSPHARMA,small,1220
2023-06-30,SYNCOMF,small,1221
2023-06-30,DECCANCE,small,1222
2023-06-30,SUKHJITS,small,1223
2023-06-30,VLSFINANCE,small,1225
2023-06-30,GFLLIMITED,small,1227
2023-06-30,JUBLINDS,small,1228
2023-06-30,SHREYAS,small,1229
2023-06-30,GHCLTEXTIL,small,1231
2023-06-30,MENONBE,small,1232
2023-06-30,TALBROAUTO,small,1233
2023-06-30,FOCUS,small,1236
2023-06-30,RUBYMILLS,small,1237
2023-06-30,MEDICO,small,1238
2023-06-30,NAGAFERT,small,1241
2023-06-30,ZEEMEDIA,small,1242
2023-06-30,MANINDS,small,1243
2023-06-30,ENIL,small,1244
2023-06-30,DCMSRIND,small,1245
2023-06-30,HPL,small,1247
2023-06-30,SNOWMAN,small,1248
2023-06-30,NAHARPOLY,small,1249
2023-06-30,BHAGERIA,small,1256
2023-06-30,ZUARI,small,1257
2023-06-30,DENORA,small,1258
2023-06-30,ELDEHSG,small,1259
2023-06-30,DHARMAJ,small,1260
2023-06-30,KECL,small,1261
2023-06-30,AURUM,small,1262
2023-06-30,3IINFOLTD,small,1263
2023-06-30,KAMOPAINTS,small,1264
2023-06-30,OSWALGREEN,small,1267
2023-06-30,ASIANTILES,small,1268
2023-06-30,CREATIVE,small,1270
2023-06-30,SPENCERS,small,1273
2023-06-30,WINDLAS,small,1274
2023-06-30,REPRO,small,1275
2023-06-30,SCPL,small,1276
2023-06-30,OSWALSEEDS,small,1280
2023-06-30,DPWIRES,small,1283
2023-06-30,BALAXI,small,1284
2023-06-30,SHREEPUSHK,small,1285
2023-06-30,RBL,small,1286
2023-06-30,IRISDOREME,small,1287
2023-06-30,APCL,small,1289
2023-06-30,KELLTONTEC,small,1290
2023-06-30,EXXARO,small,1291
2023-06-30,JAYAGROGN,small,1293
2023-06-30,JPOLYINVST,small,1294
2023-06-30,KANORICHEM,small,1295
2023-06-30,MARINE,small,1299
2023-06-30,NRL,small,1301
2023-06-30,HITECHGEAR,small,1304
2023-06-30,VIKASLIFE,small,1305
2023-06-30,DSSL,small,1306
2023-06-30,ASAL,small,1307
2023-06-30,CREST,small,1310
2023-06-30,ADSL,small,1311
2023-06-30,MALLCOM,small,1312
2023-06-30,JYOTISTRUC,small,1313
2023-06-30,ACL,small,1314
2023-06-30,BANSWRAS,small,1316
2023-06-30,KRITI,small,1318
2023-06-30,SWELECTES,small,1319
2023-06-30,ICEMAKE,small,1320
2023-06-30,MAGADSUGAR,small,1321
2023-06-30,CSLFINANCE,small,1322
2023-06-30,DIGISPICE,small,1323
2023-06-30,TBZ,small,1324
2023-06-30,MUTHOOTCAP,small,1326
2023-06-30,DONEAR,small,1327
2023-06-30,BBTCL,small,1330
2023-06-30,SALZERELEC,small,1331
2023-06-30,NAHARCAP,small,1340
2023-06-30,HCL-INSYS,small,1341
2023-06-30,AARTISURF,small,1342
2023-06-30,STCINDIA,small,1343
2023-06-30,IFBAGRO,small,1344
2023-06-30,ARIHANTCAP,small,1346
2023-06-30,UNIVPHOTO,small,1347
2023-06-30,4THDIM,small,1350
2023-06-30,MUNJALAU,small,1351
2023-06-30,RADIOCITY,small,1352
2023-06-30,GOACARBON,small,1353
2023-06-30,UNIDT,small,1354
2023-06-30,URJA,small,1355
2023-06-30,DYCL,small,1357
2023-06-30,SILVERTUC,small,1360
2023-06-30,PENINLAND,small,1361
2023-06-30,BIRLACABLE,small,1362
2023-06-30,SAKAR,small,1363
2023-06-30,NRAIL,small,1368
2023-06-30,PREMEXPLN,small,1370
2023-06-30,SREEL,small,1371
2023-06-30,PLASTIBLEN,small,1372
2023-06-30,THEINVEST,small,1374
2023-06-30,HTMEDIA,small,1375
2023-06-30,HINDCOMPOS,small,1376
2023-06-30,OSWALAGRO,small,1377
2023-06-30,ZIMLAB,small,1378
2023-06-30,RCOM,small,1379
2023-06-30,SKMEGGPROD,small,1382
2023-06-30,PTL,small,1383
2023-06-30,DHANBANK,small,1385
2023-06-30,BALAJITELE,small,1387
2023-06-30,GVKPIL,small,1388
2023-06-30,BAIDFIN,small,1390
2023-06-30,NAHARINDUS,small,1393
2023-06-30,RADHIKAJWE,small,1394
2023-06-30,NECLIFE,small,1395
2023-06-30,POCL,small,1396
2023-06-30,SELAN,small,1398
2023-06-30,KERNEX,small,1399
2023-06-30,PAVNAIND,small,1400
2023-06-30,REVATHI,small,1401
2023-06-30,VARDHACRLC,small,1403
2023-06-30,SHYAMCENT,small,1404
2023-06-30,GRPLTD,small,1405
2023-06-30,MAXIND,small,1408
2023-06-30,KAYA,small,1409
2023-06-30,JITFINFRA,small,1410
2023-06-30,NDLVENTURE,small,1411
2023-06-30,MUNJALSHOW,small,1412
2023-06-30,LIBERTSHOE,small,1413
2023-06-30,CHEMFAB,small,1414
2023-06-30,SAHYADRI,small,1415
2023-06-30,ORBTEXP,small,1416
2023-06-30,DHUNINV,small,1417
2023-06-30,RITCO,small,1419
2023-06-30,PDMJEPAPER,small,1420
2023-06-30,CHEMBOND,small,1421
2023-06-30,CONSOFINVT,small,1423
2023-06-30,FCSSOFT,small,1424
2023-06-30,OMINFRAL,small,1426
2023-06-30,NINSYS,small,1427
2023-06-30,INDSWFTLAB,small,1428
2023-06-30,HMVL,small,1429
2023-06-30,GLOBAL,small,1430
2023-06-30,RACE,small,1432
2023-06-30,KOTHARIPET,small,1433
2023-06-30,INDOBORAX,small,1435
2023-06-30,UNITECH,small,1438
2023-06-30,PROZONINTU,small,1439
2023-06-30,GENUSPAPER,small,1440
2023-06-30,KHADIM,small,1441
2023-06-30,BGRENERGY,small,1442
2023-06-30,ZUARIIND,small,1443
2023-06-30,SBC,small,1445
2023-06-30,INTLCONV,small,1446
2023-06-30,MMP,small,1448
2023-06-30,NDRAUTO,small,1449
2023-06-30,HIRECT,small,1450
2023-06-30,PPL,small,1451
2023-06-30,DEEPENR,small,1452
2023-06-30,PONNIERODE,small,1453
2023-06-30,NBIFIN,small,1454
2023-06-30,EIFFL,small,1457
2023-06-30,RAMAPHO,small,1458
2023-06-30,DELPHIFX,small,1459
2023-06-30,EQUIPPP,small,1460
2023-06-30,ARROWGREEN,small,1461
2023-06-30,MANORG,small,1462
2023-06-30,VIPCLOTHNG,small,1466
2023-06-30,ADVANIHOTR,small,1468
2023-06-30,KAMATHOTEL,small,1471
2023-06-30,DICIND,small,1472
2023-06-30,NURECA,small,1475
2023-06-30,GSS,small,1476
2023-06-30,SHEMAROO,small,1478
2023-06-30,CYBERTECH,small,1480
2023-06-30,MAWANASUG,small,1482
2023-06-30,RANASUG,small,1484
2023-06-30,SBGLP,small,1486
2023-06-30,SIGMA,small,1487
2023-06-30,GOYALALUM,small,1488
2023-06-30,ONEPOINT,small,1489
2023-06-30,PRIMESECU,small,1490
2023-06-30,ORICONENT,small,1491
2023-06-30,RAJMET,small,1492
2023-06-30,SOUTHWEST,small,1494
2023-06-30,CUPID,small,1495
2023-06-30,KOTHARIPRO,small,1497
2023-06-30,AYMSYNTEX,small,1498
2023-06-30,ASIANENE,small,1502
2023-06-30,DYNPRO,small,1505
2023-06-30,HITECHCORP,small,1506
2023-06-30,MSPL,small,1507
2023-06-30,JINDALPHOT,small,1508
2023-06-30,GKWLIMITED,small,1509
2023-06-30,CAREERP,small,1510
2023-06-30,MIRCELECTR,small,1515
2023-06-30,PARSVNATH,small,1516
2023-06-30,WEBELSOLAR,small,1517
2023-06-30,WEALTH,small,1518
2023-06-30,RUCHIRA,small,1519
2023-06-30,SKYGOLD,small,1520
2023-06-30,MICEL,small,1522
2023-06-30,SARLAPOLY,small,1523
2023-06-30,SILINV,small,1526
2023-06-30,CLEDUCATE,small,1528
2023-06-30,LYKALABS,small,1529
2023-06-30,APOLSINHOT,small,1532
2023-06-30,ALBERTDAVD,small,1535
2023-06-30,KOTARISUG,small,1537
2023-06-30,MINDTECK,small,1538
2023-06-30,LOYALTEX,small,1542
2023-06-30,ESSENTIA,small,1543
2023-06-30,GOKUL,small,1544
2023-06-30,ORIENTABRA,small,1546
2023-06-30,SAKUMA,small,1547
2023-06-30,MGEL,small,1550
2023-06-30,WALCHANNAG,small,1553
2023-06-30,SHIVAMAUTO,small,1555
2023-06-30,VIRINCHI,small,1556
2023-06-30,VISHWARAJ,small,1557
2023-06-30,HINDMOTORS,small,1558
2023-06-30,V2RETAIL,small,1559
2023-06-30,MACPOWER,small,1561
2023-06-30,WEL,small,1562
2023-06-30,OSIAHYPER,small,1564
2023-06-30,GEECEE,small,1566
2023-06-30,CINELINE,small,1567
2023-06-30,GPTINFRA,small,1569
2023-06-30,NATHBIOGEN,small,1570
2023-06-30,NDL,small,1571
2023-06-30,BIRLAMONEY,small,1573
2023-06-30,HUBTOWN,small,1574
2023-06-30,TRIGYN,small,1576
2023-06-30,PODDARMENT,small,1578
2023-06-30,BPL,small,1579
2023-06-30,WINDMACHIN,small,1580
2023-06-30,INDOTHAI,small,1584
2023-06-30,UFO,small,1587
2023-06-30,MAANALU,small,1589
2023-06-30,KCPSUGIND,small,1592
2023-06-30,20MICRONS,small,1594
2023-06-30,VIKASECO,small,1597
2023-06-30,BASML,small,1599
2023-06-30,SINTERCOM,small,1601
2023-06-30,DCMNVL,small,1605
2023-06-30,MAZDA,small,1610
2023-06-30,AVG,small,1612
2023-06-30,ASHIMASYN,small,1614
2023-06-30,REPL,small,1616
2023-06-30,MHLXMIRU,small,1617
2023-06-30,AUTOIND,small,1618
2023-06-30,PPAP,small,1619
2023-06-30,MAHEPC,small,1620
2023-06-30,TAKE,small,1624
2023-06-30,VERTOZ,small,1625
2023-06-30,TPLPLASTEH,small,1626
2023-06-30,PASUPTAC,small,1628
2023-06-30,SAKHTISUG,small,1632
2023-06-30,MEP,small,1634
2023-06-30,EMAMIREAL,small,1635
2023-06-30,EIMCOELECO,small,1636
2023-06-30,BCONCEPTS,small,1640
2023-06-30,STEL,small,1641
2023-06-30,UCALFUEL,small,1643
2023-06-30,STARPAPER,small,1644
2023-06-30,BRNL,small,1646
2023-06-30,NIPPOBATRY,small,1647
2023-06-30,KILITCH,small,1648
2023-06-30,COASTCORP,small,1649
2023-06-30,MANAKSTEEL,small,1654
2023-06-30,JAYSREETEA,small,1656
2023-06-30,GENCON,small,1659
2023-06-30,HILTON,small,1661
2023-06-30,ASAHISONG,small,1665
2023-06-30,SEJALLTD,small,1666
2023-06-30,KMSUGAR,small,1668
2023-06-30,VENUSREM,small,1670
2023-06-30,INDOTECH,small,1671
2023-06-30,MEGASTAR,small,1672
2023-06-30,SUPERHOUSE,small,1673
2023-06-30,INDTERRAIN,small,1677
2023-06-30,DEVIT,small,1685
2023-06-30,E2E,small,1686
2023-06-30,EROSMEDIA,small,1691
2023-06-30,LATTEYS,small,1693
2023-06-30,SHREYANIND,small,1698
2023-06-30,ZODIACLOTH,small,1699
2023-06-30,SMLT,small,1701
2023-06-30,PVP,small,1702
2023-06-30,RAJTV,small,1703
2023-06-30,BIL,small,1705
2023-06-30,LOKESHMACH,small,1707
2023-06-30,ABAN,small,1708
2023-06-30,DANGEE,small,1710
2023-06-30,KRITINUT,small,1711
2023-06-30,SIMPLEXINF,small,1712
2023-06-30,RELCAPITAL,small,1713
2023-06-30,ASIANHOTNR,small,1717
2023-06-30,SVPGLOB,small,1720
2023-06-30,HARRMALAYA,small,1721
2023-06-30,GUJAPOLLO,small,1722
2023-06-30,MARALOVER,small,1723
2023-06-30,BAFNAPH,small,1727
2023-06-30,TOTAL,small,1728
2023-06-30,LGBFORGE,small,1729
2023-06-30,ARIES,small,1730
2023-06-30,ACCURACY,small,1731
2023-06-30,INSPIRISYS,small,1733
2023-06-30,MEGASOFT,small,1735
2023-06-30,MCLEODRUSS,small,1736
2023-06-30,NILAINFRA,small,1737
2023-06-30,ANMOL,small,1738
2023-06-30,DTIL,small,1739
2023-06-30,ATAM,small,1740
2023-06-30,MURUDCERA,small,1742
2023-06-30,IEL,small,1743
2023-06-30,MAHESHWARI,small,1746
2023-06-30,BTML,small,1751
2023-06-30,IVC,small,1753
2023-06-30,TEMBO,small,1756
2023-06-30,DUCON,small,1757
2023-06-30,UNITEDPOLY,small,1759
2023-06-30,MODISONLTD,small,1760
2023-06-30,SAH,small,1761
2023-06-30,PRECOT,small,1762
2023-06-30,IITL,small,1764
2023-06-30,PAR,small,1765
2023-06-30,MANOMAY,small,1766
2023-06-30,AHLEAST,small,1770
2023-06-30,MBLINFRA,small,1772
2023-06-30,SARVESHWAR,small,1775
2023-06-30,VINNY,small,1778
2023-06-30,GOLDTECH,small,1780
2023-06-30,FCONSUMER,small,1781
2023-06-30,AARVI,small,1783
2023-06-30,AARON,small,1785
2023-06-30,SADBHAV,small,1788
2023-06-30,GINNIFILA,small,1790
2023-06-30,AIRAN,small,1792
2023-06-30,KANPRPLA,small,1798
2023-06-30,SGIL,small,1799
2023-06-30,BROOKS,small,1800
2023-06-30,ISFT,small,1801
2023-06-30,RAMANEWS,small,1803
2023-06-30,ESSARSHPNG,small,1806
2023-06-30,SVLL,small,1808
2023-06-30,PRESSMN,small,1809
2023-06-30,RUCHINFRA,small,1813
2023-06-30,GULFPETRO,small,1815
2023-06-30,SPLIL,small,1819
2023-06-30,TIPSFILMS,small,1821
2023-06-30,AKSHARCHEM,small,1823
2023-06-30,BHARATGEAR,small,1827
2023-06-30,ALANKIT,small,1828
2023-06-30,SIL,small,1829
2023-06-30,PREMIERPOL,small,1830
2023-06-30,BSL,small,1831
2023-06-30,TRF,small,1834
2023-06-30,VETO,small,1835
2023-06-30,PILITA,small,1836
2023-06-30,PRITI,small,1840
2023-06-30,BEDMUTHA,small,1841
2023-06-30,RPPL,small,1843
2023-06-30,KBCGLOBAL,small,1844
2023-06-30,WSI,small,1845
2023-06-30,ELGIRUBCO,small,1847
2023-06-30,MANGALAM,small,1852
2023-06-30,VIPULLTD,small,1853
2023-06-30,PALREDTEC,small,1857
2023-06-30,VISESHINFO,small,1859
2023-06-30,EMKAY,small,1862
2023-06-30,ALMONDZ,small,1863
2023-06-30,ANSALAPI,small,1867
2023-06-30,INVENTURE,small,1868
2023-06-30,RNAVAL,small,1870
2023-06-30,KOHINOOR,small,1873
2023-06-30,USK,small,1876
2023-06-30,ASPINWALL,small,1878
2023-06-30,SMSLIFE,small,1880
2023-06-30,ATALREAL,small,1881
2023-06-30,DRCSYSTEMS,small,1882
2023-06-30,KREBSBIO,small,1884
2023-06-30,RHL,small,1885
2023-06-30,XELPMOC,small,1888
2023-06-30,HDIL,small,1889
2023-06-30,IZMO,small,1890
2023-06-30,ARSHIYA,small,1891
2023-06-30,TOUCHWOOD,small,1892
2023-06-30,PRAXIS,small,1894
2023-06-30,IL&FSENGG,small,1897
2023-06-30,RPPINFRA,small,1898
2023-06-30,FRETAIL,small,1900
2023-06-30,LOVABLE,small,1902
2023-06-30,ZODIAC,small,1906
2023-06-30,TTL,small,1910
2023-06-30,RANEENGINE,small,1913
2023-06-30,DCI,small,1915
2023-06-30,BYKE,small,1916
2023-06-30,DJML,small,1917
2023-06-30,AKSHAR,small,1918
2023-06-30,MODIRUBBER,small,1919
2023-06-30,LAMBODHARA,small,1920
2023-06-30,TEXMOPIPES,small,1921
2023-06-30,JOCIL,small,1926
2023-06-30,WEIZMANIND,small,1927
2023-06-30,SOFTTECH,small,1928
2023-06-30,WORTH,small,1931
2023-06-30,GEEKAYWIRE,small,1932
2023-06-30,EMMBI,small,1933
2023-06-30,SHIVATEX,small,1938
2023-06-30,BHAGYANGR,small,1939
2023-06-30,ALPHAGEO,small,1941
2023-06-30,UMAEXPORTS,small,1942
2023-06-30,AVONMORE,small,1943
2023-06-30,KAKATCEM,small,1945
2023-06-30,LAL,small,1951
2023-06-30,MAHAPEXLTD,small,1953
2023-06-30,NITCO,small,1958
2023-06-30,JMA,small,1959
2023-06-30,BOHRAIND,small,1960
2023-06-30,VAISHALI,small,1961
2023-06-30,IRIS,small,1964
2023-06-30,AKSHOPTFBR,small,1966
2023-06-30,ARTNIRMAN,small,1969
2023-06-30,SADBHIN,small,1971
2023-06-30,IVP,small,1972
2023-06-30,SMARTLINK,small,1975
2023-06-30,INTENTECH,small,1976
2023-06-30,NDGL,small,1978
2023-06-30,RHFL,small,1980
2023-06-30,COMPUSOFT,small,1981
2023-06-30,LOTUSEYE,small,1983
2023-06-30,RKEC,small,1984
2023-06-30,PANSARI,small,1986
2023-06-30,GILLANDERS,small,1989
2023-06-30,TIL,small,1991
2023-06-30,TARMAT,small,1993
2023-06-30,PRITIKAUTO,small,1994
2023-06-30,WANBURY,small,1995
2023-06-30,SALSTEEL,small,1999
2023-06-30,RVHL,small,2001
2023-06-30,SPTL,small,2004
2023-06-30,KAPSTON,small,2005
2023-06-30,VISASTEEL,small,2007
2023-06-30,MANAKALUCO,small,2009
2023-06-30,RAJSREESUG,small,2012
2023-06-30,ZEELEARN,small,2013
2023-06-30,INDOWIND,small,2015
2023-06-30,AKI,small,2016
2023-06-30,UNITEDTEA,small,2022
2023-06-30,SECURKLOUD,small,2023
2023-06-30,SIKKO,small,2024
2023-06-30,DCM,small,2025
2023-06-30,DIL,small,2029
2023-06-30,INDIANCARD,small,2031
2023-06-30,A2ZINFRA,small,2032
2023-06-30,OBCL,small,2034
2023-06-30,YAARI,small,2035
2023-06-30,SPMLINFRA,small,2037
2023-06-30,NOIDATOLL,small,2038
2023-06-30,COMPINFO,small,2040
2023-06-30,SURANAT&P,small,2042
2023-06-30,CORALFINAC,small,2043
2023-06-30,AVROIND,small,2046
2023-06-30,SALONA,small,2049
2023-06-30,UMANGDAIRY,small,2050
2023-06-30,ARCHIDPLY,small,2056
2023-06-30,RELCHEMQ,small,2057
2023-06-30,AHLADA,small,2058
2023-06-30,REMSONSIND,small,2059
2023-06-30,LEXUS,small,2061
2023-06-30,ALPA,small,2063
2023-06-30,SUNDRMBRAK,small,2069
2023-06-30,BALPHARMA,small,2070
2023-06-30,STARTECK,small,2073
2023-06-30,SREINFRA,small,2077
2023-06-30,ASTRON,small,2084
2023-06-30,BLBLIMITED,small,2085
2023-06-30,MAGNUM,small,2086
2023-06-30,FLFL,small,2089
2023-06-30,ATLANTA,small,2091
2023-06-30,GAYAPROJ,small,2105
2023-06-30,ARVEE,small,2111
2023-06-30,CAPTRUST,small,2114
2023-06-30,TIRUPATIFL,small,2115
2023-06-30,JHS,small,2116
2023-06-30,CCHHL,small,2118
2023-06-30,NIRAJ,small,2120
2023-06-30,IL&FSTRANS,small,2121
2023-06-30,MUKTAARTS,small,2128
2023-06-30,NILASPACES,small,2129
2023-06-30,ALKALI,small,2130
2023-06-30,SIGIND,small,2131
2023-06-30,SUNDARAM,small,2132
2023-06-30,LASA,small,2133
2023-06-30,INDBANK,small,2136
2023-06-30,MOTOGENFIN,small,2140
2023-06-30,ROML,small,2142
2023-06-30,AIROLAM,small,2144
2023-06-30,SUULD,small,2149
2023-06-30,NECCLTD,small,2153
2023-06-30,CTE,small,2154
2023-06-30,MANAKCOAT,small,2157
2023-06-30,KRITIKA,small,2159
2023-06-30,PALASHSECU,small,2160
2023-06-30,OMAXAUTO,small,2162
2023-06-30,GANGESSECU,small,2164
2023-06-30,AMDIND,small,2169
2023-06-30,WELINV,small,2170
2023-06-30,MRO-TEK,small,2173
2023-06-30,SETCO,small,2174
2023-06-30,TAINWALCHM,small,2176
2023-06-30,DAMODARIND,small,2180
2023-06-30,STAMPEDE,small,2181
2023-06-30,SURYALAXMI,small,2182
2023-06-30,SRPL,small,2184
2023-06-30,MAHASTEEL,small,2185
2023-06-30,CEREBRAINT,small,2186
2023-06-30,DIGJAMLMTD,small,2190
2023-06-30,KSHITIJPOL,small,2191
2023-06-30,SECURCRED,small,2192
2023-06-30,SHAHALLOYS,small,2196
2023-06-30,AMJLAND,small,2198
2023-06-30,SUMIT,small,2199
2023-06-30,UNIVASTU,small,2206
2023-06-30,INCREDIBLE,small,2207
2023-06-30,SITINET,small,2210
2023-06-30,JAIPURKURT,small,2214
2023-06-30,FIBERWEB,small,2224
2023-06-30,CORDSCABLE,small,2225
2023-06-30,SURANASOL,small,2227
2023-06-30,AKG,small,2229
2023-06-30,SIMBHALS,small,2233
2023-06-30,PIONEEREMB,small,2238
2023-06-30,SONAMCLOCK,small,2242
2023-06-30,HPIL,small,2245
2023-06-30,GAL,small,2247
2023-06-30,LAGNAM,small,2248
2023-06-30,HINDNATGLS,small,2249
2023-06-30,ANIKINDS,small,2252
2023-06-30,GTL,small,2253
2023-06-30,STEELCITY,small,2254
2023-06-30,SHRADHA,small,2258
2023-06-30,DGCONTENT,small,2259
2023-06-30,MITCON,small,2260
2023-06-30,GOLDENTOBC,small,2262
2023-06-30,GROBTEA,small,2266
2023-06-30,HINDCON,small,2276
2023-06-30,TOKYOPLAST,small,2278
2023-06-30,BEARDSELL,small,2281
2023-06-30,PRAENG,small,2285
2023-06-30,KALYANIFRG,small,2290
2023-06-30,ELECTHERM,small,2300
2023-06-30,AUSOMENT,small,2301
2023-06-30,BAGFILMS,small,2302
2023-06-30,SUVIDHAA,small,2303
2023-06-30,DBSTOCKBRO,small,2305
2023-06-30,ASMS,small,2307
2023-06-30,LPDC,small,2308
2023-06-30,AJRINFRA,small,2310
2023-06-30,ENERGYDEV,small,2314
2023-06-30,NGIL,small,2315
2023-06-30,GISOLUTION,small,2319
2023-06-30,PATINTLOG,small,2320
2023-06-30,SHREERAMA,small,2324
2023-06-30,PIGL,small,2331
2023-06-30,BANKA,small,2332
2023-06-30,PKTEA,small,2338
2023-06-30,DHRUV,small,2339
2023-06-30,PODDARHOUS,small,2340
2023-06-30,GLOBALVECT,small,2341
2023-06-30,DELTAMAGNT,small,2342
2023-06-30,PRAKASHSTL,small,2349
2023-06-30,PANACHE,small,2350
2023-06-30,AAREYDRUGS,small,2357
2023-06-30,MCL,small,2358
2023-06-30,HISARMETAL,small,2359
2023-06-30,KANANIIND,small,2360
2023-06-30,CELEBRITY,small,2363
2023-06-30,TREJHARA,small,2367
2023-06-30,NITIRAJ,small,2368
2023-06-30,WIPL,small,2369
2023-06-30,CENTEXT,small,2370
2023-06-30,BIOFILCHEM,small,2379
2023-06-30,AGROPHOS,small,2387
2023-06-30,FLEXITUFF,small,2389
2023-06-30,OILCOUNTUB,small,2392
2023-06-30,RSSOFTWARE,small,2393
2023-06-30,SOMATEX,small,2394
2023-06-30,AAATECH,small,2396
2023-06-30,ARCHIES,small,2399
2023-06-30,SHRENIK,small,2400
2023-06-30,BHANDARI,small,2410
2023-06-30,SHIVAMILLS,small,2413
2023-06-30,MARSHALL,small,2418
2023-06-30,MORARJEE,small,2420
2023-06-30,FSC,small,2424
2023-06-30,VARDMNPOLY,small,2425
2023-06-30,MBECL,small,2438
2023-06-30,TREEHOUSE,small,2443
2023-06-30,SKIL,small,2446
2023-06-30,CINEVISTA,small,2449
2023-06-30,FEL,small,2458
2023-06-30,KEYFINSERV,small,2463
2023-06-30,SEYAIND,small,2466
2023-06-30,BVCL,small,2473
2023-06-30,AAKASH,small,2474
2023-06-30,AROGRANITE,small,2486
2023-06-30,VASWANI,small,2489
2023-06-30,BIRLATYRE,small,2491
2023-06-30,REGENCERAM,small,2495
2023-06-30,ANKITMETAL,small,2503
2023-06-30,ZENITHSTL,small,2504
2023-06-30,VIVIMEDLAB,small,2510
2023-06-30,SEPOWER,small,2516
2023-06-30,ORIENTLTD,small,2524
2023-06-30,JETFREIGHT,small,2527
2023-06-30,BINANIIND,small,2528
2023-06-30,EXCEL,small,2529
2023-06-30,AGRITECH,small,2532
2023-06-30,SUPREMEINF,small,2535
2023-06-30,SAMBHAAV,small,2543
2023-06-30,MOKSH,small,2560
2023-06-30,HOVS,small,2562
2023-06-30,BANG,small,2571
2023-06-30,MALUPAPER,small,2573
2023-06-30,BANARBEADS,small,2587
2023-06-30,PNC,small,2598
2023-06-30,JBFIND,small,2607
2023-06-30,MANUGRAPH,small,2614
2023-06-30,AARVEEDEN,small,2618
2023-06-30,SOMICONVEY,small,2621
2023-06-30,TERASOFT,small,2632
2023-06-30,ZENITHEXPO,small,2633
2023-06-30,ABMINTLLTD,small,2637
2023-06-30,CUBEXTUB,small,2638
2023-06-30,TECILCHEM,small,2639
2023-06-30,GLOBE,small,2643
2023-06-30,INDSWFTLTD,small,2645
2023-06-30,ARSSINFRA,small,2649
2023-06-30,GODHA,small,2674
2023-06-30,NAGREEKEXP,small,2677
2023-06-30,TIMESGTY,small,2678
2023-06-30,KHANDSE,small,2683
2023-06-30,ACEINTEG,small,2686
2023-06-30,AKASH,small,2692
2023-06-30,NIBL,small,2694
2023-06-30,VINEETLAB,small,2695
2023-06-30,AJOONI,small,2703
2023-06-30,GANGAFORGE,small,2724
2023-06-30,UJAAS,small,2730
2023-06-30,WEWIN,small,2746
2023-06-30,AMBICAAGAR,small,2748
2023-06-30,ASHOKAMET,small,2764
2023-06-30,KEERTI,small,2771
2023-06-30,BURNPUR,small,2779
2023-06-30,SUPERSPIN,small,2784
2023-06-30,SGL,small,2796
2023-06-30,3PLAND,small,2798
2023-06-30,SAGARDEEP,small,2803
2023-06-30,ADROITINFO,small,2808
2023-06-30,ROLTA,small,2817
2023-06-30,SANWARIA,small,2818
2023-06-30,PEARLPOLY,small,2834
2023-06-30,CROWN,small,2835
2023-06-30,RKDL,small,2838
2023-06-30,KARMAENG,small,2844
2023-06-30,MADHAV,small,2851
2023-06-30,LIBAS,small,2861
2023-06-30,ADL,small,2865
2023-06-30,NEXTMEDIA,small,2876
2023-06-30,HECPROJECT,small,2879
2023-06-30,LFIC,small,2880
2023-06-30,MTEDUCARE,small,2882
2023-06-30,LAXMICOT,small,2884
2023-06-30,MADHUCON,small,2895
2023-06-30,HBSL,small,2900
2023-06-30,SANGINITA,small,2915
2023-06-30,BALKRISHNA,small,2929
2023-06-30,DNAMEDIA,small,2930
2023-06-30,ICDSLTD,small,2938
2023-06-30,TFL,small,2943
2023-06-30,HYBRIDFIN,small,2957
2023-06-30,SUMEETINDS,small,2960
2023-06-30,COUNCODOS,small,2961
2023-06-30,GOENKA,small,2971
2023-06-30,DHARSUGAR,small,2976
2023-06-30,KEEPLEARN,small,2978
2023-06-30,PARASPETRO,small,2984
2023-06-30,HEADSUP,small,3009
2023-06-30,TGBHOTELS,small,3013
2023-06-30,NARMADA,small,3025
2023-06-30,HAVISHA,small,3027
2023-06-30,ROLLT,small,3036
2023-06-30,VCL,small,3042
2023-06-30,FMNL,small,3046
2023-06-30,VIVIDHA,small,3052
2023-06-30,IMPEXFERRO,small,3064
2023-06-30,CYBERMEDIA,small,3085
2023-06-30,KRIDHANINF,small,3115
2023-06-30,TNTELE,small,3127
2023-06-30,THOMASCOTT,small,3132
2023-06-30,NAGREEKCAP,small,3141
2023-06-30,CALSOFT,small,3147
2023-06-30,INFOMEDIA,small,3150
2023-06-30,NKIND,small,3161
2023-06-30,SUPREMEENG,small,3186
2023-06-30,UNIINFO,small,3189
2023-06-30,EDUCOMP,small,3193
2023-06-30,WILLAMAGOR,small,3198
2023-06-30,CMICABLES,small,3202
2023-06-30,LCCINFOTEC,small,3209
2023-06-30,KHAITANLTD,small,3215
2023-06-30,TANTIACONS,small,3225
2023-06-30,SILGO,small,3237
2023-06-30,EASTSILK,small,3245
2023-06-30,MOHITIND,small,3249
2023-06-30,SILLYMONKS,small,3250
2023-06-30,21STCENMGM,small,3263
2023-06-30,ORIENTALTL,small,3270
2023-06-30,SPYL,small,3272
2023-06-30,OMKARCHEM,small,3278
2023-06-30,VIJIFIN,small,3290
2023-06-30,SHANTI,small,3301
2023-06-30,GAYAHWS,small,3313
2023-06-30,S&SPOWER,small,3316
2023-06-30,GFSTEELS,small,3322
2023-06-30,MASKINVEST,small,3332
2023-06-30,MITTAL,small,3351
2023-06-30,ONELIFECAP,small,3371
2023-06-30,ORTINLAB,small,3376
2023-06-30,TIJARIA,small,3380
2023-06-30,RMCL,small,3407
2023-06-30,KAUSHALYA,small,3441
2023-06-30,GUJRAFFIA,small,3443
2023-06-30,METALFORGE,small,3453
2023-06-30,LYPSAGEMS,small,3501
2023-06-30,SETUINFRA,small,3503
2023-06-30,TECHIN,small,3547
2023-06-30,KAVVERITEL,small,3591
2023-06-30,SPENTEX,small,3594
2023-06-30,KALYANI,small,3626
2023-06-30,PDPL,small,3630
2023-06-30,EUROTEXIND,small,3642
2023-06-30,SANCO,small,3675
2023-06-30,ARENTERP,small,3676
2023-06-30,ANTGRAPHIC,small,3682
2023-06-30,UMESLTD,small,3699
2023-06-30,NORBTEAEXP,small,3725
2023-06-30,VICEROY,small,3732
2023-06-30,SHYAMTEL,small,3750
2023-06-30,RADAAN,small,3798
2023-06-30,DCMFINSERV,small,3826
2023-06-30,UNIVAFOODS,small,3835
2023-06-30,TARAPUR,small,3840
2023-06-30,TVVISION,small,3847
2023-06-30,CREATIVEYE,small,3855
2023-06-30,PREMIER,small,3906
2023-06-30,GLFL,small,3943
2023-06-30,BLUECOAST,small,3988
2023-06-30,ALPSINDUS,small,3992
2023-06-30,NIRAJISPAT,small,4044
2023-06-30,BKMINDST,small,4086
2023-06-30,SABTN,small,4116
2023-06-30,LAKPRE,small,4220
2023-06-30,BGLOBAL,small,4277
2023-06-30,TCIFINANCE,small,4339
2023-06-30,SABEVENTS,small,4381
2023-06-30,INDLMETER,small,4407
2023-06-30,MELSTAR,small,4427
2023-06-30,ORTEL,small,4463
2023-06-30,GANGOTRI,small,4507
2023-06-30,QUINTEGRA,small,4601
2023-06-30,RAJVIR,small,4627
2023-06-30,BLUECHIP,small,4638
2023-12-31,RELIANCE,large,1
2023-12-31,TCS,large,2
2023-12-31,HDFCBANK,large,3
2023-12-31,ICICIBANK,large,4
2023-12-31,HINDUNILVR,large,5
2023-12-31,INFY,large,6
2023-12-31,ITC,large,7
2023-12-31,BHARTIARTL,large,8
2023-12-31,SBIN,large,9
2023-12-31,BAJFINANCE,large,10
2023-12-31,LICI,large,11
2023-12-31,LT,large,12
2023-12-31,KOTAKBANK,large,13
2023-12-31,HCLTECH,large,14
2023-12-31,AXISBANK,large,15
2023-12-31,ASIANPAINT,large,16
2023-12-31,MARUTI,large,17
2023-12-31,TITAN,large,18
2023-12-31,ADANIENT,large,19
2023-12-31,SUNPHARMA,large,20
2023-12-31,BAJAJFINSV,large,21
2023-12-31,ULTRACEMCO,large,22
2023-12-31,DMART,large,23
2023-12-31,TATAMOTORS,large,24
2023-12-31,ONGC,large,25
2023-12-31,NTPC,large,26
2023-12-31,NESTLEIND,large,27
2023-12-31,WIPRO,large,28
2023-12-31,M&M,large,29
2023-12-31,JSWSTEEL,large,30
2023-12-31,POWERGRID,large,31
2023-12-31,ADANIPORTS,large,32
2023-12-31,COALINDIA,large,33
2023-12-31,ADANIGREEN,large,34
2023-12-31,LTIM,large,35
2023-12-31,TATASTEEL,large,36
2023-12-31,BAJAJ-AUTO,large,37
2023-12-31,JIOFIN,large,38
2023-12-31,IOC,large,39
2023-12-31,HAL,large,40
2023-12-31,ADANIPOWER,large,41
2023-12-31,HDFCLIFE,large,42
2023-12-31,DLF,large,43
2023-12-31,SBILIFE,large,44
2023-12-31,HINDZINC,large,45
2023-12-31,SIEMENS,large,46
2023-12-31,PIDILITIND,large,47
2023-12-31,GRASIM,large,48
2023-12-31,VBL,large,49
2023-12-31,TECHM,large,50
2023-12-31,BRITANNIA,large,51
2023-12-31,INDUSINDBK,large,52
2023-12-31,HINDALCO,large,53
2023-12-31,BANKBARODA,large,54
2023-12-31,GODREJCP,large,55
2023-12-31,BEL,large,56
2023-12-31,INDIGO,large,57
2023-12-31,DABUR,large,58
2023-12-31,DIVISLAB,large,59
2023-12-31,EICHERMOT,large,60
2023-12-31,CIPLA,large,61
2023-12-31,CHOLAFIN,large,62
2023-12-31,ADANIENSOL,large,63
2023-12-31,DRREDDY,large,64
2023-12-31,SHREECEM,large,65
2023-12-31,ABB,large,66
2023-12-31,VEDL,large,67
2023-12-31,ZOMATO,large,68
2023-12-31,AMBUJACEM,large,69
2023-12-31,PFC,large,70
2023-12-31,IRFC,large,71
2023-12-31,HAVELLS,large,72
2023-12-31,TATACONSUM,large,73
2023-12-31,BPCL,large,74
2023-12-31,TATAPOWER,large,75
2023-12-31,GAIL,large,76
2023-12-31,BAJAJHLDNG,large,77
2023-12-31,PNB,large,78
2023-12-31,ICICIPRULI,large,79
2023-12-31,TRENT,large,80
2023-12-31,LODHA,large,81
2023-12-31,SBICARD,large,82
2023-12-31,POLYCAB,large,83
2023-12-31,ATGL,large,84
2023-12-31,MCDOWELL-N,large,85
2023-12-31,TVSMOTOR,large,86
2023-12-31,APOLLOHOSP,large,87
2023-12-31,RECLTD,large,88
2023-12-31,MANKIND,large,89
2023-12-31,SHRIRAMFIN,large,90
2023-12-31,UNIONBANK,large,91
2023-12-31,MARICO,large,92
2023-12-31,IOB,large,93
2023-12-31,IDBI,large,94
2023-12-31,SRF,large,95
2023-12-31,JINDALSTEL,large,96
2023-12-31,BERGEPAINT,large,97
2023-12-31,ICICIGI,large,98
2023-12-31,CANBK,large,99
2023-12-31,TORNTPHARM,large,100
2023-12-31,HEROMOTOCO,mid,101
2023-12-31,MOTHERSON,mid,102
2023-12-31,CGPOWER,mid,103
2023-12-31,ZYDUSLIFE,mid,104
2023-12-31,JSWENERGY,mid,105
2023-12-31,TIINDIA,mid,106
2023-12-31,IDFCFIRSTB,mid,107
2023-12-31,BOSCHLTD,mid,108
2023-12-31,MAXHEALTH,mid,109
2023-12-31,NAUKRI,mid,110
2023-12-31,INDHOTEL,mid,111
2023-12-31,HDFCAMC,mid,112
2023-12-31,COLPAL,mid,113
2023-12-31,IRCTC,mid,114
2023-12-31,PIIND,mid,115
2023-12-31,PGHH,mid,116
2023-12-31,NHPC,mid,117
2023-12-31,PAYTM,mid,118
2023-12-31,IDEA,mid,119
2023-12-31,MUTHOOTFIN,mid,120
2023-12-31,SUPREMEIND,mid,121
2023-12-31,AUROPHARMA,mid,122
2023-12-31,ASHOKLEY,mid,123
2023-12-31,YESBANK,mid,124
2023-12-31,ASTRAL,mid,125
2023-12-31,LUPIN,mid,126
2023-12-31,CUMMINSIND,mid,127
2023-12-31,TATACOMM,mid,128
2023-12-31,INDIANB,mid,129
2023-12-31,TATATECH,mid,130
2023-12-31,AUBANK,mid,132
2023-12-31,PATANJALI,mid,133
2023-12-31,BHARATFORG,mid,134
2023-12-31,INDUSTOWER,mid,135
2023-12-31,BALKRISIND,mid,136
2023-12-31,LINDEINDIA,mid,137
2023-12-31,TATAELXSI,mid,138
2023-12-31,SCHAEFFLER,mid,139
2023-12-31,ALKEM,mid,140
2023-12-31,GODREJPROP,mid,141
2023-12-31,LTTS,mid,142
2023-12-31,AWL,mid,143
2023-12-31,ABCAPITAL,mid,144
2023-12-31,MRF,mid,145
2023-12-31,SOLARINDS,mid,146
2023-12-31,UPL,mid,147
2023-12-31,BHEL,mid,148
2023-12-31,PERSISTENT,mid,149
2023-12-31,CONCOR,mid,150
2023-12-31,MPHASIS,mid,151
2023-12-31,APLAPOLLO,mid,152
2023-12-31,OBEROIRLTY,mid,153
2023-12-31,NMDC,mid,154
2023-12-31,NYKAA,mid,155
2023-12-31,PAGEIND,mid,156
2023-12-31,UCOBANK,mid,157
2023-12-31,UBL,mid,158
2023-12-31,JSWINFRA,mid,159
2023-12-31,HINDPETRO,mid,160
2023-12-31,GICRE,mid,161
2023-12-31,DALBHARAT,mid,162
2023-12-31,BANKINDIA,mid,163
2023-12-31,MAZDOCK,mid,164
2023-12-31,FACT,mid,165
2023-12-31,SAIL,mid,166
2023-12-31,JSL,mid,167
2023-12-31,SUZLON,mid,168
2023-12-31,BANDHANBNK,mid,169
2023-12-31,ACC,mid,170
2023-12-31,CENTRALBK,mid,171
2023-12-31,M&MFIN,mid,172
2023-12-31,TORNTPOWER,mid,173
2023-12-31,UNOMINDA,mid,174
2023-12-31,OFSS,mid,175
2023-12-31,GMRINFRA,mid,176
2023-12-31,STARHEALTH,mid,177
2023-12-31,HONAUT,mid,178
2023-12-31,JUBLFOOD,mid,179
2023-12-31,ESCORTS,mid,180
2023-12-31,PHOENIXLTD,mid,181
2023-12-31,3MINDIA,mid,182
2023-12-31,POLICYBZR,mid,183
2023-12-31,KPITTECH,mid,184
2023-12-31,L&TFH,mid,185
2023-12-31,FEDERALBNK,mid,186
2023-12-31,AIAENG,mid,187
2023-12-31,SONACOMS,mid,188
2023-12-31,SUNDARMFIN,mid,189
2023-12-31,PETRONET,mid,190
2023-12-31,THERMAX,mid,191
2023-12-31,COROMANDEL,mid,192
2023-12-31,COFORGE,mid,193
2023-12-31,FLUOROCHEM,mid,194
2023-12-31,OIL,mid,195
2023-12-31,RVNL,mid,196
2023-12-31,METROBRAND,mid,197
2023-12-31,MANYAVAR,mid,198
2023-12-31,MFSL,mid,199
2023-12-31,IGL,mid,200
2023-12-31,DIXON,mid,201
2023-12-31,SYNGENE,mid,202
2023-12-31,GUJGASLTD,mid,203
2023-12-31,BIOCON,mid,204
2023-12-31,POONAWALLA,mid,205
2023-12-31,DELHIVERY,mid,206
2023-12-31,PRESTIGE,mid,207
2023-12-31,MAHABANK,mid,208
2023-12-31,CRISIL,mid,209
2023-12-31,DEEPAKNTR,mid,210
2023-12-31,LLOYDSME,mid,211
2023-12-31,ZFCVINDIA,mid,212
2023-12-31,VOLTAS,mid,213
2023-12-31,SJVN,mid,214
2023-12-31,MSUMI,mid,215
2023-12-31,PSB,mid,216
2023-12-31,KALYANKJIL,mid,217
2023-12-31,SUNDRMFAST,mid,218
2023-12-31,KANSAINER,mid,219
2023-12-31,FORTIS,mid,220
2023-12-31,JKCEMENT,mid,221
2023-12-31,GLAND,mid,222
2023-12-31,APOLLOTYRE,mid,223
2023-12-31,TATACHEM,mid,224
2023-12-31,GLAXO,mid,225
2023-12-31,KPRMILL,mid,226
2023-12-31,NIACL,mid,227
2023-12-31,LICHSGFIN,mid,228
2023-12-31,SKFINDIA,mid,229
2023-12-31,HATSUN,mid,230
2023-12-31,ZEEL,mid,231
2023-12-31,IREDA,mid,232
2023-12-31,IPCALAB,mid,233
2023-12-31,GRINDWELL,mid,234
2023-12-31,SUNTV,mid,235
2023-12-31,TIMKEN,mid,236
2023-12-31,KEI,mid,237
2023-12-31,PEL,mid,238
2023-12-31,CREDITACC,mid,239
2023-12-31,DEVYANI,mid,240
2023-12-31,ENDURANCE,mid,241
2023-12-31,RELAXO,mid,243
2023-12-31,IIFL,mid,244
2023-12-31,EXIDEIND,mid,245
2023-12-31,NAM-INDIA,mid,246
2023-12-31,AJANTPHARM,mid,247
2023-12-31,RAMCOCEM,mid,248
2023-12-31,NH,mid,249
2023-12-31,GLENMARK,mid,250
2023-12-31,EMAMILTD,small,251
2023-12-31,CARBORUNIV,small,252
2023-12-31,JBCHEPHARM,small,253
2023-12-31,KAJARIACER,small,254
2023-12-31,FIVESTAR,small,255
2023-12-31,BATAINDIA,small,256
2023-12-31,BDL,small,257
2023-12-31,ISEC,small,258
2023-12-31,MEDANTA,small,259
2023-12-31,ABFRL,small,260
2023-12-31,LAURUSLABS,small,261
2023-12-31,SUMICHEM,small,262
2023-12-31,LALPATHLAB,small,263
2023-12-31,NAVINFLUOR,small,264
2023-12-31,ATUL,small,265
2023-12-31,RATNAMANI,small,266
2023-12-31,NLCINDIA,small,267
2023-12-31,BSE,small,268
2023-12-31,GODREJIND,small,269
2023-12-31,WHIRLPOOL,small,270
2023-12-31,CHOLAHLDNG,small,271
2023-12-31,GILLETTE,small,272
2023-12-31,IRB,small,273
2023-12-31,360ONE,small,274
2023-12-31,IDFC,small,275
2023-12-31,ITI,small,276
2023-12-31,CYIENT,small,277
2023-12-31,CROMPTON,small,278
2023-12-31,POWERINDIA,small,279
2023-12-31,APARINDS,small,280
2023-12-31,ANGELONE,small,281
2023-12-31,CIEINDIA,small,282
2023-12-31,VINATIORGA,small,283
2023-12-31,TRIDENT,small,284
2023-12-31,PNBHOUSING,small,285
2023-12-31,AARTIIND,small,286
2023-12-31,RADICO,small,287
2023-12-31,PFIZER,small,288
2023-12-31,MRPL,small,289
2023-12-31,NATIONALUM,small,290
2023-12-31,INDIAMART,small,291
2023-12-31,KIOCL,small,292
2023-12-31,TTML,small,293
2023-12-31,BLUESTARCO,small,294
2023-12-31,RRKABEL,small,295
2023-12-31,SANOFI,small,296
2023-12-31,ASTERDM,small,297
2023-12-31,CELLO,small,298
2023-12-31,ELGIEQUIP,small,299
2023-12-31,SONATSOFTW,small,300
2023-12-31,PVRINOX,small,301
2023-12-31,BLUEDART,small,302
2023-12-31,KEC,small,303
2023-12-31,GSPL,small,304
2023-12-31,JBMA,small,305
2023-12-31,CGCL,small,306
2023-12-31,HUDCO,small,307
2023-12-31,TATAINVEST,small,308
2023-12-31,FINCABLES,small,309
2023-12-31,KIMS,small,310
2023-12-31,BRIGADE,small,311
2023-12-31,HINDCOPPER,small,312
2023-12-31,CDSL,small,313
2023-12-31,DCMSHRIRAM,small,314
2023-12-31,CENTURYPLY,small,315
2023-12-31,CLEAN,small,316
2023-12-31,APLLTD,small,317
2023-12-31,LAXMIMACH,small,318
2023-12-31,AFFLE,small,319
2023-12-31,NATCOPHARM,small,320
2023-12-31,RHIM,small,321
2023-12-31,BSOFT,small,322
2023-12-31,EIHOTEL,small,323
2023-12-31,MOTILALOFS,small,324
2023-12-31,SUVENPHAR,small,325
2023-12-31,FINEORG,small,326
2023-12-31,APTUS,small,327
2023-12-31,TEJASNET,small,328
2023-12-31,RBLBANK,small,329
2023-12-31,CASTROLIND,small,330
2023-12-31,NSLNISP,small,331
2023-12-31,WESTLIFE,small,332
2023-12-31,PPLPHARMA,small,333
2023-12-31,TANLA,small,334
2023-12-31,ASAHIINDIA,small,335
2023-12-31,RAJESHEXPO,small,336
2023-12-31,HAPPSTMNDS,small,337
2023-12-31,JYOTHYLAB,small,338
2023-12-31,POLYMED,small,339
2023-12-31,FINPIPE,small,340
2023-12-31,VGUARD,small,341
2023-12-31,NUVOCO,small,342
2023-12-31,REDINGTON,small,343
2023-12-31,KAYNES,small,344
2023-12-31,AETHER,small,345
2023-12-31,COCHINSHIP,small,346
2023-12-31,TRITURBINE,small,347
2023-12-31,WELSPUNLIV,small,348
2023-12-31,IRCON,small,349
2023-12-31,HONASA,small,350
2023-12-31,AAVAS,small,351
2023-12-31,BAJAJELEC,small,352
2023-12-31,MANAPPURAM,small,353
2023-12-31,BIKAJI,small,354
2023-12-31,CENTURYTEX,small,355
2023-12-31,ABSLAMC,small,356
2023-12-31,CONCORDBIO,small,357
2023-12-31,CAMS,small,358
2023-12-31,CHAMBLFERT,small,359
2023-12-31,JINDALSAW,small,360
2023-12-31,RAYMOND,small,361
2023-12-31,AEGISCHEM,small,362
2023-12-31,CESC,small,363
2023-12-31,IEX,small,364
2023-12-31,ALKYLAMINE,small,365
2023-12-31,GESHIP,small,366
2023-12-31,AKZOINDIA,small,367
2023-12-31,GRINFRA,small,368
2023-12-31,JWL,small,369
2023-12-31,SFL,small,370
2023-12-31,BASF,small,371
2023-12-31,TVSHLTD,small,372
2023-12-31,ZENSARTECH,small,373
2023-12-31,SHYAMMETL,small,374
2023-12-31,DATAPATTNS,small,375
2023-12-31,ERIS,small,376
2023-12-31,ARE&M,small,377
2023-12-31,RITES,small,378
2023-12-31,CHALET,small,379
2023-12-31,KARURVYSYA,small,380
2023-12-31,FSL,small,382
2023-12-31,ASTRAZEN,small,383
2023-12-31,VTL,small,384
2023-12-31,CERA,small,385
2023-12-31,RAINBOW,small,386
2023-12-31,TTKPRESTIG,small,387
2023-12-31,BLS,small,388
2023-12-31,NBCC,small,389
2023-12-31,WELCORP,small,390
2023-12-31,RKFORGE,small,391
2023-12-31,GODFRYPHLP,small,392
2023-12-31,MGL,small,393
2023-12-31,EQUITASBNK,small,394
2023-12-31,RENUKA,small,395
2023-12-31,KPIL,small,396
2023-12-31,ANURAS,small,397
2023-12-31,NUVAMA,small,398
2023-12-31,CANFINHOME,small,399
2023-12-31,UJJIVANSFB,small,400
2023-12-31,CRAFTSMAN,small,401
2023-12-31,CUB,small,402
2023-12-31,UTIAMC,small,403
2023-12-31,KSB,small,405
2023-12-31,GNFC,small,406
2023-12-31,MAPMYINDIA,small,407
2023-12-31,TITAGARH,small,408
2023-12-31,HFCL,small,409
2023-12-31,ZYDUSWELL,small,410
2023-12-31,OLECTRA,small,412
2023-12-31,USHAMART,small,413
2023-12-31,HSCL,small,414
2023-12-31,ECLERX,small,415
2023-12-31,MEDPLUS,small,416
2023-12-31,SYRMA,small,417
2023-12-31,ROUTE,small,418
2023-12-31,NCC,small,419
2023-12-31,BIRLACORPN,small,420
2023-12-31,J&KBANK,small,421
2023-12-31,HAPPYFORGE,small,422
2023-12-31,PRAJIND,small,423
2023-12-31,AMBER,small,424
2023-12-31,GALAXYSURF,small,425
2023-12-31,SPLPETRO,small,426
2023-12-31,GMDCLTD,small,427
2023-12-31,INTELLECT,small,428
2023-12-31,GODREJAGRO,small,430
2023-12-31,INGERRAND,small,431
2023-12-31,SIGNATURE,small,432
2023-12-31,ELECON,small,433
2023-12-31,SBFC,small,434
2023-12-31,TVSSCS,small,435
2023-12-31,ALOKINDS,small,436
2023-12-31,GET&D,small,437
2023-12-31,GRAPHITE,small,438
2023-12-31,BEML,small,439
2023-12-31,CEATLTD,small,440
2023-12-31,SAFARI,small,442
2023-12-31,VIPIND,small,443
2023-12-31,MAHSEAMLES,small,444
2023-12-31,KRBL,small,445
2023-12-31,EIDPARRY,small,446
2023-12-31,SAPPHIRE,small,447
2023-12-31,ACE,small,448
2023-12-31,PNCINFRA,small,449
2023-12-31,CAMPUS,small,450
2023-12-31,SWANENERGY,small,451
2023-12-31,GRSE,small,452
2023-12-31,LEMONTREE,small,453
2023-12-31,LATENTVIEW,small,454
2023-12-31,BBTC,small,455
2023-12-31,GPIL,small,456
2023-12-31,CCL,small,457
2023-12-31,PGHL,small,458
2023-12-31,JKLAKSHMI,small,459
2023-12-31,BALRAMCHIN,small,460
2023-12-31,INOXINDIA,small,461
2023-12-31,IBULHSGFIN,small,462
2023-12-31,GRANULES,small,463
2023-12-31,ESABINDIA,small,464
2023-12-31,ENGINERSIN,small,465
2023-12-31,TMB,small,466
2023-12-31,MAHSCOOTER,small,467
2023-12-31,CAPLIPOINT,small,468
2023-12-31,MAHLIFE,small,469
2023-12-31,RTNINDIA,small,470
2023-12-31,SCHNEIDER,small,471
2023-12-31,MINDACORP,small,472
2023-12-31,JMFINANCIL,small,473
2023-12-31,IONEXCHANG,small,474
2023-12-31,SHOPERSTOP,small,475
2023-12-31,INOXWIND,small,476
2023-12-31,HBLPOWER,small,477
2023-12-31,DOMS,small,478
2023-12-31,SPARC,small,479
2023-12-31,DEEPAKFERT,small,480
2023-12-31,HOMEFIRST,small,481
2023-12-31,CHENNPETRO,small,482
2023-12-31,MHRIL,small,483
2023-12-31,GLS,small,484
2023-12-31,TV18BRDCST,small,485
2023-12-31,KFINTECH,small,486
2023-12-31,METROPOLIS,small,487
2023-12-31,MMTC,small,488
2023-12-31,PRINCEPIPE,small,489
2023-12-31,SARDAEN,small,490
2023-12-31,NETWORK18,small,491
2023-12-31,RESPONIND,small,492
2023-12-31,KNRCON,small,493
2023-12-31,KIRLOSENG,small,494
2023-12-31,TRIVENI,small,495
2023-12-31,ANANTRAJ,small,496
2023-12-31,CHEMPLASTS,small,497
2023-12-31,JKTYRE,small,498
2023-12-31,LXCHEM,small,499
2023-12-31,PCBL,small,500
2023-12-31,GSFC,small,501
2023-12-31,GMMPFAUDLR,small,502
2023-12-31,ANANDRATHI,small,503
2023-12-31,SAREGAMA,small,504
2023-12-31,KTKBANK,small,505
2023-12-31,PRSMJOHNSN,small,506
2023-12-31,JUBLINGREA,small,507
2023-12-31,RPOWER,small,508
2023-12-31,MTARTECH,small,509
2023-12-31,NEWGEN,small,510
2023-12-31,MIDHANI,small,511
2023-12-31,INDIACEM,small,512
2023-12-31,ACI,small,513
2023-12-31,GAEL,small,514
2023-12-31,INDIGOPNTS,small,515
2023-12-31,BALAMINES,small,516
2023-12-31,RELIGARE,small,517
2023-12-31,PTCIL,small,518
2023-12-31,EASEMYTRIP,small,519
2023-12-31,RAILTEL,small,520
2023-12-31,MASTEK,small,521
2023-12-31,JLHL,small,522
2023-12-31,RCF,small,523
2023-12-31,JINDWORLD,small,524
2023-12-31,SOBHA,small,526
2023-12-31,VARROC,small,527
2023-12-31,ALLCARGO,small,529
2023-12-31,GOCOLORS,small,530
2023-12-31,JUBLPHARMA,small,531
2023-12-31,JPPOWER,small,532
2023-12-31,KIRLOSBROS,small,533
2023-12-31,VESUVIUS,small,534
2023-12-31,RELINFRA,small,535
2023-12-31,SWSOLAR,small,536
2023-12-31,QUESS,small,537
2023-12-31,VAIBHAVGBL,small,538
2023-12-31,RUSTOMJEE,small,539
2023-12-31,REDTAPE,small,540
2023-12-31,GARFIBRES,small,541
2023-12-31,HEG,small,542
2023-12-31,TEGA,small,543
2023-12-31,STARCEMENT,small,544
2023-12-31,RATEGAIN,small,545
2023-12-31,SIS,small,546
2023-12-31,JAIBALAJI,small,547
2023-12-31,BLUEJET,small,548
2023-12-31,EPL,small,549
2023-12-31,JUSTDIAL,small,550
2023-12-31,UJJIVAN,small,551
2023-12-31,GPPL,small,552
2023-12-31,JKPAPER,small,553
2023-12-31,FDC,small,554
2023-12-31,TCI,small,555
2023-12-31,BECTORFOOD,small,556
2023-12-31,HNDFDS,small,557
2023-12-31,VRLLOG,small,558
2023-12-31,LTFOODS,small,559
2023-12-31,SCI,small,560
2023-12-31,GREENLAM,small,561
2023-12-31,ROLEXRINGS,small,562
2023-12-31,POWERMECH,small,563
2023-12-31,SPANDANA,small,564
2023-12-31,PDSL,small,565
2023-12-31,SUNTECK,small,566
2023-12-31,SYMPHONY,small,567
2023-12-31,GRAVITA,small,568
2023-12-31,STLTECH,small,569
2023-12-31,FUSION,small,570
2023-12-31,ZENTEC,small,571
2023-12-31,NAVA,small,572
2023-12-31,TECHNOE,small,573
2023-12-31,EMIL,small,574
2023-12-31,GENUSPOWER,small,575
2023-12-31,HGINFRA,small,576
2023-12-31,CSBBANK,small,577
2023-12-31,INDIASHLTR,small,579
2023-12-31,CMSINFO,small,580
2023-12-31,BORORENEW,small,581
2023-12-31,RSYSTEMS,small,582
2023-12-31,RBA,small,583
2023-12-31,ASKAUTOLTD,small,584
2023-12-31,MANINFRA,small,585
2023-12-31,THOMASCOOK,small,586
2023-12-31,EDELWEISS,small,588
2023-12-31,DBREALTY,small,589
2023-12-31,ISGEC,small,590
2023-12-31,AVANTIFEED,small,591
2023-12-31,UTKARSHBNK,small,592
2023-12-31,TCIEXP,small,593
2023-12-31,SUPRAJIT,small,594
2023-12-31,MARKSANS,small,595
2023-12-31,VIJAYA,small,596
2023-12-31,PARADEEP,small,597
2023-12-31,GHCL,small,598
2023-12-31,ICRA,small,599
2023-12-31,NIITMTS,small,600
2023-12-31,RAIN,small,601
2023-12-31,VSTIND,small,602
2023-12-31,NEULANDLAB,small,603
2023-12-31,NAZARA,small,604
2023-12-31,SURYAROSNI,small,605
2023-12-31,JSWHL,small,606
2023-12-31,AGI,small,607
2023-12-31,FEDFINA,small,608
2023-12-31,GUJALKALI,small,609
2023-12-31,VOLTAMP,small,610
2023-12-31,NESCO,small,611
2023-12-31,IFCI,small,612
2023-12-31,SOUTHBANK,small,613
2023-12-31,ICIL,small,614
2023-12-31,NETWEB,small,615
2023-12-31,SHRIPISTON,small,616
2023-12-31,HCG,small,617
2023-12-31,AHLUCONT,small,618
2023-12-31,PRUDENT,small,619
2023-12-31,SANSERA,small,620
2023-12-31,TATACOFFEE,small,621
2023-12-31,CYIENTDLM,small,622
2023-12-31,ORIENTELEC,small,623
2023-12-31,INFIBEAM,small,624
2023-12-31,MOIL,small,625
2023-12-31,AARTIDRUGS,small,626
2023-12-31,DBL,small,627
2023-12-31,ELECTCAST,small,628
2023-12-31,ARVIND,small,629
2023-12-31,SHAREINDIA,small,630
2023-12-31,ARVINDFASN,small,631
2023-12-31,PGEL,small,632
2023-12-31,HGS,small,633
2023-12-31,LAOPALA,small,634
2023-12-31,TIIL,small,635
2023-12-31,LLOYDSENGG,small,637
2023-12-31,MASFIN,small,638
2023-12-31,PRIVISCL,small,639
2023-12-31,GABRIEL,small,642
2023-12-31,JAICORPLTD,small,644
2023-12-31,GOKEX,small,645
2023-12-31,JAMNAAUTO,small,646
2023-12-31,ROSSARI,small,647
2023-12-31,SANDUMA,small,648
2023-12-31,DBCORP,small,649
2023-12-31,KKCL,small,650
2023-12-31,GATEWAY,small,651
2023-12-31,MUTHOOTMF,small,652
2023-12-31,SENCO,small,654
2023-12-31,STAR,small,655
2023-12-31,MAXESTATES,small,656
2023-12-31,DELTACORP,small,657
2023-12-31,GREENPANEL,small,658
2023-12-31,AMIORG,small,659
2023-12-31,DODLA,small,660
2023-12-31,RALLIS,small,661
2023-12-31,LUXIND,small,662
2023-12-31,HEIDELBERG,small,663
2023-12-31,ASTRAMICRO,small,664
2023-12-31,BOROLTD,small,665
2023-12-31,TEXRAIL,small,666
2023-12-31,TEAMLEASE,small,667
2023-12-31,WSTCSTPAPR,small,668
2023-12-31,WONDERLA,small,669
2023-12-31,TIPSINDLTD,small,670
2023-12-31,PTC,small,671
2023-12-31,IBREALEST,small,672
2023-12-31,SINDHUTRAD,small,673
2023-12-31,RAMKY,small,674
2023-12-31,TI,small,675
2023-12-31,BCG,small,676
2023-12-31,KALAMANDIR,small,677
2023-12-31,TINPLATE,small,678
2023-12-31,SSWL,small,679
2023-12-31,NEOGEN,small,680
2023-12-31,TDPOWERSYS,small,681
2023-12-31,AZAD,small,682
2023-12-31,SULA,small,683
2023-12-31,ETHOSLTD,small,684
2023-12-31,SHARDACROP,small,685
2023-12-31,KIRLPNU,small,686
2023-12-31,HCC,small,687
2023-12-31,CHOICEIN,small,688
2023-12-31,TASTYBITE,small,689
2023-12-31,VMART,small,690
2023-12-31,FLAIR,small,691
2023-12-31,EPIGRAL,small,692
2023-12-31,ORIENTCEM,small,693
2023-12-31,PATELENG,small,694
2023-12-31,WELENT,small,695
2023-12-31,WOCKPHARMA,small,696
2023-12-31,HINDWAREAP,small,697
2023-12-31,DHANUKA,small,698
2023-12-31,HLEGLAS,small,699
2023-12-31,IDEAFORGE,small,700
2023-12-31,PRICOLLTD,small,701
2023-12-31,RAJRATAN,small,702
2023-12-31,NOCIL,small,703
2023-12-31,BHARATRAS,small,704
2023-12-31,ITDCEM,small,705
2023-12-31,HARSHA,small,706
2023-12-31,JISLJALEQS,small,707
2023-12-31,DCBBANK,small,708
2023-12-31,RTNPOWER,small,709
2023-12-31,TATVA,small,712
2023-12-31,BBOX,small,713
2023-12-31,AARTIPHARM,small,714
2023-12-31,IFBIND,small,715
2023-12-31,ADVENZYMES,small,716
2023-12-31,SUNFLAG,small,717
2023-12-31,EMUDHRA,small,718
2023-12-31,SHANTIGEAR,small,719
2023-12-31,POLYPLEX,small,720
2023-12-31,HIKAL,small,721
2023-12-31,DATAMATICS,small,722
2023-12-31,AVALON,small,723
2023-12-31,ESAFSFB,small,724
2023-12-31,NFL,small,725
2023-12-31,HEMIPROP,small,726
2023-12-31,JTLIND,small,727
2023-12-31,IWEL,small,728
2023-12-31,JAYNECOIND,small,729
2023-12-31,NILKAMAL,small,730
2023-12-31,KOLTEPATIL,small,731
2023-12-31,FCL,small,732
2023-12-31,SAMHI,small,733
2023-12-31,TIMETECHNO,small,734
2023-12-31,LGBBROSLTD,small,735
2023-12-31,GANESHHOUC,small,736
2023-12-31,JTEKTINDIA,small,737
2023-12-31,KPIGREEN,small,738
2023-12-31,THANGAMAYL,small,739
2023-12-31,SAKSOFT,small,740
2023-12-31,DISHTV,small,741
2023-12-31,HMAAGRO,small,742
2023-12-31,BANCOINDIA,small,743
2023-12-31,SUDARSCHEM,small,744
2023-12-31,ITDC,small,745
2023-12-31,AURIONPRO,small,746
2023-12-31,AUTOAXLES,small,747
2023-12-31,NAVNETEDUL,small,748
2023-12-31,DALMIASUG,small,749
2023-12-31,BANARISUG,small,750
2023-12-31,ORISSAMINE,small,751
2023-12-31,ASHOKA,small,752
2023-12-31,KSCL,small,753
2023-12-31,KIRLOSIND,small,754
2023-12-31,NUCLEUS,small,755
2023-12-31,SBCL,small,756
2023-12-31,BAJAJCON,small,757
2023-12-31,JPASSOCIAT,small,758
2023-12-31,HATHWAY,small,759
2023-12-31,WABAG,small,760
2023-12-31,YATHARTH,small,761
2023-12-31,BAJAJHIND,small,762
2023-12-31,IPL,small,763
2023-12-31,UFLEX,small,764
2023-12-31,GREAVESCOT,small,765
2023-12-31,PAISALO,small,766
2023-12-31,INDOCO,small,767
2023-12-31,MAITHANALL,small,769
2023-12-31,JCHAC,small,770
2023-12-31,SAGCEM,small,771
2023-12-31,KESORAMIND,small,772
2023-12-31,MOLDTKPAC,small,773
2023-12-31,JKIL,small,774
2023-12-31,PURVA,small,775
2023-12-31,INNOVACAP,small,776
2023-12-31,SUNCLAY,small,777
2023-12-31,MSTCLTD,small,779
2023-12-31,VSTTILLERS,small,780
2023-12-31,SHILPAMED,small,782
2023-12-31,PFOCUS,small,783
2023-12-31,LANDMARK,small,784
2023-12-31,SANGHVIMOV,small,785
2023-12-31,DIVGIITTS,small,787
2023-12-31,SHARDAMOTR,small,788
2023-12-31,THYROCARE,small,789
2023-12-31,SOMANYCERA,small,790
2023-12-31,DREAMFOLKS,small,791
2023-12-31,DCXINDIA,small,792
2023-12-31,TATAMETALI,small,793
2023-12-31,CARTRADE,small,794
2023-12-31,BOMDYEING,small,795
2023-12-31,GRWRHITECH,small,796
2023-12-31,UNICHEMLAB,small,797
2023-12-31,STYLAMIND,small,798
2023-12-31,SANGHIIND,small,799
2023-12-31,SUNDARMHLD,small,800
2023-12-31,GULFOILLUB,small,801
2023-12-31,JINDALPOLY,small,803
2023-12-31,IKIO,small,804
2023-12-31,TARSONS,small,805
2023-12-31,DYNAMATECH,small,806
2023-12-31,IIFLSEC,small,807
2023-12-31,ORCHPHARMA,small,808
2023-12-31,TARC,small,809
2023-12-31,TVSSRICHAK,small,810
2023-12-31,GANDHAR,small,811
2023-12-31,PSPPROJECT,small,813
2023-12-31,PARAS,small,814
2023-12-31,SUBROS,small,815
2023-12-31,VENKEYS,small,816
2023-12-31,VENUSPIPES,small,817
2023-12-31,ZAGGLE,small,818
2023-12-31,GUFICBIO,small,819
2023-12-31,APOLLOPIPE,small,820
2023-12-31,MAHLOG,small,821
2023-12-31,KINGFA,small,822
2023-12-31,KDDL,small,823
2023-12-31,GLOBUSSPR,small,824
2023-12-31,APCOTEXIND,small,825
2023-12-31,SHALBY,small,826
2023-12-31,BSHSL,small,827
2023-12-31,BALMLAWRIE,small,828
2023-12-31,WENDT,small,829
2023-12-31,BARBEQUE,small,830
2023-12-31,EVEREADY,small,831
2023-12-31,UNIPARTS,small,832
2023-12-31,VINDHYATEL,small,833
2023-12-31,MBAPL,small,835
2023-12-31,MPSLTD,small,836
2023-12-31,PILANIINVS,small,837
2023-12-31,ASHAPURMIN,small,838
2023-12-31,HONDAPOWER,small,839
2023-12-31,SIYSIL,small,840
2023-12-31,IMAGICAA,small,841
2023-12-31,UGROCAP,small,842
2023-12-31,LUMAXTECH,small,843
2023-12-31,SWARAJENG,small,844
2023-12-31,FINOPB,small,845
2023-12-31,NRBBEARING,small,846
2023-12-31,CAMLINFINE,small,847
2023-12-31,IOLCP,small,848
2023-12-31,ASTEC,small,850
2023-12-31,CARERATING,small,851
2023-12-31,ISMTLTD,small,852
2023-12-31,CIGNITITEC,small,853
2023-12-31,GENSOL,small,854
2023-12-31,OPTIEMUS,small,856
2023-12-31,FIEMIND,small,857
2023-12-31,SEQUENT,small,858
2023-12-31,DHANI,small,859
2023-12-31,SANDHAR,small,860
2023-12-31,TCNSBRANDS,small,861
2023-12-31,DCAL,small,862
2023-12-31,SDBL,small,863
2023-12-31,VPRPL,small,864
2023-12-31,CONFIPET,small,865
2023-12-31,HINDOILEXP,small,866
2023-12-31,DOLLAR,small,867
2023-12-31,ADFFOODS,small,868
2023-12-31,PRAKASH,small,869
2023-12-31,REPCOHOME,small,870
2023-12-31,MUKANDLTD,small,871
2023-12-31,PRECAM,small,872
2023-12-31,GOCLCORP,small,873
2023-12-31,MAYURUNIQ,small,874
2023-12-31,PARAGMILK,small,875
2023-12-31,MANORAMA,small,876
2023-12-31,BEPL,small,877
2023-12-31,SEPC,small,878
2023-12-31,DEN,small,879
2023-12-31,ASHIANA,small,880
2023-12-31,IMFA,small,881
2023-12-31,GALLANTT,small,882
2023-12-31,HERITGFOOD,small,883
2023-12-31,SOTL,small,884
2023-12-31,ANUP,small,885
2023-12-31,MMFL,small,886
2023-12-31,SADHNANIQ,small,888
2023-12-31,GREENPLY,small,889
2023-12-31,SKIPPER,small,890
2023-12-31,HIL,small,891
2023-12-31,STYRENIX,small,892
2023-12-31,SATIN,small,893
2023-12-31,RAJRILTD,small,894
2023-12-31,BFUTILITIE,small,895
2023-12-31,ACCELYA,small,896
2023-12-31,JAGRAN,small,897
2023-12-31,PGIL,small,898
2023-12-31,LUMAXIND,small,899
2023-12-31,GANECOS,small,900
2023-12-31,FOSECOIND,small,902
2023-12-31,INDIAGLYCO,small,903
2023-12-31,BBL,small,904
2023-12-31,SUPRIYA,small,905
2023-12-31,VISHNU,small,906
2023-12-31,RUPA,small,907
2023-12-31,DIAMONDYD,small,908
2023-12-31,GIPCL,small,909
2023-12-31,YATRA,small,910
2023-12-31,TIRUMALCHM,small,911
2023-12-31,INDOSTAR,small,912
2023-12-31,SIRCA,small,913
2023-12-31,EXPLEOSOL,small,914
2023-12-31,ALEMBICLTD,small,917
2023-12-31,SESHAPAPER,small,919
2023-12-31,TIDEWATER,small,920
2023-12-31,VIDHIING,small,921
2023-12-31,ANDHRAPAP,small,922
2023-12-31,HUHTAMAKI,small,923
2023-12-31,RPGLIFE,small,924
2023-12-31,INOXGREEN,small,925
2023-12-31,BUTTERFLY,small,926
2023-12-31,AXISCADES,small,927
2023-12-31,FMGOETZE,small,929
2023-12-31,ATFL,small,930
2023-12-31,THEJO,small,931
2023-12-31,EMSLIMITED,small,932
2023-12-31,FILATEX,small,933
2023-12-31,MOL,small,934
2023-12-31,KSL,small,936
2023-12-31,IFGLEXPOR,small,937
2023-12-31,SHK,small,938
2023-12-31,GMRP&UI,small,939
2023-12-31,AEROFLEX,small,940
2023-12-31,HMT,small,941
2023-12-31,TRIL,small,942
2023-12-31,SJS,small,943
2023-12-31,ARTEMISMED,small,944
2023-12-31,GNA,small,945
2023-12-31,KRSNAA,small,947
2023-12-31,PRECWIRE,small,948
2023-12-31,ARMANFIN,small,952
2023-12-31,YASHO,small,953
2023-12-31,IRMENERGY,small,954
2023-12-31,CARYSIL,small,955
2023-12-31,MUFTI,small,956
2023-12-31,PITTIENG,small,957
2023-12-31,RISHABH,small,958
2023-12-31,MOREPENLAB,small,959
2023-12-31,SEAMECLTD,small,960
2023-12-31,MARATHON,small,961
2023-12-31,UDS,small,962
2023-12-31,APOLLO,small,963
2023-12-31,PANAMAPET,small,964
2023-12-31,GOODLUCK,small,965
2023-12-31,ACLGATI,small,966
2023-12-31,VADILALIND,small,968
2023-12-31,PFS,small,969
2023-12-31,CENTUM,small,970
2023-12-31,BAJEL,small,971
2023-12-31,VAKRANGEE,small,972
2023-12-31,SUBEXLTD,small,973
2023-12-31,SMLISUZU,small,974
2023-12-31,AMRUTANJAN,small,975
2023-12-31,XPROINDIA,small,976
2023-12-31,GTPL,small,977
2023-12-31,RAMASTEEL,small,978
2023-12-31,DHAMPURSUG,small,979
2023-12-31,TCPLPACK,small,980
2023-12-31,BFINVEST,small,981
2023-12-31,TNPL,small,983
2023-12-31,NELCO,small,984
2023-12-31,SURYODAY,small,985
2023-12-31,CANTABIL,small,986
2023-12-31,RPSGVENT,small,988
2023-12-31,TTKHLTCARE,small,989
2023-12-31,WHEELS,small,990
2023-12-31,EVERESTIND,small,991
2023-12-31,IGARASHI,small,992
2023-12-31,DWARKESH,small,993
2023-12-31,ORIENTHOT,small,994
2023-12-31,ROSSELLIND,small,995
2023-12-31,BHARATWIRE,small,997
2023-12-31,ADORWELD,small,998
2023-12-31,JINDRILL,small,999
2023-12-31,HARIOMPIPE,small,1000
2023-12-31,SHANKARA,small,1001
2023-12-31,COSMOFIRST,small,1002
2023-12-31,APTECHT,small,1003
2023-12-31,SERVOTECH,small,1004
2023-12-31,GOKULAGRO,small,1005
2023-12-31,VSSL,small,1006
2023-12-31,RAMCOIND,small,1007
2023-12-31,PIXTRANS,small,1008
2023-12-31,SASKEN,small,1009
2023-12-31,STOVEKRAFT,small,1010
2023-12-31,SANGAMIND,small,1011
2023-12-31,KCP,small,1012
2023-12-31,JASH,small,1013
2023-12-31,MTNL,small,1014
2023-12-31,NITINSPIN,small,1015
2023-12-31,ARVSMART,small,1016
2023-12-31,CAPACITE,small,1017
2023-12-31,SALASAR,small,1018
2023-12-31,MUFIN,small,1019
2023-12-31,RANEHOLDIN,small,1021
2023-12-31,KUANTUM,small,1023
2023-12-31,DPSCLTD,small,1024
2023-12-31,DEEPINDS,small,1025
2023-12-31,SHAKTIPUMP,small,1027
2023-12-31,MONTECARLO,small,1028
2023-12-31,UNIVCABLES,small,1029
2023-12-31,NACLIND,small,1030
2023-12-31,SUVEN,small,1031
2023-12-31,RIIL,small,1032
2023-12-31,SHRIRAMPPS,small,1033
2023-12-31,AHL,small,1034
2023-12-31,DCW,small,1035
2023-12-31,UTTAMSUGAR,small,1036
2023-12-31,INSECTICID,small,1038
2023-12-31,SHAILY,small,1039
2023-12-31,ANDHRSUGAR,small,1040
2023-12-31,THEMISMED,small,1041
2023-12-31,63MOONS,small,1043
2023-12-31,KABRAEXTRU,small,1044
2023-12-31,INDRAMEDCO,small,1045
2023-12-31,GOLDIAM,small,1046
2023-12-31,FAIRCHEMOR,small,1047
2023-12-31,POKARNA,small,1048
2023-12-31,TAJGVK,small,1049
2023-12-31,MVGJL,small,1051
2023-12-31,GREENPOWER,small,1052
2023-12-31,KIRIINDUS,small,1053
2023-12-31,SURAJEST,small,1054
2023-12-31,IGPL,small,1055
2023-12-31,BHAGCHEM,small,1056
2023-12-31,HERANBA,small,1057
2023-12-31,PENIND,small,1059
2023-12-31,HIMATSEIDE,small,1060
2023-12-31,EIHAHOTELS,small,1061
2023-12-31,NDTV,small,1062
2023-12-31,SPIC,small,1063
2023-12-31,KOKUYOCMLN,small,1064
2023-12-31,VERANDA,small,1066
2023-12-31,PNBGILTS,small,1067
2023-12-31,QUICKHEAL,small,1069
2023-12-31,REFEX,small,1071
2023-12-31,PCJEWELLER,small,1072
2023-12-31,NIITLTD,small,1073
2023-12-31,HESTERBIO,small,1074
2023-12-31,AJMERA,small,1076
2023-12-31,5PAISA,small,1077
2023-12-31,HARDWYN,small,1078
2023-12-31,NSIL,small,1079
2023-12-31,EKC,small,1080
2023-12-31,KRISHANA,small,1081
2023-12-31,TALBROAUTO,small,1082
2023-12-31,ATULAUTO,small,1083
2023-12-31,VASCONEQ,small,1084
2023-12-31,GEOJITFSL,small,1086
2023-12-31,ALICON,small,1088
2023-12-31,PARACABLES,small,1089
2023-12-31,SPAL,small,1090
2023-12-31,GULPOLY,small,1091
2023-12-31,PUNJABCHEM,small,1093
2023-12-31,HPL,small,1094
2023-12-31,KITEX,small,1095
2023-12-31,JITFINFRA,small,1096
2023-12-31,MATRIMONY,small,1097
2023-12-31,INDIANHUME,small,1099
2023-12-31,AGARIND,small,1101
2023-12-31,MADRASFERT,small,1102
2023-12-31,DREDGECORP,small,1104
2023-12-31,VALIANTORG,small,1105
2023-12-31,AVTNPL,small,1106
2023-12-31,MANGCHEFER,small,1107
2023-12-31,INDORAMA,small,1108
2023-12-31,KSOLVES,small,1109
2023-12-31,SHREDIGCEM,small,1110
2023-12-31,AVADHSUGAR,small,1112
2023-12-31,HLVLTD,small,1113
2023-12-31,BCLIND,small,1114
2023-12-31,GENESYS,small,1115
2023-12-31,CONTROLPR,small,1116
2023-12-31,BLKASHYAP,small,1118
2023-12-31,SOLARA,small,1119
2023-12-31,STERTOOLS,small,1120
2023-12-31,MONARCH,small,1122
2023-12-31,ONWARDTEC,small,1123
2023-12-31,TVTODAY,small,1125
2023-12-31,GTLINFRA,small,1126
2023-12-31,SATIA,small,1127
2023-12-31,RAMRAT,small,1128
2023-12-31,NELCAST,small,1129
2023-12-31,SIGACHI,small,1131
2023-12-31,RML,small,1132
2023-12-31,SPCENET,small,1133
2023-12-31,STEELCAS,small,1134
2023-12-31,OAL,small,1135
2023-12-31,PREMEXPLN,small,1136
2023-12-31,GEPIL,small,1139
2023-12-31,RICOAUTO,small,1141
2023-12-31,NGLFINE,small,1142
2023-12-31,JAYBARMARU,small,1143
2023-12-31,SATINDLTD,small,1144
2023-12-31,SHALPAINTS,small,1145
2023-12-31,HITECH,small,1147
2023-12-31,MANINDS,small,1148
2023-12-31,UGARSUGAR,small,1149
2023-12-31,GMBREW,small,1151
2023-12-31,LIKHITHA,small,1153
2023-12-31,OMAXE,small,1154
2023-12-31,ROTO,small,1155
2023-12-31,MANALIPETC,small,1156
2023-12-31,DCMSRIND,small,1158
2023-12-31,GVKPIL,small,1159
2023-12-31,KICL,small,1160
2023-12-31,GRMOVER,small,1161
2023-12-31,SUMMITSEC,small,1163
2023-12-31,EXCELINDUS,small,1164
2023-12-31,UNIENTER,small,1165
2023-12-31,BIGBLOC,small,1166
2023-12-31,DLINKINDIA,small,1167
2023-12-31,INDNIPPON,small,1169
2023-12-31,DPABHUSHAN,small,1171
2023-12-31,INFOBEAN,small,1172
2023-12-31,MANGLMCEM,small,1174
2023-12-31,ONMOBILE,small,1176
2023-12-31,XCHANGING,small,1177
2023-12-31,CLSEL,small,1178
2023-12-31,ZOTA,small,1179
2023-12-31,DBOL,small,1180
2023-12-31,PENINLAND,small,1181
2023-12-31,AWHCL,small,1182
2023-12-31,SHIVALIK,small,1183
2023-12-31,HEUBACHIND,small,1184
2023-12-31,JAGSNPHARM,small,1186
2023-12-31,BLISSGVS,small,1187
2023-12-31,TEXINFRA,small,1188
2023-12-31,FOCUS,small,1189
2023-12-31,REPRO,small,1190
2023-12-31,VIMTALABS,small,1191
2023-12-31,SRHHYPOLTD,small,1193
2023-12-31,GICHSGFIN,small,1194
2023-12-31,BAJAJHCARE,small,1195
2023-12-31,KOPRAN,small,1196
2023-12-31,CENTRUM,small,1197
2023-12-31,SASTASUNDR,small,1198
2023-12-31,IMPAL,small,1199
2023-12-31,SPORTKING,small,1200
2023-12-31,LINC,small,1202
2023-12-31,ATL,small,1203
2023-12-31,LINCOLN,small,1204
2023-12-31,GANESHBE,small,1205
2023-12-31,KAMOPAINTS,small,1207
2023-12-31,HERCULES,small,1208
2023-12-31,TREL,small,1209
2023-12-31,STEELXIND,small,1210
2023-12-31,MKPL,small,1212
2023-12-31,DVL,small,1213
2023-12-31,RADIANTCMS,small,1214
2023-12-31,SMSPHARMA,small,1215
2023-12-31,NAVKARCORP,small,1216
2023-12-31,CHEMCON,small,1217
2023-12-31,FAZE3Q,small,1218
2023-12-31,RAMCOSYS,small,1220
2023-12-31,RGL,small,1222
2023-12-31,COFFEEDAY,small,1224
2023-12-31,SKMEGGPROD,small,1225
2023-12-31,NAHARSPING,small,1226
2023-12-31,NCLIND,small,1227
2023-12-31,DYCL,small,1228
2023-12-31,ORIENTPPR,small,1229
2023-12-31,BODALCHEM,small,1232
2023-12-31,FOODSIN,small,1234
2023-12-31,SPECIALITY,small,1235
2023-12-31,MOTISONS,small,1236
2023-12-31,CENTENKA,small,1241
2023-12-31,VHL,small,1242
2023-12-31,ALLSEC,small,1243
2023-12-31,SMCGLOBAL,small,1244
2023-12-31,TFCILTD,small,1245
2023-12-31,GFLLIMITED,small,1247
2023-12-31,MARINE,small,1248
2023-12-31,JUBLINDS,small,1249
2023-12-31,RSWM,small,1251
2023-12-31,AMBIKCO,small,1252
2023-12-31,PANACEABIO,small,1253
2023-12-31,ACL,small,1254
2023-12-31,MANAKSIA,small,1255
2023-12-31,DENORA,small,1256
2023-12-31,SUTLEJTEX,small,1258
2023-12-31,DPWIRES,small,1260
2023-12-31,HPAL,small,1262
2023-12-31,SNOWMAN,small,1263
2023-12-31,SYNCOMF,small,1264
2023-12-31,ICEMAKE,small,1265
2023-12-31,RUSHIL,small,1270
2023-12-31,MAGADSUGAR,small,1271
2023-12-31,YUKEN,small,1273
2023-12-31,SCHAND,small,1274
2023-12-31,MEDICAMEQ,small,1275
2023-12-31,MOLDTECH,small,1277
2023-12-31,ROHLTD,small,1278
2023-12-31,JYOTISTRUC,small,1279
2023-12-31,GANDHITUBE,small,1280
2023-12-31,TRACXN,small,1281
2023-12-31,UNITECH,small,1282
2023-12-31,SWELECTES,small,1283
2023-12-31,AGSTRA,small,1284
2023-12-31,VINYLINDIA,small,1286
2023-12-31,ARIHANTSUP,small,1287
2023-12-31,ASIANTILES,small,1288
2023-12-31,BIRLACABLE,small,1289
2023-12-31,ZEEMEDIA,small,1290
2023-12-31,GSLSU,small,1291
2023-12-31,ASALCBR,small,1292
2023-12-31,KELLTONTEC,small,1293
2023-12-31,INDOAMIN,small,1294
2023-12-31,OMINFRAL,small,1295
2023-12-31,HEXATRADEX,small,1296
2023-12-31,DSSL,small,1298
2023-12-31,KAMDHENU,small,1299
2023-12-31,CREATIVE,small,1300
2023-12-31,OCCL,small,1301
2023-12-31,AMNPLST,small,1303
2023-12-31,ELIN,small,1304
2023-12-31,TNPETRO,small,1305
2023-12-31,ESTER,small,1306
2023-12-31,PAKKA,small,1307
2023-12-31,ENIL,small,1309
2023-12-31,WINDLAS,small,1310
2023-12-31,CSLFINANCE,small,1311
2023-12-31,MENONBE,small,1312
2023-12-31,VALIANTLAB,small,1313
2023-12-31,EMAMIPAP,small,1314
2023-12-31,KECL,small,1315
2023-12-31,DMCC,small,1316
2023-12-31,SANDESH,small,1320
2023-12-31,HITECHGEAR,small,1321
2023-12-31,RUBYMILLS,small,1324
2023-12-31,DHARMAJ,small,1325
2023-12-31,TBZ,small,1330
2023-12-31,KERNEX,small,1331
2023-12-31,VISAKAIND,small,1332
2023-12-31,CHEVIOT,small,1333
2023-12-31,KOTHARIPET,small,1338
2023-12-31,TRU,small,1339
2023-12-31,GKWLIMITED,small,1340
2023-12-31,HIRECT,small,1343
2023-12-31,PPL,small,1344
2023-12-31,DECCANCE,small,1345
2023-12-31,SHREYAS,small,1346
2023-12-31,CREST,small,1349
2023-12-31,NINSYS,small,1351
2023-12-31,GHCLTEXTIL,small,1353
2023-12-31,ELDEHSG,small,1354
2023-12-31,VLSFINANCE,small,1356
2023-12-31,CUPID,small,1358
2023-12-31,PYRAMID,small,1360
2023-12-31,ADSL,small,1361
2023-12-31,NDRAUTO,small,1362
2023-12-31,MICEL,small,1363
2023-12-31,DIGISPICE,small,1364
2023-12-31,BLAL,small,1366
2023-12-31,APEX,small,1369
2023-12-31,BHAGERIA,small,1370
2023-12-31,SILVERTUC,small,1371
2023-12-31,ONEPOINT,small,1372
2023-12-31,ZUARI,small,1373
2023-12-31,STCINDIA,small,1374
2023-12-31,TVSELECT,small,1376
2023-12-31,ASIANENE,small,1377
2023-12-31,IRISDOREME,small,1378
2023-12-31,SAKAR,small,1379
2023-12-31,SUKHJITS,small,1380
2023-12-31,DHANBANK,small,1381
2023-12-31,MALLCOM,small,1382
2023-12-31,ORIENTBELL,small,1384
2023-12-31,JAYAGROGN,small,1385
2023-12-31,VIKASLIFE,small,1386
2023-12-31,PLASTIBLEN,small,1387
2023-12-31,EIMCOELECO,small,1388
2023-12-31,MUTHOOTCAP,small,1389
2023-12-31,SPENCERS,small,1390
2023-12-31,ARIHANTCAP,small,1392
2023-12-31,JETAIRWAYS,small,1393
2023-12-31,BALAJITELE,small,1394
2023-12-31,OSWALGREEN,small,1395
2023-12-31,ASAL,small,1397
2023-12-31,MIRZAINT,small,1398
2023-12-31,MAXIND,small,1400
2023-12-31,3IINFOLTD,small,1401
2023-12-31,WALCHANNAG,small,1403
2023-12-31,MEDICO,small,1406
2023-12-31,KHAICHEM,small,1407
2023-12-31,SBGLP,small,1408
2023-12-31,SHREEPUSHK,small,1410
2023-12-31,RBL,small,1411
2023-12-31,MUNJALAU,small,1414
2023-12-31,E2E,small,1416
2023-12-31,SELAN,small,1417
2023-12-31,SALZERELEC,small,1418
2023-12-31,V2RETAIL,small,1419
2023-12-31,MSPL,small,1420
2023-12-31,JPOLYINVST,small,1423
2023-12-31,HINDCOMPOS,small,1424
2023-12-31,WEBELSOLAR,small,1426
2023-12-31,GPTINFRA,small,1429
2023-12-31,SEMAC,small,1431
2023-12-31,RITCO,small,1432
2023-12-31,SKYGOLD,small,1433
2023-12-31,SREEL,small,1436
2023-12-31,NRAIL,small,1437
2023-12-31,ZIMLAB,small,1441
2023-12-31,APCL,small,1442
2023-12-31,NAHARPOLY,small,1443
2023-12-31,RATNAVEER,small,1444
2023-12-31,NECLIFE,small,1448
2023-12-31,ARROWGREEN,small,1450
2023-12-31,CONSOFINVT,small,1451
2023-12-31,CHEMBOND,small,1452
2023-12-31,URJA,small,1454
2023-12-31,MUNJALSHOW,small,1458
2023-12-31,HTMEDIA,small,1460
2023-12-31,NAHARINDUS,small,1461
2023-12-31,HCL-INSYS,small,1463
2023-12-31,KHADIM,small,1464
2023-12-31,EXXARO,small,1466
2023-12-31,MAANALU,small,1467
2023-12-31,AXITA,small,1471
2023-12-31,KANORICHEM,small,1472
2023-12-31,HMVL,small,1473
2023-12-31,NAGAFERT,small,1474
2023-12-31,INDSWFTLAB,small,1476
2023-12-31,MMP,small,1477
2023-12-31,INTLCONV,small,1478
2023-12-31,KAMATHOTEL,small,1479
2023-12-31,GRPLTD,small,1480
2023-12-31,BCONCEPTS,small,1481
2023-12-31,DHUNINV,small,1483
2023-12-31,KRITI,small,1485
2023-12-31,BGRENERGY,small,1486
2023-12-31,JINDALPHOT,small,1487
2023-12-31,INDOBORAX,small,1488
2023-12-31,SBC,small,1489
2023-12-31,INDOTECH,small,1491
2023-12-31,DONEAR,small,1492
2023-12-31,BANSWRAS,small,1494
2023-12-31,AURUM,small,1495
2023-12-31,POCL,small,1496
2023-12-31,PTL,small,1497
2023-12-31,OSIAHYPER,small,1498
2023-12-31,CHEMFAB,small,1499
2023-12-31,BBTCL,small,1500
2023-12-31,DIAMINESQ,small,1502
2023-12-31,ORIENTCER,small,1504
2023-12-31,RADIOCITY,small,1507
2023-12-31,AARTISURF,small,1508
2023-12-31,PRIMESECU,small,1509
2023-12-31,OSWALSEEDS,small,1510
2023-12-31,NAHARCAP,small,1512
2023-12-31,GOACARBON,small,1514
2023-12-31,WSI,small,1515
2023-12-31,GENUSPAPER,small,1517
2023-12-31,PLAZACABLE,small,1518
2023-12-31,ORBTEXP,small,1519
2023-12-31,20MICRONS,small,1520
2023-12-31,FCSSOFT,small,1524
2023-12-31,IFBAGRO,small,1525
2023-12-31,DEEPENR,small,1526
2023-12-31,BIRLAMONEY,small,1527
2023-12-31,UNIDT,small,1532
2023-12-31,ALBERTDAVD,small,1533
2023-12-31,RACE,small,1534
2023-12-31,WINDMACHIN,small,1537
2023-12-31,PROZONER,small,1538
2023-12-31,RADHIKAJWE,small,1539
2023-12-31,NDLVENTURE,small,1540
2023-12-31,BALAXI,small,1541
2023-12-31,ZUARIIND,small,1542
2023-12-31,PAVNAIND,small,1543
2023-12-31,THEINVEST,small,1545
2023-12-31,HUBTOWN,small,1547
2023-12-31,SIGMA,small,1548
2023-12-31,LIBERTSHOE,small,1551
2023-12-31,KAYA,small,1553
2023-12-31,RCOM,small,1554
2023-12-31,MIRCELECTR,small,1555
2023-12-31,PDMJEPAPER,small,1556
2023-12-31,ADVANIHOTR,small,1557
2023-12-31,SAHYADRI,small,1558
2023-12-31,UNIVPHOTO,small,1561
2023-12-31,MAZDA,small,1562
2023-12-31,NRL,small,1564
2023-12-31,VARDHACRLC,small,1566
2023-12-31,RBZJEWEL,small,1567
2023-12-31,SOUTHWEST,small,1568
2023-12-31,MINDTECK,small,1569
2023-12-31,SHYAMCENT,small,1570
2023-12-31,GLOBAL,small,1571
2023-12-31,ORICONENT,small,1574
2023-12-31,CLEDUCATE,small,1578
2023-12-31,HITECHCORP,small,1580
2023-12-31,KOTARISUG,small,1581
2023-12-31,OSWALAGRO,small,1582
2023-12-31,NBIFIN,small,1585
2023-12-31,PARSVNATH,small,1586
2023-12-31,ASMS,small,1588
2023-12-31,SARVESHWAR,small,1589
2023-12-31,STEL,small,1592
2023-12-31,LOKESHMACH,small,1595
2023-12-31,DICIND,small,1596
2023-12-31,SCPL,small,1597
2023-12-31,SARLAPOLY,small,1599
2023-12-31,VIKASECO,small,1601
2023-12-31,CYBERTECH,small,1602
2023-12-31,DELPHIFX,small,1603
2023-12-31,RAMAPHO,small,1605
2023-12-31,GEECEE,small,1607
2023-12-31,NIPPOBATRY,small,1608
2023-12-31,KILITCH,small,1609
2023-12-31,MACPOWER,small,1610
2023-12-31,APOLSINHOT,small,1611
2023-12-31,LORDSCHLO,small,1612
2023-12-31,UFO,small,1613
2023-12-31,SHEMAROO,small,1614
2023-12-31,MAWANASUG,small,1615
2023-12-31,NATHBIOGEN,small,1619
2023-12-31,RUCHIRA,small,1620
2023-12-31,VIPCLOTHNG,small,1621
2023-12-31,VERTOZ,small,1622
2023-12-31,RANASUG,small,1624
2023-12-31,SHIVAMAUTO,small,1625
2023-12-31,VENUSREM,small,1627
2023-12-31,KCPSUGIND,small,1628
2023-12-31,TRIGYN,small,1630
2023-12-31,AUTOIND,small,1631
2023-12-31,SAKUMA,small,1633
2023-12-31,WEALTH,small,1634
2023-12-31,KRITINUT,small,1636
2023-12-31,BPL,small,1637
2023-12-31,LYKALABS,small,1639
2023-12-31,DYNPRO,small,1643
2023-12-31,CAREERP,small,1644
2023-12-31,SILINV,small,1646
2023-12-31,PODDARMENT,small,1647
2023-12-31,WEL,small,1651
2023-12-31,TPLPLASTEH,small,1652
2023-12-31,BAIDFIN,small,1654
2023-12-31,GOKUL,small,1655
2023-12-31,VLEGOV,small,1656
2023-12-31,EIFFL,small,1658
2023-12-31,KOTHARIPRO,small,1661
2023-12-31,BEDMUTHA,small,1662
2023-12-31,SELMC,small,1663
2023-12-31,NURECA,small,1666
2023-12-31,CINELINE,small,1667
2023-12-31,PONNIERODE,small,1668
2023-12-31,GOLDTECH,small,1669
2023-12-31,GEEKAYWIRE,small,1670
2023-12-31,AYMSYNTEX,small,1672
2023-12-31,SINTERCOM,small,1673
2023-12-31,ESSARSHPNG,small,1676
2023-12-31,SAKHTISUG,small,1678
2023-12-31,REPL,small,1679
2023-12-31,MEGASOFT,small,1682
2023-12-31,MANORG,small,1683
2023-12-31,SHREYANIND,small,1684
2023-12-31,SGIL,small,1685
2023-12-31,ASIANHOTNR,small,1686
2023-12-31,AVG,small,1687
2023-12-31,SRGHFL,small,1688
2023-12-31,SIMPLEXINF,small,1689
2023-12-31,NDL,small,1690
2023-12-31,SMLT,small,1692
2023-12-31,MBLINFRA,small,1694
2023-12-31,PRAXIS,small,1695
2023-12-31,MAHEPC,small,1700
2023-12-31,EMAMIREAL,small,1701
2023-12-31,HINDMOTORS,small,1704
2023-12-31,GSS,small,1705
2023-12-31,BRNL,small,1707
2023-12-31,COASTCORP,small,1708
2023-12-31,PPAP,small,1711
2023-12-31,STARPAPER,small,1712
2023-12-31,LGHL,small,1714
2023-12-31,VISHWARAJ,small,1716
2023-12-31,SHREERAMA,small,1723
2023-12-31,ZODIACLOTH,small,1724
2023-12-31,PASUPTAC,small,1725
2023-12-31,HILTON,small,1726
2023-12-31,DCMNVL,small,1729
2023-12-31,MEGASTAR,small,1732
2023-12-31,LOYALTEX,small,1733
2023-12-31,BASML,small,1735
2023-12-31,UCAL,small,1738
2023-12-31,PVP,small,1740
2023-12-31,TAKE,small,1741
2023-12-31,VIRINCHI,small,1742
2023-12-31,ASAHISONG,small,1743
2023-12-31,URAVI,small,1744
2023-12-31,MANAKSTEEL,small,1745
2023-12-31,MODISONLTD,small,1746
2023-12-31,DEVIT,small,1748
2023-12-31,IITL,small,1753
2023-12-31,TIL,small,1755
2023-12-31,INSPIRISYS,small,1762
2023-12-31,ANMOL,small,1764
2023-12-31,BIL,small,1765
2023-12-31,EQUIPPP,small,1766
2023-12-31,KMSUGAR,small,1768
2023-12-31,RPPINFRA,small,1769
2023-12-31,MURUDCERA,small,1770
2023-12-31,ESSENTIA,small,1774
2023-12-31,JAYSREETEA,small,1778
2023-12-31,ASHIMASYN,small,1779
2023-12-31,AIRAN,small,1783
2023-12-31,IVC,small,1785
2023-12-31,IZMO,small,1786
2023-12-31,BROOKS,small,1787
2023-12-31,ABAN,small,1789
2023-12-31,HARRMALAYA,small,1794
2023-12-31,RELCAPITAL,small,1795
2023-12-31,MARALOVER,small,1796
2023-12-31,PREMIERPOL,small,1797
2023-12-31,SPMLINFRA,small,1798
2023-12-31,ALANKIT,small,1799
2023-12-31,SAH,small,1800
2023-12-31,SADBHAV,small,1810
2023-12-31,TEMBO,small,1813
2023-12-31,GUJAPOLLO,small,1816
2023-12-31,AARON,small,1817
2023-12-31,IL&FSENGG,small,1818
2023-12-31,INDTERRAIN,small,1820
2023-12-31,RAJMET,small,1822
2023-12-31,RAJTV,small,1827
2023-12-31,ELGIRUBCO,small,1829
2023-12-31,PRECOT,small,1831
2023-12-31,REMSONSIND,small,1833
2023-12-31,KANPRPLA,small,1836
2023-12-31,TRF,small,1839
2023-12-31,NILAINFRA,small,1841
2023-12-31,WANBURY,small,1843
2023-12-31,TIPSFILMS,small,1844
2023-12-31,PAR,small,1846
2023-12-31,GULFPETRO,small,1851
2023-12-31,RUCHINFRA,small,1853
2023-12-31,SUPERHOUSE,small,1854
2023-12-31,SEJALLTD,small,1855
2023-12-31,MGEL,small,1856
2023-12-31,MANOMAY,small,1862
2023-12-31,LGBFORGE,small,1866
2023-12-31,ARIES,small,1872
2023-12-31,LAL,small,1873
2023-12-31,GENCON,small,1875
2023-12-31,PILITA,small,1876
2023-12-31,EMKAY,small,1878
2023-12-31,AHLEAST,small,1879
2023-12-31,PRITI,small,1881
2023-12-31,ALMONDZ,small,1882
2023-12-31,MEP,small,1883
2023-12-31,VETO,small,1884
2023-12-31,INDOTHAI,small,1885
2023-12-31,MAHESHWARI,small,1886
2023-12-31,DTIL,small,1887
2023-12-31,RANEENGINE,small,1893
2023-12-31,BAFNAPH,small,1895
2023-12-31,BHAGYANGR,small,1896
2023-12-31,MCLEODRUSS,small,1898
2023-12-31,GINNIFILA,small,1900
2023-12-31,GVPTECH,small,1902
2023-12-31,RAMANEWS,small,1906
2023-12-31,RPPL,small,1913
2023-12-31,SUNDRMBRAK,small,1915
2023-12-31,LATTEYS,small,1918
2023-12-31,IRIS,small,1919
2023-12-31,IEL,small,1920
2023-12-31,AKSHARCHEM,small,1926
2023-12-31,MHLXMIRU,small,1927
2023-12-31,TOTAL,small,1929
2023-12-31,NECCLTD,small,1930
2023-12-31,RVHL,small,1937
2023-12-31,INTENTECH,small,1943
2023-12-31,ZODIAC,small,1944
2023-12-31,MAHAPEXLTD,small,1945
2023-12-31,UNITEDPOLY,small,1946
2023-12-31,TEXMOPIPES,small,1949
2023-12-31,PRITIKAUTO,small,1950
2023-12-31,DCI,small,1951
2023-12-31,LOVABLE,small,1954
2023-12-31,MAGNUM,small,1955
2023-12-31,ATAM,small,1958
2023-12-31,SVLL,small,1965
2023-12-31,MODIRUBBER,small,1971
2023-12-31,AARVI,small,1975
2023-12-31,TTL,small,1976
2023-12-31,SOFTTECH,small,1978
2023-12-31,DUCON,small,1979
2023-12-31,VIPULLTD,small,1981
2023-12-31,USK,small,1982
2023-12-31,RHL,small,1983
2023-12-31,SPLIL,small,1984
2023-12-31,PALREDTEC,small,1985
2023-12-31,KBCGLOBAL,small,1989
2023-12-31,NDGL,small,1990
2023-12-31,ISFT,small,1992
2023-12-31,WELINV,small,1993
2023-12-31,ASPINWALL,small,1994
2023-12-31,EROSMEDIA,small,1995
2023-12-31,COMPUSOFT,small,1996
2023-12-31,KAPSTON,small,1997
2023-12-31,BTML,small,1998
2023-12-31,GILLANDERS,small,2000
2023-12-31,KRITIKA,small,2003
2023-12-31,BHARATGEAR,small,2005
2023-12-31,IVP,small,2008
2023-12-31,BSL,small,2009
2023-12-31,INVENTURE,small,2010
2023-12-31,DRCSYSTEMS,small,2011
2023-12-31,AVONMORE,small,2013
2023-12-31,ALPHAGEO,small,2014
2023-12-31,BYKE,small,2017
2023-12-31,STARTECK,small,2020
2023-12-31,VISASTEEL,small,2021
2023-12-31,ELECTHERM,small,2023
2023-12-31,LOTUSEYE,small,2024
2023-12-31,DANGEE,small,2028
2023-12-31,SHIVATEX,small,2031
2023-12-31,JOCIL,small,2032
2023-12-31,EMMBI,small,2038
2023-12-31,TOUCHWOOD,small,2039
2023-12-31,JMA,small,2047
2023-12-31,AKSHAR,small,2051
2023-12-31,SMARTLINK,small,2052
2023-12-31,FRETAIL,small,2054
2023-12-31,KAKATCEM,small,2055
2023-12-31,RAJSREESUG,small,2056
2023-12-31,AKSHOPTFBR,small,2057
2023-12-31,CORALFINAC,small,2058
2023-12-31,WEIZMANIND,small,2059
2023-12-31,ANSALAPI,small,2061
2023-12-31,ZEELEARN,small,2062
2023-12-31,AIROLAM,small,2063
2023-12-31,RELCHEMQ,small,2065
2023-12-31,UMAEXPORTS,small,2067
2023-12-31,WORTH,small,2068
2023-12-31,ALPA,small,2069
2023-12-31,VISESHINFO,small,2072
2023-12-31,FCONSUMER,small,2074
2023-12-31,MANAKALUCO,small,2084
2023-12-31,INDOWIND,small,2085
2023-12-31,DJML,small,2086
2023-12-31,SIGIND,small,2088
2023-12-31,RKEC,small,2089
2023-12-31,A2ZINFRA,small,2092
2023-12-31,NOIDATOLL,small,2096
2023-12-31,MANGALAM,small,2097
2023-12-31,TARMAT,small,2098
2023-12-31,NITCO,small,2100
2023-12-31,PANSARI,small,2102
2023-12-31,CAPTRUST,small,2104
2023-12-31,DOLPHIN,small,2105
2023-12-31,KREBSBIO,small,2107
2023-12-31,SMSLIFE,small,2110
2023-12-31,JHS,small,2111
2023-12-31,UNITEDTEA,small,2112
2023-12-31,CCHHL,small,2114
2023-12-31,AARTECH,small,2115
2023-12-31,MANAKCOAT,small,2117
2023-12-31,UMANGDAIRY,small,2121
2023-12-31,SICALLOG,small,2122
2023-12-31,SURANAT&P,small,2123
2023-12-31,ARCHIDPLY,small,2125
2023-12-31,BALPHARMA,small,2127
2023-12-31,NIRAJ,small,2130
2023-12-31,SADBHIN,small,2132
2023-12-31,LAMBODHARA,small,2134
2023-12-31,HDIL,small,2135
2023-12-31,BEARDSELL,small,2139
2023-12-31,MUKTAARTS,small,2140
2023-12-31,SIL,small,2141
2023-12-31,SALONA,small,2144
2023-12-31,SALSTEEL,small,2145
2023-12-31,HINDCON,small,2146
2023-12-31,TREJHARA,small,2150
2023-12-31,VAISHALI,small,2153
2023-12-31,AHLADA,small,2154
2023-12-31,HINDNATGLS,small,2155
2023-12-31,INDBANK,small,2156
2023-12-31,INCREDIBLE,small,2158
2023-12-31,INDIANCARD,small,2160
2023-12-31,DCM,small,2162
2023-12-31,KOHINOOR,small,2163
2023-12-31,KALYANIFRG,small,2171
2023-12-31,VARDMNPOLY,small,2172
2023-12-31,ASTRON,small,2176
2023-12-31,NILASPACES,small,2178
2023-12-31,ACCURACY,small,2179
2023-12-31,ATALREAL,small,2180
2023-12-31,GOYALALUM,small,2181
2023-12-31,ATLANTAA,small,2183
2023-12-31,SECURKLOUD,small,2184
2023-12-31,ARVEE,small,2185
2023-12-31,AMJLAND,small,2186
2023-12-31,RSSOFTWARE,small,2194
2023-12-31,CORDSCABLE,small,2195
2023-12-31,MOTOGENFIN,small,2197
2023-12-31,PIONEEREMB,small,2199
2023-12-31,XELPMOC,small,2201
2023-12-31,IL&FSTRANS,small,2203
2023-12-31,LASA,small,2204
2023-12-31,SONAMLTD,small,2206
2023-12-31,SUNDARAM,small,2208
2023-12-31,ARTNIRMAN,small,2209
2023-12-31,AMDIND,small,2211
2023-12-31,AKI,small,2213
2023-12-31,GAYAPROJ,small,2216
2023-12-31,CTE,small,2222
2023-12-31,SURANASOL,small,2224
2023-12-31,LAGNAM,small,2230
2023-12-31,ARSHIYA,small,2234
2023-12-31,GTL,small,2239
2023-12-31,OMAXAUTO,small,2241
2023-12-31,MAHASTEEL,small,2243
2023-12-31,TAINWALCHM,small,2244
2023-12-31,GLOBALVECT,small,2248
2023-12-31,SURYALAXMI,small,2249
2023-12-31,ALKALI,small,2256
2023-12-31,GANGESSECU,small,2257
2023-12-31,HPIL,small,2258
2023-12-31,CENTEXT,small,2259
2023-12-31,DIL,small,2262
2023-12-31,UNIVASTU,small,2264
2023-12-31,RHFL,small,2271
2023-12-31,BAGFILMS,small,2274
2023-12-31,SHAH,small,2277
2023-12-31,SIMBHALS,small,2279
2023-12-31,OBCL,small,2280
2023-12-31,WIPL,small,2283
2023-12-31,ANIKINDS,small,2285
2023-12-31,DAMODARIND,small,2288
2023-12-31,AVROIND,small,2292
2023-12-31,SVPGLOB,small,2293
2023-12-31,PALASHSECU,small,2295
2023-12-31,BLBLIMITED,small,2296
2023-12-31,AAREYDRUGS,small,2297
2023-12-31,NITIRAJ,small,2298
2023-12-31,MITCON,small,2302
2023-12-31,YAARI,small,2306
2023-12-31,MRO-TEK,small,2309
2023-12-31,DBSTOCKBRO,small,2310
2023-12-31,DGCONTENT,small,2314
2023-12-31,SHAHALLOYS,small,2319
2023-12-31,MARSHALL,small,2322
2023-12-31,PRAENG,small,2325
2023-12-31,FLEXITUFF,small,2331
2023-12-31,SIKKO,small,2333
2023-12-31,SUMIT,small,2343
2023-12-31,PATINTLOG,small,2349
2023-12-31,AGRITECH,small,2351
2023-12-31,SUVIDHAA,small,2354
2023-12-31,GROBTEA,small,2356
2023-12-31,ROML,small,2360
2023-12-31,SHRADHA,small,2362
2023-12-31,TIRUPATIFL,small,2369
2023-12-31,PRAKASHSTL,small,2375
2023-12-31,SKIL,small,2376
2023-12-31,OILCOUNTUB,small,2382
2023-12-31,TOKYOPLAST,small,2383
2023-12-31,COMPINFO,small,2384
2023-12-31,STEELCITY,small,2388
2023-12-31,AUSOMENT,small,2395
2023-12-31,HISARMETAL,small,2403
2023-12-31,TPHQ,small,2406
2023-12-31,DELTAMAGNT,small,2407
2023-12-31,SETCO,small,2417
2023-12-31,LPDC,small,2420
2023-12-31,GATECH,small,2424
2023-12-31,JAIPURKURT,small,2425
2023-12-31,PANACHE,small,2427
2023-12-31,ENERGYDEV,small,2428
2023-12-31,DIGJAMLMTD,small,2430
2023-12-31,BHANDARI,small,2433
2023-12-31,CINEVISTA,small,2434
2023-12-31,SECMARK,small,2438
2023-12-31,CELEBRITY,small,2443
2023-12-31,FIBERWEB,small,2445
2023-12-31,BVCL,small,2450
2023-12-31,REGENCERAM,small,2451
2023-12-31,INDSWFTLTD,small,2454
2023-12-31,ARCHIES,small,2457
2023-12-31,GOLDENTOBC,small,2465
2023-12-31,PKTEA,small,2466
2023-12-31,GTECJAINX,small,2471
2023-12-31,SOMICONVEY,small,2472
2023-12-31,DHRUV,small,2475
2023-12-31,THOMASCOTT,small,2483
2023-12-31,AKG,small,2488
2023-12-31,MCL,small,2493
2023-12-31,VINNY,small,2496
2023-12-31,AAATECH,small,2498
2023-12-31,SPTL,small,2503
2023-12-31,BIOFILCHEM,small,2511
2023-12-31,FLFL,small,2513
2023-12-31,KEYFINSERV,small,2519
2023-12-31,SECURCRED,small,2520
2023-12-31,MORARJEE,small,2521
2023-12-31,LEXUS,small,2526
2023-12-31,TREEHOUSE,small,2528
2023-12-31,BANKA,small,2530
2023-12-31,AROGRANITE,small,2531
2023-12-31,KANANIIND,small,2533
2023-12-31,MOKSH,small,2535
2023-12-31,WEWIN,small,2536
2023-12-31,AGROPHOS,small,2541
2023-12-31,SUPREMEINF,small,2548
2023-12-31,CEREBRAINT,small,2552
2023-12-31,VASWANI,small,2554
2023-12-31,ORIENTLTD,small,2555
2023-12-31,SAMPANN,small,2564
2023-12-31,MBECL,small,2568
2023-12-31,NIBL,small,2570
2023-12-31,GANGAFORGE,small,2572
2023-12-31,PODDARHOUS,small,2576
2023-12-31,ZENITHSTL,small,2580
2023-12-31,SOMATEX,small,2581
2023-12-31,SRPL,small,2584
2023-12-31,SITINET,small,2587
2023-12-31,AAKASH,small,2588
2023-12-31,CUBEXTUB,small,2590
2023-12-31,HOVS,small,2595
2023-12-31,BOHRAIND,small,2598
2023-12-31,CROWN,small,2610
2023-12-31,SHIVAMILLS,small,2614
2023-12-31,BANG,small,2618
2023-12-31,MANUGRAPH,small,2621
2023-12-31,ZENITHEXPO,small,2632
2023-12-31,NAGREEKEXP,small,2633
2023-12-31,SAMBHAAV,small,2634
2023-12-31,TIMESGTY,small,2639
2023-12-31,MALUPAPER,small,2641
2023-12-31,SHRENIK,small,2644
2023-12-31,SEYAIND,small,2646
2023-12-31,NGIL,small,2650
2023-12-31,S&SPOWER,small,2656
2023-12-31,FEL,small,2660
2023-12-31,KARMAENG,small,2661
2023-12-31,BANARBEADS,small,2695
2023-12-31,AMBICAAGAR,small,2696
2023-12-31,PNC,small,2709
2023-12-31,TERASOFT,small,2716
2023-12-31,PRUDMOULI,small,2721
2023-12-31,AARVEEDEN,small,2732
2023-12-31,GODHA,small,2736
2023-12-31,GLOBE,small,2739
2023-12-31,ANKITMETAL,small,2749
2023-12-31,PARASPETRO,small,2752
2023-12-31,TFL,small,2760
2023-12-31,EXCEL,small,2776
2023-12-31,VINEETLAB,small,2788
2023-12-31,PIGL,small,2798
2023-12-31,ASHOKAMET,small,2799
2023-12-31,JETFREIGHT,small,2808
2023-12-31,HECPROJECT,small,2815
2023-12-31,AKASH,small,2822
2023-12-31,SUULD,small,2823
2023-12-31,BINANIIND,small,2826
2023-12-31,BURNPUR,small,2847
2023-12-31,FSC,small,2861
2023-12-31,ARSSINFRA,small,2870
2023-12-31,DNAMEDIA,small,2878
2023-12-31,MADHUCON,small,2884
2023-12-31,RKDL,small,2887
2023-12-31,ADL,small,2889
2023-12-31,SUPERSPIN,small,2890
2023-12-31,PEARLPOLY,small,2893
2023-12-31,MADHAV,small,2907
2023-12-31,LFIC,small,2908
2023-12-31,3PLAND,small,2918
2023-12-31,HBSL,small,2920
2023-12-31,TCLCONS,small,2925
2023-12-31,ADROITINFO,small,2929
2023-12-31,SAGARDEEP,small,2943
2023-12-31,ABMINTLLTD,small,2946
2023-12-31,AJOONI,small,2947
2023-12-31,SGL,small,2960
2023-12-31,NEXTMEDIA,small,2961
2023-12-31,ICDSLTD,small,2969
2023-12-31,KHANDSE,small,2981
2023-12-31,SANGINITA,small,2985
2023-12-31,ROLTA,small,2989
2023-12-31,LIBAS,small,3002
2023-12-31,LAXMICOT,small,3015
2023-12-31,ACEINTEG,small,3023
2023-12-31,TECILCHEM,small,3037
2023-12-31,WINSOME,small,3044
2023-12-31,COUNCODOS,small,3046
2023-12-31,TNTELE,small,3049
2023-12-31,TGBHOTELS,small,3051
2023-12-31,KEEPLEARN,small,3059
2023-12-31,VCL,small,3075
2023-12-31,SUMEETINDS,small,3096
2023-12-31,FMNL,small,3103
2023-12-31,KSHITIJPOL,small,3112
2023-12-31,SANWARIA,small,3118
2023-12-31,BALKRISHNA,small,3122
2023-12-31,NKIND,small,3140
2023-12-31,EDUCOMP,small,3149
2023-12-31,MTEDUCARE,small,3161
2023-12-31,ROLLT,small,3165
2023-12-31,CYBERMEDIA,small,3169
2023-12-31,HAVISHA,small,3180
2023-12-31,DIACABS,small,3182
2023-12-31,WILLAMAGOR,small,3187
2023-12-31,UNIINFO,small,3199
2023-12-31,VIVIDHA,small,3204
2023-12-31,HEADSUP,small,3206
2023-12-31,IMPEXFERRO,small,3209
2023-12-31,GOENKA,small,3221
2023-12-31,NARMADA,small,3222
2023-12-31,KHAITANLTD,small,3230
2023-12-31,INFOMEDIA,small,3232
2023-12-31,SILGO,small,3267
2023-12-31,MITTAL,small,3271
2023-12-31,HYBRIDFIN,small,3307
2023-12-31,GFSTEELS,small,3321
2023-12-31,MOHITIND,small,3325
2023-12-31,KRIDHANINF,small,3328
2023-12-31,KAUSHALYA,small,3338
2023-12-31,CALSOFT,small,3343
2023-12-31,SPYL,small,3345
2023-12-31,NAGREEKCAP,small,3353
2023-12-31,21STCENMGM,small,3360
2023-12-31,LCCINFOTEC,small,3373
2023-12-31,SPENTEX,small,3397
2023-12-31,ORIENTALTL,small,3400
2023-12-31,GAYAHWS,small,3409
2023-12-31,KAVVERITEL,small,3422
2023-12-31,ONELIFECAP,small,3429
2023-12-31,SUPREMEENG,small,3439
2023-12-31,OMKARCHEM,small,3449
2023-12-31,SHANTI,small,3450
2023-12-31,GUJRAFFIA,small,3469
2023-12-31,TECHIN,small,3485
2023-12-31,MASKINVEST,small,3486
2023-12-31,SILLYMONKS,small,3512
2023-12-31,TIJARIA,small,3519
2023-12-31,EASTSILK,small,3528
2023-12-31,ORTINLAB,small,3562
2023-12-31,LYPSAGEMS,small,3582
2023-12-31,METALFORGE,small,3591
2023-12-31,VIJIFIN,small,3611
2023-12-31,ANTGRAPHIC,small,3684
2023-12-31,UMESLTD,small,3688
2023-12-31,TVVISION,small,3716
2023-12-31,NORBTEAEXP,small,3757
2023-12-31,KALYANI,small,3760
2023-12-31,ARENTERP,small,3795
2023-12-31,CMICABLES,small,3843
2023-12-31,EUROTEXIND,small,3863
2023-12-31,GLFL,small,3876
2023-12-31,SETUINFRA,small,3900
2023-12-31,TARAPUR,small,3904
2023-12-31,PREMIER,small,3942
2023-12-31,SANCO,small,3963
2023-12-31,DCMFINSERV,small,3978
2023-12-31,SHYAMTEL,small,4008
2023-12-31,RADAAN,small,4017
2023-12-31,ALPSINDUS,small,4029
2023-12-31,CREATIVEYE,small,4067
2023-12-31,UNIVAFOODS,small,4086
2023-12-31,BLUECOAST,small,4113
2023-12-31,NIRAJISPAT,small,4150
2023-12-31,BLUECHIP,small,4161
2023-12-31,BKMINDST,small,4207
2023-12-31,LAKPRE,small,4226
2023-12-31,SABTN,small,4237
2023-12-31,SABEVENTS,small,4380
2023-12-31,TCIFINANCE,small,4419
2023-12-31,BGLOBAL,small,4475
2023-12-31,MELSTAR,small,4488
2023-12-31,QUINTEGRA,small,4568
2023-12-31,ORTEL,small,4570
2023-12-31,GANGOTRI,small,4607
2023-12-31,RAJVIR,small,4723
2024-06-30,RELIANCE,large,1
2024-06-30,TCS,large,2
2024-06-30,HDFCBANK,large,3
2024-06-30,ICICIBANK,large,4
2024-06-30,BHARTIARTL,large,5
2024-06-30,SBIN,large,6
2024-06-30,INFY,large,7
2024-06-30,LICI,large,8
2024-06-30,HINDUNILVR,large,9
2024-06-30,ITC,large,10
2024-06-30,LT,large,11
2024-06-30,BAJFINANCE,large,12
2024-06-30,HCLTECH,large,13
2024-06-30,MARUTI,large,14
2024-06-30,SUNPHARMA,large,15
2024-06-30,ADANIENT,large,16
2024-06-30,KOTAKBANK,large,17
2024-06-30,TATAMOTORS,large,18
2024-06-30,AXISBANK,large,19
2024-06-30,NTPC,large,20
2024-06-30,ONGC,large,21
2024-06-30,TITAN,large,22
2024-06-30,ULTRACEMCO,large,23
2024-06-30,ADANIGREEN,large,24
2024-06-30,ADANIPORTS,large,25
2024-06-30,ASIANPAINT,large,26
2024-06-30,DMART,large,27
2024-06-30,COALINDIA,large,28
2024-06-30,POWERGRID,large,29
2024-06-30,M&M,large,30
2024-06-30,BAJAJFINSV,large,31
2024-06-30,WIPRO,large,32
2024-06-30,HAL,large,33
2024-06-30,NESTLEIND,large,34
2024-06-30,BAJAJ-AUTO,large,35
2024-06-30,ADANIPOWER,large,36
2024-06-30,IOC,large,37
2024-06-30,DLF,large,38
2024-06-30,JSWSTEEL,large,39
2024-06-30,JIOFIN,large,40
2024-06-30,IRFC,large,41
2024-06-30,SIEMENS,large,42
2024-06-30,TATASTEEL,large,43
2024-06-30,VBL,large,44
2024-06-30,HINDZINC,large,45
2024-06-30,BEL,large,46
2024-06-30,LTIM,large,47
2024-06-30,GRASIM,large,48
2024-06-30,ZOMATO,large,49
2024-06-30,PIDILITIND,large,50
2024-06-30,SBILIFE,large,51
2024-06-30,TRENT,large,52
2024-06-30,PFC,large,53
2024-06-30,INDIGO,large,54
2024-06-30,BANKBARODA,large,55
2024-06-30,HINDALCO,large,56
2024-06-30,PNB,large,57
2024-06-30,ABB,large,58
2024-06-30,TATAPOWER,large,59
2024-06-30,HDFCLIFE,large,60
2024-06-30,GODREJCP,large,61
2024-06-30,BPCL,large,62
2024-06-30,VEDL,large,63
2024-06-30,TECHM,large,64
2024-06-30,RECLTD,large,65
2024-06-30,AMBUJACEM,large,66
2024-06-30,GAIL,large,67
2024-06-30,BRITANNIA,large,68
2024-06-30,ADANIENSOL,large,69
2024-06-30,LODHA,large,70
2024-06-30,INDUSINDBK,large,71
2024-06-30,IOB,large,72
2024-06-30,CIPLA,large,73
2024-06-30,EICHERMOT,large,74
2024-06-30,UNIONBANK,large,75
2024-06-30,TATACONSUM,large,76
2024-06-30,ATGL,large,77
2024-06-30,DIVISLAB,large,78
2024-06-30,CHOLAFIN,large,79
2024-06-30,CANBK,large,80
2024-06-30,TVSMOTOR,large,81
2024-06-30,DRREDDY,large,82
2024-06-30,HAVELLS,large,83
2024-06-30,DABUR,large,84
2024-06-30,HEROMOTOCO,large,85
2024-06-30,SHREECEM,large,86
2024-06-30,ZYDUSLIFE,large,87
2024-06-30,JSWENERGY,large,88
2024-06-30,BAJAJHLDNG,large,89
2024-06-30,NHPC,large,90
2024-06-30,SHRIRAMFIN,large,91
2024-06-30,IDBI,large,92
2024-06-30,JINDALSTEL,large,93
2024-06-30,TORNTPHARM,large,94
2024-06-30,APOLLOHOSP,large,95
2024-06-30,BHEL,large,96
2024-06-30,MANKIND,large,97
2024-06-30,MOTHERSON,large,98
2024-06-30,UNITDSPR,large,99
2024-06-30,BOSCHLTD,large,100
2024-06-30,CUMMINSIND,mid,101
2024-06-30,POLYCAB,mid,102
2024-06-30,CGPOWER,mid,103
2024-06-30,ICICIPRULI,mid,104
2024-06-30,ICICIGI,mid,105
2024-06-30,HDFCAMC,mid,106
2024-06-30,INDHOTEL,mid,107
2024-06-30,IDEA,mid,108
2024-06-30,IRCTC,mid,109
2024-06-30,MAXHEALTH,mid,110
2024-06-30,INDUSTOWER,mid,111
2024-06-30,SOLARINDS,mid,112
2024-06-30,NAUKRI,mid,113
2024-06-30,TIINDIA,mid,114
2024-06-30,COLPAL,mid,115
2024-06-30,LUPIN,mid,116
2024-06-30,SRF,mid,117
2024-06-30,YESBANK,mid,118
2024-06-30,MARICO,mid,119
2024-06-30,HINDPETRO,mid,120
2024-06-30,GODREJPROP,mid,121
2024-06-30,NMDC,mid,122
2024-06-30,INDIANB,mid,123
2024-06-30,SBICARD,mid,124
2024-06-30,OFSS,mid,125
2024-06-30,AUROPHARMA,mid,126
2024-06-30,UCOBANK,mid,127
2024-06-30,BERGEPAINT,mid,128
2024-06-30,GICRE,mid,129
2024-06-30,TORNTPOWER,mid,130
2024-06-30,MUTHOOTFIN,mid,131
2024-06-30,OIL,mid,132
2024-06-30,BHARATFORG,mid,133
2024-06-30,BANKINDIA,mid,134
2024-06-30,ALKEM,mid,135
2024-06-30,PERSISTENT,mid,136
2024-06-30,RVNL,mid,137
2024-06-30,LINDEINDIA,mid,138
2024-06-30,SUZLON,mid,139
2024-06-30,CONCOR,mid,140
2024-06-30,SUPREMEIND,mid,141
2024-06-30,SAIL,mid,142
2024-06-30,IDFCFIRSTB,mid,143
2024-06-30,MRF,mid,144
2024-06-30,JSL,mid,146
2024-06-30,ASHOKLEY,mid,147
2024-06-30,OBEROIRLTY,mid,148
2024-06-30,PRESTIGE,mid,149
2024-06-30,PIIND,mid,150
2024-06-30,SCHAEFFLER,mid,151
2024-06-30,ASTRAL,mid,152
2024-06-30,LTTS,mid,153
2024-06-30,PATANJALI,mid,154
2024-06-30,CENTRALBK,mid,155
2024-06-30,PGHH,mid,156
2024-06-30,JSWINFRA,mid,157
2024-06-30,TATACOMM,mid,158
2024-06-30,ABCAPITAL,mid,159
2024-06-30,PHOENIXLTD,mid,160
2024-06-30,GMRINFRA,mid,161
2024-06-30,POLICYBZR,mid,162
2024-06-30,MAZDOCK,mid,163
2024-06-30,BALKRISIND,mid,164
2024-06-30,BHARTIHEXA,mid,165
2024-06-30,THERMAX,mid,166
2024-06-30,UBL,mid,167
2024-06-30,SJVN,mid,168
2024-06-30,FACT,mid,169
2024-06-30,NYKAA,mid,170
2024-06-30,TATAELXSI,mid,171
2024-06-30,ACC,mid,172
2024-06-30,DIXON,mid,173
2024-06-30,MPHASIS,mid,174
2024-06-30,SUNDARMFIN,mid,175
2024-06-30,AWL,mid,176
2024-06-30,AUBANK,mid,177
2024-06-30,TATATECH,mid,178
2024-06-30,IREDA,mid,179
2024-06-30,MAHABANK,mid,180
2024-06-30,UNOMINDA,mid,181
2024-06-30,APLAPOLLO,mid,182
2024-06-30,PETRONET,mid,183
2024-06-30,KPITTECH,mid,184
2024-06-30,HUDCO,mid,185
2024-06-30,LTF,mid,186
2024-06-30,KALYANKJIL,mid,187
2024-06-30,PAGEIND,mid,188
2024-06-30,VOLTAS,mid,189
2024-06-30,PSB,mid,190
2024-06-30,NIACL,mid,191
2024-06-30,UPL,mid,192
2024-06-30,GUJGASLTD,mid,193
2024-06-30,HONAUT,mid,194
2024-06-30,FEDERALBNK,mid,195
2024-06-30,BDL,mid,196
2024-06-30,IRB,mid,197
2024-06-30,SONACOMS,mid,198
2024-06-30,FLUOROCHEM,mid,199
2024-06-30,GLAXO,mid,200
2024-06-30,DALBHARAT,mid,201
2024-06-30,MRPL,mid,202
2024-06-30,3MINDIA,mid,203
2024-06-30,AIAENG,mid,204
2024-06-30,POONAWALLA,mid,205
2024-06-30,ESCORTS,mid,206
2024-06-30,COFORGE,mid,207
2024-06-30,COROMANDEL,mid,208
2024-06-30,LICHSGFIN,mid,209
2024-06-30,BIOCON,mid,210
2024-06-30,M&MFIN,mid,211
2024-06-30,MEDANTA,mid,212
2024-06-30,BSE,mid,213
2024-06-30,NAM-INDIA,mid,214
2024-06-30,EXIDEIND,mid,215
2024-06-30,POWERINDIA,mid,216
2024-06-30,MFSL,mid,217
2024-06-30,FORTIS,mid,218
2024-06-30,KEI,mid,219
2024-06-30,CRISIL,mid,220
2024-06-30,NLCINDIA,mid,221
2024-06-30,JUBLFOOD,mid,222
2024-06-30,BANDHANBNK,mid,223
2024-06-30,LLOYDSME,mid,224
2024-06-30,STARHEALTH,mid,225
2024-06-30,JKCEMENT,mid,226
2024-06-30,TATAINVEST,mid,227
2024-06-30,DELHIVERY,mid,228
2024-06-30,DEEPAKNTR,mid,229
2024-06-30,COCHINSHIP,mid,230
2024-06-30,APOLLOTYRE,mid,231
2024-06-30,IGL,mid,232
2024-06-30,METROBRAND,mid,233
2024-06-30,IPCALAB,mid,234
2024-06-30,NATIONALUM,mid,235
2024-06-30,GLAND,mid,236
2024-06-30,HINDCOPPER,mid,237
2024-06-30,MSUMI,mid,238
2024-06-30,GODIGIT,mid,239
2024-06-30,MOTILALOFS,mid,240
2024-06-30,ZFCVINDIA,mid,241
2024-06-30,ITI,mid,242
2024-06-30,ENDURANCE,mid,243
2024-06-30,PAYTM,mid,244
2024-06-30,SYNGENE,mid,245
2024-06-30,AJANTPHARM,mid,246
2024-06-30,GLENMARK,mid,247
2024-06-30,APARINDS,mid,248
2024-06-30,GODREJIND,mid,249
2024-06-30,BLUESTARCO,mid,250
2024-06-30,KPRMILL,small,251
2024-06-30,TATACHEM,small,252
2024-06-30,JBCHEPHARM,small,253
2024-06-30,360ONE,small,254
2024-06-30,KIOCL,small,255
2024-06-30,NH,small,256
2024-06-30,SUNTV,small,257
2024-06-30,EIHOTEL,small,258
2024-06-30,GET&D,small,259
2024-06-30,TIMKEN,small,261
2024-06-30,CARBORUNIV,small,262
2024-06-30,GRINDWELL,small,263
2024-06-30,ANGELONE,small,264
2024-06-30,MANYAVAR,small,265
2024-06-30,ABFRL,small,266
2024-06-30,SKFINDIA,small,267
2024-06-30,BRIGADE,small,268
2024-06-30,SUNDRMFAST,small,269
2024-06-30,ISEC,small,270
2024-06-30,AARTIIND,small,271
2024-06-30,HATSUN,small,272
2024-06-30,KANSAINER,small,273
2024-06-30,CREDITACC,small,274
2024-06-30,NBCC,small,275
2024-06-30,EMAMILTD,small,276
2024-06-30,JBMA,small,277
2024-06-30,LAURUSLABS,small,278
2024-06-30,RADICO,small,279
2024-06-30,RATNAMANI,small,280
2024-06-30,GILLETTE,small,281
2024-06-30,IRCON,small,282
2024-06-30,CYIENT,small,283
2024-06-30,FIVESTAR,small,284
2024-06-30,CROMPTON,small,285
2024-06-30,RELAXO,small,286
2024-06-30,CHOLAHLDNG,small,287
2024-06-30,TRIDENT,small,288
2024-06-30,ASTERDM,small,289
2024-06-30,LALPATHLAB,small,290
2024-06-30,PFIZER,small,291
2024-06-30,CDSL,small,292
2024-06-30,SUMICHEM,small,293
2024-06-30,RAMCOCEM,small,294
2024-06-30,KAJARIACER,small,295
2024-06-30,BSOFT,small,296
2024-06-30,ELGIEQUIP,small,297
2024-06-30,DEVYANI,small,298
2024-06-30,PEL,small,299
2024-06-30,PNBHOUSING,small,300
2024-06-30,CASTROLIND,small,301
2024-06-30,SONATSOFTW,small,302
2024-06-30,CENTURYTEX,small,303
2024-06-30,IIFL,small,304
2024-06-30,TVSHLTD,small,305
2024-06-30,IDFC,small,306
2024-06-30,GSPL,small,307
2024-06-30,CIEINDIA,small,308
2024-06-30,APLLTD,small,309
2024-06-30,KAYNES,small,310
2024-06-30,PPLPHARMA,small,311
2024-06-30,CGCL,small,312
2024-06-30,KEC,small,313
2024-06-30,BATAINDIA,small,315
2024-06-30,CESC,small,316
2024-06-30,AEGISLOG,small,317
2024-06-30,ATUL,small,318
2024-06-30,SWANENERGY,small,319
2024-06-30,WHIRLPOOL,small,320
2024-06-30,CELLO,small,321
2024-06-30,JWL,small,322
2024-06-30,INOXWIND,small,323
2024-06-30,SIGNATURE,small,324
2024-06-30,JYOTICNC,small,325
2024-06-30,RRKABEL,small,326
2024-06-30,NATCOPHARM,small,327
2024-06-30,SHYAMMETL,small,328
2024-06-30,NSLNISP,small,329
2024-06-30,ARE&M,small,330
2024-06-30,VINATIORGA,small,331
2024-06-30,FINCABLES,small,332
2024-06-30,SUVENPHAR,small,333
2024-06-30,KPIL,small,334
2024-06-30,CHALET,small,335
2024-06-30,TBOTEK,small,336
2024-06-30,JYOTHYLAB,small,337
2024-06-30,APTUS,small,338
2024-06-30,NAVINFLUOR,small,340
2024-06-30,HSCL,small,341
2024-06-30,LAXMIMACH,small,342
2024-06-30,KIMS,small,343
2024-06-30,TTML,small,344
2024-06-30,AFFLE,small,345
2024-06-30,JINDALSAW,small,346
2024-06-30,RITES,small,347
2024-06-30,ZEEL,small,348
2024-06-30,GODFRYPHLP,small,349
2024-06-30,FINPIPE,small,350
2024-06-30,SCHNEIDER,small,351
2024-06-30,TRITURBINE,small,352
2024-06-30,BASF,small,353
2024-06-30,JAIBALAJI,small,354
2024-06-30,TEJASNET,small,355
2024-06-30,REDINGTON,small,356
2024-06-30,BLUEDART,small,357
2024-06-30,CHAMBLFERT,small,358
2024-06-30,INDIAMART,small,359
2024-06-30,AADHARHFC,small,360
2024-06-30,SANOFI,small,361
2024-06-30,NUVAMA,small,362
2024-06-30,NCC,small,363
2024-06-30,RBLBANK,small,364
2024-06-30,CONCORDBIO,small,365
2024-06-30,POLYMED,small,366
2024-06-30,CENTURYPLY,small,367
2024-06-30,ACE,small,368
2024-06-30,SOBHA,small,369
2024-06-30,MANAPPURAM,small,370
2024-06-30,AIIL,small,371
2024-06-30,CAMS,small,372
2024-06-30,ANANDRATHI,small,373
2024-06-30,DCMSHRIRAM,small,374
2024-06-30,KARURVYSYA,small,375
2024-06-30,ABSLAMC,small,376
2024-06-30,GESHIP,small,377
2024-06-30,VGUARD,small,378
2024-06-30,TITAGARH,small,379
2024-06-30,CLEAN,small,380
2024-06-30,BEML,small,381
2024-06-30,WELCORP,small,382
2024-06-30,OLECTRA,small,383
2024-06-30,J&KBANK,small,384
2024-06-30,WELSPUNLIV,small,385
2024-06-30,BLS,small,386
2024-06-30,ASTRAZEN,small,387
2024-06-30,HFCL,small,388
2024-06-30,KSB,small,389
2024-06-30,SWSOLAR,small,390
2024-06-30,ALOKINDS,small,391
2024-06-30,BIKAJI,small,392
2024-06-30,DATAPATTNS,small,393
2024-06-30,ASAHIINDIA,small,394
2024-06-30,KIRLOSENG,small,395
2024-06-30,FSL,small,396
2024-06-30,HONASA,small,397
2024-06-30,PVRINOX,small,398
2024-06-30,MGL,small,399
2024-06-30,HBLPOWER,small,400
2024-06-30,IEX,small,401
2024-06-30,FINEORG,small,402
2024-06-30,ZENSARTECH,small,403
2024-06-30,RHIM,small,404
2024-06-30,CHENNPETRO,small,405
2024-06-30,INTELLECT,small,406
2024-06-30,RKFORGE,small,407
2024-06-30,RAYMOND,small,408
2024-06-30,INDGN,small,409
2024-06-30,GRINFRA,small,410
2024-06-30,GMDCLTD,small,411
2024-06-30,RAINBOW,small,412
2024-06-30,TANLA,small,413
2024-06-30,ENGINERSIN,small,414
2024-06-30,AMBER,small,415
2024-06-30,HAPPSTMNDS,small,416
2024-06-30,RAILTEL,small,417
2024-06-30,WESTLIFE,small,418
2024-06-30,VTL,small,419
2024-06-30,IBULHSGFIN,small,420
2024-06-30,JPPOWER,small,421
2024-06-30,SPLPETRO,small,422
2024-06-30,IFCI,small,423
2024-06-30,ERIS,small,424
2024-06-30,AAVAS,small,425
2024-06-30,INGERRAND,small,426
2024-06-30,ECLERX,small,427
2024-06-30,NUVOCO,small,428
2024-06-30,ANANTRAJ,small,429
2024-06-30,ELECON,small,430
2024-06-30,NEWGEN,small,431
2024-06-30,AKZOINDIA,small,432
2024-06-30,PTCIL,small,433
2024-06-30,GRSE,small,434
2024-06-30,BIRLACORPN,small,435
2024-06-30,MAHSEAMLES,small,436
2024-06-30,GRAPHITE,small,437
2024-06-30,UTIAMC,small,438
2024-06-30,GPIL,small,439
2024-06-30,BAJAJELEC,small,440
2024-06-30,JKTYRE,small,441
2024-06-30,EQUITASBNK,small,442
2024-06-30,BBTC,small,443
2024-06-30,PNCINFRA,small,444
2024-06-30,AETHER,small,445
2024-06-30,MMTC,small,446
2024-06-30,KFINTECH,small,447
2024-06-30,EIDPARRY,small,448
2024-06-30,LEMONTREE,small,449
2024-06-30,SFL,small,450
2024-06-30,ALKYLAMINE,small,451
2024-06-30,DBREALTY,small,452
2024-06-30,CUB,small,453
2024-06-30,RTNINDIA,small,454
2024-06-30,INOXINDIA,small,455
2024-06-30,RPOWER,small,456
2024-06-30,ZYDUSWELL,small,457
2024-06-30,GRANULES,small,458
2024-06-30,CAPLIPOINT,small,459
2024-06-30,GODREJAGRO,small,460
2024-06-30,MAPMYINDIA,small,461
2024-06-30,CEATLTD,small,462
2024-06-30,SCI,small,463
2024-06-30,CANFINHOME,small,464
2024-06-30,USHAMART,small,465
2024-06-30,SPARC,small,466
2024-06-30,PCBL,small,467
2024-06-30,UJJIVANSFB,small,468
2024-06-30,TECHNOE,small,469
2024-06-30,JUNIPER,small,470
2024-06-30,TTKPRESTIG,small,471
2024-06-30,GNFC,small,472
2024-06-30,LATENTVIEW,small,473
2024-06-30,JUBLPHARMA,small,474
2024-06-30,KIRLOSBROS,small,475
2024-06-30,JKLAKSHMI,small,476
2024-06-30,DOMS,small,477
2024-06-30,MINDACORP,small,478
2024-06-30,ELECTCAST,small,479
2024-06-30,GLS,small,480
2024-06-30,NETWEB,small,481
2024-06-30,NETWORK18,small,482
2024-06-30,ROUTE,small,484
2024-06-30,PRAJIND,small,485
2024-06-30,CERA,small,486
2024-06-30,FORCEMOT,small,487
2024-06-30,RENUKA,small,489
2024-06-30,GSFC,small,490
2024-06-30,KPIGREEN,small,491
2024-06-30,ANURAS,small,492
2024-06-30,SAFARI,small,493
2024-06-30,CRAFTSMAN,small,494
2024-06-30,GPPL,small,495
2024-06-30,HAPPYFORGE,small,496
2024-06-30,RAJESHEXPO,small,497
2024-06-30,VOLTAMP,small,498
2024-06-30,SAPPHIRE,small,499
2024-06-30,MAHLIFE,small,500
2024-06-30,REDTAPE,small,501
2024-06-30,SBFC,small,502
2024-06-30,GALAXYSURF,small,503
2024-06-30,INFIBEAM,small,504
2024-06-30,SYRMA,small,505
2024-06-30,METROPOLIS,small,506
2024-06-30,TEGA,small,508
2024-06-30,RATEGAIN,small,509
2024-06-30,TV18BRDCST,small,510
2024-06-30,MAHSCOOTER,small,511
2024-06-30,THOMASCOOK,small,512
2024-06-30,RCF,small,513
2024-06-30,STARCEMENT,small,514
2024-06-30,JMFINANCIL,small,515
2024-06-30,PRSMJOHNSN,small,516
2024-06-30,KTKBANK,small,518
2024-06-30,RELINFRA,small,520
2024-06-30,ESABINDIA,small,521
2024-06-30,VARROC,small,522
2024-06-30,MASTEK,small,523
2024-06-30,NEULANDLAB,small,524
2024-06-30,MEDPLUS,small,525
2024-06-30,MHRIL,small,526
2024-06-30,PGHL,small,527
2024-06-30,QUESS,small,528
2024-06-30,VESUVIUS,small,529
2024-06-30,ARVIND,small,530
2024-06-30,EMIL,small,531
2024-06-30,SARDAEN,small,532
2024-06-30,HOMEFIRST,small,533
2024-06-30,SHOPERSTOP,small,534
2024-06-30,CCL,small,535
2024-06-30,MIDHANI,small,536
2024-06-30,SHRIPISTON,small,537
2024-06-30,SAREGAMA,small,538
2024-06-30,ACI,small,539
2024-06-30,EASEMYTRIP,small,540
2024-06-30,RESPONIND,small,541
2024-06-30,WOCKPHARMA,small,542
2024-06-30,JLHL,small,543
2024-06-30,CAMPUS,small,544
2024-06-30,POWERMECH,small,545
2024-06-30,HEG,small,546
2024-06-30,BALRAMCHIN,small,547
2024-06-30,TVSSCS,small,548
2024-06-30,JUBLINGREA,small,549
2024-06-30,KNRCON,small,550
2024-06-30,NAVA,small,551
2024-06-30,JUSTDIAL,small,552
2024-06-30,MANINFRA,small,553
2024-06-30,RUSTOMJEE,small,554
2024-06-30,GAEL,small,555
2024-06-30,SANDUMA,small,556
2024-06-30,ZENTEC,small,557
2024-06-30,GENUSPOWER,small,558
2024-06-30,IWEL,small,559
2024-06-30,TMB,small,560
2024-06-30,IONEXCHANG,small,561
2024-06-30,CHEMPLASTS,small,562
2024-06-30,MOIL,small,564
2024-06-30,TRIVENI,small,565
2024-06-30,VIPIND,small,566
2024-06-30,ISGEC,small,567
2024-06-30,STAR,small,568
2024-06-30,HGINFRA,small,569
2024-06-30,RELIGARE,small,570
2024-06-30,AZAD,small,571
2024-06-30,BALAMINES,small,572
2024-06-30,ALLCARGO,small,573
2024-06-30,PURVA,small,574
2024-06-30,TEXRAIL,small,575
2024-06-30,FDC,small,576
2024-06-30,SOUTHBANK,small,577
2024-06-30,KRBL,small,578
2024-06-30,DEEPAKFERT,small,579
2024-06-30,AVANTIFEED,small,580
2024-06-30,MARKSANS,small,581
2024-06-30,LTFOODS,small,582
2024-06-30,JSWHL,small,583
2024-06-30,AHLUCONT,small,584
2024-06-30,INDIACEM,small,585
2024-06-30,VIJAYA,small,586
2024-06-30,GARFIBRES,small,587
2024-06-30,GREENLAM,small,588
2024-06-30,LXCHEM,small,589
2024-06-30,PRINCEPIPE,small,590
2024-06-30,BECTORFOOD,small,591
2024-06-30,GRAVITA,small,592
2024-06-30,EDELWEISS,small,593
2024-06-30,TRIL,small,594
2024-06-30,SURYAROSNI,small,596
2024-06-30,BORORENEW,small,597
2024-06-30,JINDWORLD,small,598
2024-06-30,SUNTECK,small,599
2024-06-30,SYMPHONY,small,600
2024-06-30,TCI,small,601
2024-06-30,IBREALEST,small,602
2024-06-30,ICIL,small,603
2024-06-30,PDSL,small,604
2024-06-30,INDIGOPNTS,small,605
2024-06-30,JKPAPER,small,606
2024-06-30,VAIBHAVGBL,small,607
2024-06-30,SENCO,small,608
2024-06-30,ASTRAMICRO,small,609
2024-06-30,CMSINFO,small,610
2024-06-30,INDIASHLTR,small,611
2024-06-30,BLUEJET,small,612
2024-06-30,SPANDANA,small,614
2024-06-30,IXIGO,small,615
2024-06-30,LLOYDSENGG,small,616
2024-06-30,NIITMTS,small,617
2024-06-30,DBL,small,618
2024-06-30,CSBBANK,small,619
2024-06-30,GANESHHOUC,small,620
2024-06-30,RTNPOWER,small,621
2024-06-30,MSTCLTD,small,622
2024-06-30,SHAREINDIA,small,623
2024-06-30,ARVINDFASN,small,624
2024-06-30,HCC,small,625
2024-06-30,GMMPFAUDLR,small,626
2024-06-30,ITDCEM,small,627
2024-06-30,PTC,small,628
2024-06-30,PAISALO,small,629
2024-06-30,NESCO,small,630
2024-06-30,ETHOSLTD,small,631
2024-06-30,EPL,small,632
2024-06-30,PARADEEP,small,633
2024-06-30,CHOICEIN,small,634
2024-06-30,PRUDENT,small,635
2024-06-30,AURIONPRO,small,636
2024-06-30,UTKARSHBNK,small,637
2024-06-30,ASKAUTOLTD,small,638
2024-06-30,GOCOLORS,small,639
2024-06-30,ROLEXRINGS,small,640
2024-06-30,MTARTECH,small,641
2024-06-30,JAICORPLTD,small,643
2024-06-30,VSTIND,small,644
2024-06-30,SUPRAJIT,small,645
2024-06-30,HNDFDS,small,646
2024-06-30,GALLANTT,small,647
2024-06-30,ITDC,small,648
2024-06-30,SIS,small,649
2024-06-30,STLTECH,small,650
2024-06-30,HEMIPROP,small,651
2024-06-30,RAIN,small,652
2024-06-30,GUJALKALI,small,653
2024-06-30,DHANUKA,small,654
2024-06-30,TIPSINDLTD,small,655
2024-06-30,RSYSTEMS,small,656
2024-06-30,KIRLPNU,small,657
2024-06-30,SANSERA,small,658
2024-06-30,CYIENTDLM,small,659
2024-06-30,PGEL,small,660
2024-06-30,JSFB,small,661
2024-06-30,DODLA,small,662
2024-06-30,IFBIND,small,663
2024-06-30,KESORAMIND,small,665
2024-06-30,NAZARA,small,666
2024-06-30,TIMETECHNO,small,667
2024-06-30,GOKEX,small,668
2024-06-30,RBA,small,669
2024-06-30,ICRA,small,670
2024-06-30,GABRIEL,small,671
2024-06-30,GATEWAY,small,672
2024-06-30,VRLLOG,small,673
2024-06-30,FUSION,small,674
2024-06-30,EMUDHRA,small,675
2024-06-30,TIIL,small,676
2024-06-30,RALLIS,small,677
2024-06-30,WABAG,small,678
2024-06-30,WONDERLA,small,679
2024-06-30,DBCORP,small,680
2024-06-30,NFL,small,681
2024-06-30,ORCHPHARMA,small,682
2024-06-30,TEAMLEASE,small,683
2024-06-30,HCG,small,684
2024-06-30,PRICOLLTD,small,685
2024-06-30,MASFIN,small,686
2024-06-30,WELENT,small,687
2024-06-30,AGI,small,688
2024-06-30,JKIL,small,689
2024-06-30,PATELENG,small,690
2024-06-30,GHCL,small,691
2024-06-30,ASHOKA,small,692
2024-06-30,JAMNAAUTO,small,693
2024-06-30,JAYNECOIND,small,694
2024-06-30,IIFLSEC,small,695
2024-06-30,DYNAMATECH,small,696
2024-06-30,EPIGRAL,small,697
2024-06-30,SUNDARMHLD,small,698
2024-06-30,ORIENTCEM,small,700
2024-06-30,SANGHVIMOV,small,701
2024-06-30,TDPOWERSYS,small,702
2024-06-30,HEIDELBERG,small,703
2024-06-30,AARTIPHARM,small,704
2024-06-30,TARC,small,705
2024-06-30,KIRLOSIND,small,706
2024-06-30,MAXESTATES,small,707
2024-06-30,ORIENTELEC,small,708
2024-06-30,SULA,small,709
2024-06-30,FEDFINA,small,710
2024-06-30,ENTERO,small,711
2024-06-30,GULFOILLUB,small,712
2024-06-30,AARTIDRUGS,small,713
2024-06-30,PRIVISCL,small,715
2024-06-30,JPASSOCIAT,small,716
2024-06-30,BANCOINDIA,small,718
2024-06-30,SUDARSCHEM,small,719
2024-06-30,TI,small,721
2024-06-30,TCIEXP,small,722
2024-06-30,BALMLAWRIE,small,723
2024-06-30,NOCIL,small,724
2024-06-30,KKCL,small,725
2024-06-30,SHARDAMOTR,small,727
2024-06-30,BBOX,small,728
2024-06-30,AMIORG,small,730
2024-06-30,WSTCSTPAPR,small,731
2024-06-30,VMART,small,732
2024-06-30,SAMHI,small,733
2024-06-30,RAMKY,small,734
2024-06-30,GREENPANEL,small,735
2024-06-30,BAJAJHIND,small,736
2024-06-30,ADVENZYMES,small,737
2024-06-30,JISLJALEQS,small,739
2024-06-30,JTEKTINDIA,small,740
2024-06-30,SHANTIGEAR,small,741
2024-06-30,SINDHUTRAD,small,742
2024-06-30,GOPAL,small,743
2024-06-30,DCBBANK,small,744
2024-06-30,GRWRHITECH,small,745
2024-06-30,SHILPAMED,small,746
2024-06-30,ROSSARI,small,747
2024-06-30,FCL,small,748
2024-06-30,PARKHOTELS,small,749
2024-06-30,BOROLTD,small,750
2024-06-30,HGS,small,751
2024-06-30,KSCL,small,752
2024-06-30,BHARATRAS,small,753
2024-06-30,ORISSAMINE,small,754
2024-06-30,SUBROS,small,755
2024-06-30,INOXGREEN,small,757
2024-06-30,HARSHA,small,758
2024-06-30,HATHWAY,small,759
2024-06-30,MUTHOOTMF,small,760
2024-06-30,JTLIND,small,761
2024-06-30,LGBBROSLTD,small,762
2024-06-30,LUXIND,small,763
2024-06-30,PILANIINVS,small,764
2024-06-30,IMAGICAA,small,766
2024-06-30,SUNFLAG,small,767
2024-06-30,JNKINDIA,small,768
2024-06-30,SSWL,small,769
2024-06-30,KOLTEPATIL,small,770
2024-06-30,NEOGEN,small,771
2024-06-30,LAOPALA,small,772
2024-06-30,VENUSPIPES,small,773
2024-06-30,BBL,small,774
2024-06-30,NUCLEUS,small,775
2024-06-30,UNICHEMLAB,small,777
2024-06-30,GENSOL,small,778
2024-06-30,THANGAMAYL,small,780
2024-06-30,YATHARTH,small,781
2024-06-30,HIKAL,small,782
2024-06-30,DATAMATICS,small,783
2024-06-30,GMRP&UI,small,784
2024-06-30,CARTRADE,small,785
2024-06-30,DCXINDIA,small,786
2024-06-30,BOMDYEING,small,787
2024-06-30,IMFA,small,788
2024-06-30,DELTACORP,small,789
2024-06-30,SHARDACROP,small,790
2024-06-30,KSL,small,791
2024-06-30,MEDIASSIST,small,792
2024-06-30,JCHAC,small,793
2024-06-30,SKIPPER,small,794
2024-06-30,SHAKTIPUMP,small,795
2024-06-30,ASHAPURMIN,small,796
2024-06-30,HERITGFOOD,small,797
2024-06-30,DISHTV,small,798
2024-06-30,ZAGGLE,small,800
2024-06-30,NAVNETEDUL,small,801
2024-06-30,SALASAR,small,802
2024-06-30,IPL,small,803
2024-06-30,AVALON,small,805
2024-06-30,ASHIANA,small,806
2024-06-30,EXICOM,small,807
2024-06-30,BAJAJCON,small,808
2024-06-30,THYROCARE,small,809
2024-06-30,MAITHANALL,small,810
2024-06-30,GREAVESCOT,small,811
2024-06-30,KDDL,small,812
2024-06-30,PFOCUS,small,813
2024-06-30,CIGNITITEC,small,814
2024-06-30,AWFIS,small,815
2024-06-30,HLEGLAS,small,816
2024-06-30,GUFICBIO,small,817
2024-06-30,CARERATING,small,818
2024-06-30,DCAL,small,819
2024-06-30,TVSSRICHAK,small,820
2024-06-30,UFLEX,small,821
2024-06-30,KALAMANDIR,small,822
2024-06-30,RAJRATAN,small,823
2024-06-30,SOTL,small,824
2024-06-30,BANARISUG,small,825
2024-06-30,APOLLO,small,826
2024-06-30,ANUP,small,827
2024-06-30,SBCL,small,828
2024-06-30,INDOCO,small,829
2024-06-30,TASTYBITE,small,830
2024-06-30,GREENPLY,small,831
2024-06-30,DALMIASUG,small,832
2024-06-30,NRBBEARING,small,833
2024-06-30,ESAFSFB,small,834
2024-06-30,FLAIR,small,835
2024-06-30,PRAKASH,small,836
2024-06-30,MAHLOG,small,837
2024-06-30,SAGCEM,small,838
2024-06-30,HMAAGRO,small,839
2024-06-30,LANDMARK,small,840
2024-06-30,PARAS,small,841
2024-06-30,SEQUENT,small,842
2024-06-30,LUMAXTECH,small,843
2024-06-30,IDEAFORGE,small,844
2024-06-30,UNITECH,small,845
2024-06-30,SUNCLAY,small,846
2024-06-30,FIEMIND,small,847
2024-06-30,ISMTLTD,small,848
2024-06-30,BCG,small,849
2024-06-30,SANDHAR,small,850
2024-06-30,SCILAL,small,851
2024-06-30,SHALBY,small,852
2024-06-30,AUTOAXLES,small,853
2024-06-30,HINDWAREAP,small,854
2024-06-30,BFUTILITIE,small,855
2024-06-30,DOLLAR,small,856
2024-06-30,SWARAJENG,small,857
2024-06-30,GOODLUCK,small,858
2024-06-30,VSTTILLERS,small,859
2024-06-30,NILKAMAL,small,860
2024-06-30,GIPCL,small,861
2024-06-30,SEPC,small,862
2024-06-30,MANORAMA,small,863
2024-06-30,TIDEWATER,small,864
2024-06-30,SAKSOFT,small,866
2024-06-30,REPCOHOME,small,867
2024-06-30,TATVA,small,868
2024-06-30,POLYPLEX,small,869
2024-06-30,BALUFORGE,small,870
2024-06-30,INNOVACAP,small,871
2024-06-30,SUPRIYA,small,872
2024-06-30,STYRENIX,small,873
2024-06-30,VINDHYATEL,small,874
2024-06-30,MPSLTD,small,875
2024-06-30,SEAMECLTD,small,877
2024-06-30,PFS,small,878
2024-06-30,ARVSMART,small,879
2024-06-30,VADILALIND,small,880
2024-06-30,BLSE,small,881
2024-06-30,MOLDTKPAC,small,882
2024-06-30,STYLAMIND,small,883
2024-06-30,SMLISUZU,small,885
2024-06-30,CUPID,small,886
2024-06-30,DREAMFOLKS,small,887
2024-06-30,STANLEY,small,888
2024-06-30,SANGHIIND,small,889
2024-06-30,TCNSBRANDS,small,890
2024-06-30,PGIL,small,891
2024-06-30,INDOSTAR,small,893
2024-06-30,SHK,small,894
2024-06-30,APOLLOPIPE,small,895
2024-06-30,WENDT,small,896
2024-06-30,THEJO,small,897
2024-06-30,SATIN,small,898
2024-06-30,HMT,small,900
2024-06-30,FILATEX,small,902
2024-06-30,AXISCADES,small,903
2024-06-30,EMSLIMITED,small,904
2024-06-30,INDIAGLYCO,small,905
2024-06-30,GANECOS,small,906
2024-06-30,BAJEL,small,907
2024-06-30,DIACABS,small,908
2024-06-30,DHANI,small,909
2024-06-30,CONFIPET,small,910
2024-06-30,TIRUMALCHM,small,911
2024-06-30,DEN,small,912
2024-06-30,ACCELYA,small,913
2024-06-30,VENKEYS,small,914
2024-06-30,HONDAPOWER,small,915
2024-06-30,PSPPROJECT,small,916
2024-06-30,PITTIENG,small,917
2024-06-30,QUICKHEAL,small,919
2024-06-30,PCJEWELLER,small,920
2024-06-30,BEPL,small,921
2024-06-30,RPGLIFE,small,922
2024-06-30,DIVGIITTS,small,923
2024-06-30,SOMANYCERA,small,924
2024-06-30,VAKRANGEE,small,925
2024-06-30,JINDALPOLY,small,926
2024-06-30,PARAGMILK,small,927
2024-06-30,MOREPENLAB,small,928
2024-06-30,EVEREADY,small,929
2024-06-30,HINDOILEXP,small,930
2024-06-30,UNIPARTS,small,932
2024-06-30,FINOPB,small,933
2024-06-30,ALEMBICLTD,small,934
2024-06-30,UGROCAP,small,935
2024-06-30,OPTIEMUS,small,936
2024-06-30,MMFL,small,939
2024-06-30,TARSONS,small,940
2024-06-30,SHAILY,small,941
2024-06-30,CARYSIL,small,942
2024-06-30,MTNL,small,943
2024-06-30,AJMERA,small,944
2024-06-30,HUHTAMAKI,small,945
2024-06-30,MUKANDLTD,small,946
2024-06-30,MUFIN,small,947
2024-06-30,DIAMONDYD,small,948
2024-06-30,KCP,small,949
2024-06-30,ARTEMISMED,small,950
2024-06-30,KINGFA,small,951
2024-06-30,DPABHUSHAN,small,952
2024-06-30,PRECWIRE,small,954
2024-06-30,GTLINFRA,small,955
2024-06-30,YATRA,small,956
2024-06-30,BSHSL,small,957
2024-06-30,IOLCP,small,958
2024-06-30,MAYURUNIQ,small,959
2024-06-30,ORIENTHOT,small,960
2024-06-30,CAPACITE,small,961
2024-06-30,MANINDS,small,962
2024-06-30,APCOTEXIND,small,963
2024-06-30,SASKEN,small,964
2024-06-30,LUMAXIND,small,965
2024-06-30,PARACABLES,small,966
2024-06-30,IFGLEXPOR,small,967
2024-06-30,IKIO,small,968
2024-06-30,XPROINDIA,small,969
2024-06-30,ADFFOODS,small,970
2024-06-30,SUVEN,small,971
2024-06-30,JASH,small,972
2024-06-30,HPL,small,973
2024-06-30,DEEDEV,small,974
2024-06-30,FOSECOIND,small,975
2024-06-30,GLOBUSSPR,small,976
2024-06-30,DREDGECORP,small,977
2024-06-30,VPRPL,small,978
2024-06-30,MARATHON,small,979
2024-06-30,GANDHAR,small,980
2024-06-30,SDBL,small,981
2024-06-30,BARBEQUE,small,982
2024-06-30,GOCLCORP,small,983
2024-06-30,VIDHIING,small,984
2024-06-30,SANGAMIND,small,985
2024-06-30,SIYSIL,small,986
2024-06-30,JAGRAN,small,987
2024-06-30,RPSGVENT,small,988
2024-06-30,EIHAHOTELS,small,989
2024-06-30,CENTUM,small,990
2024-06-30,PREMEXPLN,small,991
2024-06-30,SIGACHI,small,992
2024-06-30,MBAPL,small,993
2024-06-30,RPTECH,small,995
2024-06-30,UDAICEMENT,small,996
2024-06-30,MOL,small,998
2024-06-30,GREENPOWER,small,999
2024-06-30,ASTEC,small,1001
2024-06-30,ARMANFIN,small,1003
2024-06-30,UDS,small,1004
2024-06-30,ANDHRAPAP,small,1005
2024-06-30,IRMENERGY,small,1006
2024-06-30,MANGLMCEM,small,1007
2024-06-30,GENESYS,small,1008
2024-06-30,VISHNU,small,1010
2024-06-30,BFINVEST,small,1011
2024-06-30,RUPA,small,1012
2024-06-30,TAJGVK,small,1013
2024-06-30,TTKHLTCARE,small,1014
2024-06-30,FILATFASH,small,1015
2024-06-30,SESHAPAPER,small,1016
2024-06-30,PANAMAPET,small,1019
2024-06-30,FMGOETZE,small,1020
2024-06-30,BHARATWIRE,small,1021
2024-06-30,HIL,small,1022
2024-06-30,GEOJITFSL,small,1023
2024-06-30,WEBELSOLAR,small,1024
2024-06-30,UEL,small,1025
2024-06-30,GEPIL,small,1026
2024-06-30,SHRIRAMPPS,small,1027
2024-06-30,KRSNAA,small,1028
2024-06-30,YASHO,small,1029
2024-06-30,GTPL,small,1030
2024-06-30,EXPLEOSOL,small,1031
2024-06-30,PRECAM,small,1032
2024-06-30,JINDRILL,small,1034
2024-06-30,THEMISMED,small,1035
2024-06-30,VSSL,small,1036
2024-06-30,RIIL,small,1037
2024-06-30,SJS,small,1038
2024-06-30,TCPLPACK,small,1039
2024-06-30,RAMCOIND,small,1040
2024-06-30,PNBGILTS,small,1041
2024-06-30,SURYODAY,small,1043
2024-06-30,PENIND,small,1045
2024-06-30,NITINSPIN,small,1047
2024-06-30,INDRAMEDCO,small,1048
2024-06-30,RAMASTEEL,small,1049
2024-06-30,ADORWELD,small,1050
2024-06-30,63MOONS,small,1051
2024-06-30,AMRUTANJAN,small,1052
2024-06-30,SOLARA,small,1053
2024-06-30,HLVLTD,small,1054
2024-06-30,GOKULAGRO,small,1055
2024-06-30,HITECH,small,1056
2024-06-30,MONARCH,small,1057
2024-06-30,JYOTISTRUC,small,1058
2024-06-30,TNPL,small,1059
2024-06-30,BHAGCHEM,small,1060
2024-06-30,AEROFLEX,small,1061
2024-06-30,SIRCA,small,1062
2024-06-30,GOLDIAM,small,1063
2024-06-30,EVERESTIND,small,1064
2024-06-30,ATFL,small,1065
2024-06-30,CANTABIL,small,1066
2024-06-30,KIRIINDUS,small,1067
2024-06-30,SUBEXLTD,small,1068
2024-06-30,RISHABH,small,1069
2024-06-30,CAMLINFINE,small,1070
2024-06-30,SERVOTECH,small,1071
2024-06-30,DPSCLTD,small,1072
2024-06-30,AHL,small,1073
2024-06-30,GVKPIL,small,1074
2024-06-30,SADHNANIQ,small,1075
2024-06-30,GNA,small,1076
2024-06-30,EPACK,small,1078
2024-06-30,PIXTRANS,small,1079
2024-06-30,UNIVCABLES,small,1080
2024-06-30,KICL,small,1081
2024-06-30,TALBROAUTO,small,1084
2024-06-30,SIGNPOST,small,1085
2024-06-30,DEEPINDS,small,1086
2024-06-30,OMAXE,small,1087
2024-06-30,PENINLAND,small,1088
2024-06-30,NSIL,small,1089
2024-06-30,NELCO,small,1090
2024-06-30,5PAISA,small,1091
2024-06-30,RANEHOLDIN,small,1092
2024-06-30,DOLATALGO,small,1093
2024-06-30,INSECTICID,small,1095
2024-06-30,FAIRCHEMOR,small,1096
2024-06-30,DCMSRIND,small,1097
2024-06-30,PVSL,small,1098
2024-06-30,SPCENET,small,1099
2024-06-30,DOLPHIN,small,1100
2024-06-30,BCLIND,small,1102
2024-06-30,MOTISONS,small,1103
2024-06-30,DCW,small,1104
2024-06-30,JITFINFRA,small,1107
2024-06-30,SHANKARA,small,1108
2024-06-30,SPIC,small,1109
2024-06-30,ROSSELLIND,small,1110
2024-06-30,TFCILTD,small,1112
2024-06-30,BLKASHYAP,small,1113
2024-06-30,JUBLINDS,small,1114
2024-06-30,RICOAUTO,small,1115
2024-06-30,SBGLP,small,1116
2024-06-30,CAPITALSFB,small,1117
2024-06-30,VASCONEQ,small,1118
2024-06-30,SWELECTES,small,1119
2024-06-30,NAVKARCORP,small,1120
2024-06-30,WHEELS,small,1121
2024-06-30,SHREDIGCEM,small,1122
2024-06-30,HARIOMPIPE,small,1123
2024-06-30,POKARNA,small,1124
2024-06-30,EKC,small,1125
2024-06-30,SURAJEST,small,1126
2024-06-30,MADRASFERT,small,1127
2024-06-30,DHAMPURSUG,small,1128
2024-06-30,NDTV,small,1129
2024-06-30,REFEX,small,1130
2024-06-30,IGARASHI,small,1131
2024-06-30,STOVEKRAFT,small,1132
2024-06-30,V2RETAIL,small,1134
2024-06-30,INDNIPPON,small,1136
2024-06-30,ALICON,small,1137
2024-06-30,BUTTERFLY,small,1139
2024-06-30,COSMOFIRST,small,1140
2024-06-30,E2E,small,1142
2024-06-30,BIGBLOC,small,1144
2024-06-30,IGPL,small,1145
2024-06-30,HERCULES,small,1148
2024-06-30,INDIANHUME,small,1149
2024-06-30,NIITLTD,small,1150
2024-06-30,BOROSCI,small,1153
2024-06-30,SPAL,small,1154
2024-06-30,ATULAUTO,small,1155
2024-06-30,SMCGLOBAL,small,1156
2024-06-30,CENTRUM,small,1157
2024-06-30,SMSPHARMA,small,1158
2024-06-30,SKYGOLD,small,1159
2024-06-30,ATL,small,1160
2024-06-30,CONTROLPR,small,1162
2024-06-30,KRISHANA,small,1163
2024-06-30,SUMMITSEC,small,1164
2024-06-30,VERANDA,small,1166
2024-06-30,BESTAGRO,small,1167
2024-06-30,ANDHRSUGAR,small,1168
2024-06-30,DWARKESH,small,1170
2024-06-30,ACLGATI,small,1171
2024-06-30,KITEX,small,1172
2024-06-30,SHALPAINTS,small,1175
2024-06-30,KAMDHENU,small,1176
2024-06-30,KUANTUM,small,1177
2024-06-30,AGARIND,small,1179
2024-06-30,ARIHANTSUP,small,1180
2024-06-30,HITECHGEAR,small,1181
2024-06-30,RAMRAT,small,1182
2024-06-30,HIMATSEIDE,small,1184
2024-06-30,MANGCHEFER,small,1185
2024-06-30,APTECHT,small,1186
2024-06-30,KSOLVES,small,1187
2024-06-30,TEXINFRA,small,1188
2024-06-30,AWHCL,small,1189
2024-06-30,KOKUYOCMLN,small,1190
2024-06-30,SICALLOG,small,1191
2024-06-30,TVTODAY,small,1192
2024-06-30,MARINE,small,1193
2024-06-30,HESTERBIO,small,1194
2024-06-30,AVTNPL,small,1195
2024-06-30,NACLIND,small,1196
2024-06-30,HERANBA,small,1197
2024-06-30,XCHANGING,small,1199
2024-06-30,RKSWAMY,small,1200
2024-06-30,MONTECARLO,small,1201
2024-06-30,PUNJABCHEM,small,1202
2024-06-30,NGLFINE,small,1203
2024-06-30,GPTHEALTH,small,1204
2024-06-30,UTTAMSUGAR,small,1205
2024-06-30,MUFTI,small,1206
2024-06-30,KABRAEXTRU,small,1208
2024-06-30,STEELXIND,small,1209
2024-06-30,STEELCAS,small,1210
2024-06-30,INDOTECH,small,1211
2024-06-30,OMINFRAL,small,1212
2024-06-30,MANALIPETC,small,1214
2024-06-30,ROTO,small,1215
2024-06-30,NELCAST,small,1216
2024-06-30,STERTOOLS,small,1217
2024-06-30,SYNCOMF,small,1218
2024-06-30,GMBREW,small,1219
2024-06-30,IMPAL,small,1220
2024-06-30,JAYBARMARU,small,1221
2024-06-30,RML,small,1222
2024-06-30,ALLSEC,small,1223
2024-06-30,ZOTA,small,1224
2024-06-30,MVGJL,small,1226
2024-06-30,SAURASHCEM,small,1228
2024-06-30,DVL,small,1229
2024-06-30,HARDWYN,small,1231
2024-06-30,VERTOZ,small,1232
2024-06-30,INDORAMA,small,1233
2024-06-30,COFFEEDAY,small,1234
2024-06-30,LINCOLN,small,1235
2024-06-30,MATRIMONY,small,1236
2024-06-30,ENIL,small,1237
2024-06-30,YUKEN,small,1238
2024-06-30,KOPRAN,small,1239
2024-06-30,GULPOLY,small,1240
2024-06-30,DSSL,small,1241
2024-06-30,SATIA,small,1242
2024-06-30,GICHSGFIN,small,1243
2024-06-30,RAJRILTD,small,1244
2024-06-30,LIKHITHA,small,1246
2024-06-30,DLINKINDIA,small,1247
2024-06-30,OAL,small,1248
2024-06-30,BLISSGVS,small,1250
2024-06-30,AVADHSUGAR,small,1253
2024-06-30,TREL,small,1254
2024-06-30,GANESHBE,small,1255
2024-06-30,VALIANTORG,small,1256
2024-06-30,KAMOPAINTS,small,1258
2024-06-30,URJA,small,1262
2024-06-30,SALZERELEC,small,1264
2024-06-30,WINDLAS,small,1265
2024-06-30,CLSEL,small,1266
2024-06-30,EXCELINDUS,small,1267
2024-06-30,SNOWMAN,small,1268
2024-06-30,SATINDLTD,small,1269
2024-06-30,GKWLIMITED,small,1270
2024-06-30,GPTINFRA,small,1271
2024-06-30,RAMCOSYS,small,1274
2024-06-30,FOCUS,small,1276
2024-06-30,REPRO,small,1277
2024-06-30,PAKKA,small,1279
2024-06-30,ASIANENE,small,1280
2024-06-30,ONEPOINT,small,1281
2024-06-30,CREST,small,1284
2024-06-30,SASTASUNDR,small,1285
2024-06-30,ONWARDTEC,small,1287
2024-06-30,MACPOWER,small,1288
2024-06-30,ASAL,small,1289
2024-06-30,DHANBANK,small,1291
2024-06-30,HEUBACHIND,small,1292
2024-06-30,PLATIND,small,1293
2024-06-30,HIRECT,small,1294
2024-06-30,AMNPLST,small,1296
2024-06-30,CREATIVE,small,1297
2024-06-30,CENTENKA,small,1300
2024-06-30,MUKKA,small,1301
2024-06-30,KRYSTAL,small,1302
2024-06-30,RGL,small,1303
2024-06-30,MSPL,small,1304
2024-06-30,VIMTALABS,small,1305
2024-06-30,SPORTKING,small,1306
2024-06-30,BLAL,small,1307
2024-06-30,UNIENTER,small,1309
2024-06-30,ORIENTPPR,small,1310
2024-06-30,NAHARSPING,small,1312
2024-06-30,AGSTRA,small,1313
2024-06-30,HUBTOWN,small,1314
2024-06-30,DYCL,small,1315
2024-06-30,WALCHANNAG,small,1318
2024-06-30,GSLSU,small,1319
2024-06-30,ROHLTD,small,1320
2024-06-30,INFOBEAN,small,1324
2024-06-30,CSLFINANCE,small,1325
2024-06-30,FAZE3Q,small,1327
2024-06-30,EIMCOELECO,small,1328
2024-06-30,MICEL,small,1329
2024-06-30,MAXIND,small,1330
2024-06-30,VHL,small,1331
2024-06-30,BODALCHEM,small,1332
2024-06-30,TRACXN,small,1334
2024-06-30,VISAKAIND,small,1339
2024-06-30,KELLTONTEC,small,1341
2024-06-30,NCLIND,small,1342
2024-06-30,PPL,small,1345
2024-06-30,GANDHITUBE,small,1346
2024-06-30,INDOAMIN,small,1347
2024-06-30,ASALCBR,small,1349
2024-06-30,NDRAUTO,small,1350
2024-06-30,SUTLEJTEX,small,1351
2024-06-30,SHIVALIK,small,1354
2024-06-30,SANDESH,small,1355
2024-06-30,GRMOVER,small,1356
2024-06-30,SPECIALITY,small,1357
2024-06-30,CHEMCON,small,1358
2024-06-30,HPAL,small,1359
2024-06-30,VLSFINANCE,small,1360
2024-06-30,KECL,small,1362
2024-06-30,SRHHYPOLTD,small,1363
2024-06-30,GLOSTERLTD,small,1364
2024-06-30,ACL,small,1365
2024-06-30,WEL,small,1366
2024-06-30,NINSYS,small,1367
2024-06-30,RSWM,small,1368
2024-06-30,AMBIKCO,small,1369
2024-06-30,GRPLTD,small,1370
2024-06-30,SPENCERS,small,1373
2024-06-30,SARVESHWAR,small,1374
2024-06-30,ICEMAKE,small,1375
2024-06-30,SILVERTUC,small,1376
2024-06-30,RADIANTCMS,small,1377
2024-06-30,PANACEABIO,small,1378
2024-06-30,MAGADSUGAR,small,1380
2024-06-30,GFLLIMITED,small,1381
2024-06-30,ZUARIIND,small,1382
2024-06-30,ESTER,small,1383
2024-06-30,DBOL,small,1384
2024-06-30,ONMOBILE,small,1385
2024-06-30,STCINDIA,small,1386
2024-06-30,BAJAJHCARE,small,1387
2024-06-30,JGCHEM,small,1388
2024-06-30,VIKASLIFE,small,1390
2024-06-30,KERNEX,small,1391
2024-06-30,SCHAND,small,1392
2024-06-30,RUSHIL,small,1393
2024-06-30,ELDEHSG,small,1394
2024-06-30,UGARSUGAR,small,1395
2024-06-30,MUNJALAU,small,1396
2024-06-30,TIL,small,1397
2024-06-30,OSWALGREEN,small,1399
2024-06-30,DAVANGERE,small,1402
2024-06-30,JAGSNPHARM,small,1403
2024-06-30,LINC,small,1404
2024-06-30,BALAJITELE,small,1405
2024-06-30,DECCANCE,small,1408
2024-06-30,AURUM,small,1414
2024-06-30,HEXATRADEX,small,1415
2024-06-30,SELAN,small,1417
2024-06-30,ZEEMEDIA,small,1418
2024-06-30,DENORA,small,1420
2024-06-30,ZUARI,small,1421
2024-06-30,ADSL,small,1422
2024-06-30,CHEVIOT,small,1423
2024-06-30,POCL,small,1427
2024-06-30,BCONCEPTS,small,1428
2024-06-30,ASIANTILES,small,1429
2024-06-30,FOODSIN,small,1430
2024-06-30,TNPETRO,small,1432
2024-06-30,DHARMAJ,small,1433
2024-06-30,SBC,small,1438
2024-06-30,CONSOFINVT,small,1440
2024-06-30,KOTHARIPET,small,1441
2024-06-30,SAKAR,small,1443
2024-06-30,TBZ,small,1445
2024-06-30,BIRLACABLE,small,1446
2024-06-30,ELIN,small,1447
2024-06-30,MAANALU,small,1448
2024-06-30,GHCLTEXTIL,small,1450
2024-06-30,DMCC,small,1451
2024-06-30,NRAIL,small,1452
2024-06-30,CHEMFAB,small,1453
2024-06-30,TRU,small,1454
2024-06-30,DPWIRES,small,1455
2024-06-30,NECLIFE,small,1457
2024-06-30,SKMEGGPROD,small,1458
2024-06-30,HMVL,small,1459
2024-06-30,BEDMUTHA,small,1460
2024-06-30,FCSSOFT,small,1461
2024-06-30,OCCL,small,1462
2024-06-30,3IINFOLTD,small,1463
2024-06-30,MANAKSIA,small,1464
2024-06-30,THEINVEST,small,1465
2024-06-30,SUKHJITS,small,1466
2024-06-30,DHUNINV,small,1467
2024-06-30,JAYAGROGN,small,1469
2024-06-30,JPOLYINVST,small,1471
2024-06-30,ELECTHERM,small,1472
2024-06-30,GOACARBON,small,1473
2024-06-30,SAKUMA,small,1474
2024-06-30,SREEL,small,1475
2024-06-30,BHAGERIA,small,1476
2024-06-30,EMAMIPAP,small,1477
2024-06-30,MENONBE,small,1478
2024-06-30,CHEMBOND,small,1480
2024-06-30,PDMJEPAPER,small,1481
2024-06-30,RADHIKAJWE,small,1482
2024-06-30,RUBYMILLS,small,1483
2024-06-30,VINYLINDIA,small,1484
2024-06-30,KHAICHEM,small,1486
2024-06-30,DIGISPICE,small,1489
2024-06-30,NAGAFERT,small,1490
2024-06-30,PLASTIBLEN,small,1491
2024-06-30,PVP,small,1492
2024-06-30,LOKESHMACH,small,1495
2024-06-30,VALIANTLAB,small,1498
2024-06-30,APEX,small,1499
2024-06-30,BIRLAMONEY,small,1502
2024-06-30,ARROWGREEN,small,1504
2024-06-30,KAMATHOTEL,small,1505
2024-06-30,VLEGOV,small,1506
2024-06-30,ADVANIHOTR,small,1507
2024-06-30,ALBERTDAVD,small,1508
2024-06-30,WSI,small,1509
2024-06-30,ARIHANTCAP,small,1510
2024-06-30,KRITI,small,1514
2024-06-30,WEALTH,small,1515
2024-06-30,MOLDTECH,small,1517
2024-06-30,MUNJALSHOW,small,1518
2024-06-30,MIRZAINT,small,1519
2024-06-30,HTMEDIA,small,1521
2024-06-30,MMP,small,1522
2024-06-30,ASMS,small,1524
2024-06-30,RBL,small,1526
2024-06-30,INDSWFTLAB,small,1527
2024-06-30,JINDALPHOT,small,1529
2024-06-30,ZODIAC,small,1530
2024-06-30,IRISDOREME,small,1531
2024-06-30,MINDTECK,small,1533
2024-06-30,RADIOCITY,small,1535
2024-06-30,PAVNAIND,small,1536
2024-06-30,SIMPLEXINF,small,1539
2024-06-30,ESSARSHPNG,small,1540
2024-06-30,SHREYAS,small,1541
2024-06-30,HINDCOMPOS,small,1542
2024-06-30,MALLCOM,small,1544
2024-06-30,ORIENTCER,small,1546
2024-06-30,SINCLAIR,small,1548
2024-06-30,KHADIM,small,1549
2024-06-30,MEDICAMEQ,small,1550
2024-06-30,AVG,small,1551
2024-06-30,AXITA,small,1552
2024-06-30,RITCO,small,1553
2024-06-30,RATNAVEER,small,1556
2024-06-30,RBZJEWEL,small,1557
2024-06-30,STEL,small,1558
2024-06-30,HCL-INSYS,small,1559
2024-06-30,GEECEE,small,1566
2024-06-30,PRIMESECU,small,1567
2024-06-30,ORICONENT,small,1568
2024-06-30,PYRAMID,small,1570
2024-06-30,SPMLINFRA,small,1571
2024-06-30,PARSVNATH,small,1572
2024-06-30,SHREEPUSHK,small,1573
2024-06-30,TVSELECT,small,1574
2024-06-30,KILITCH,small,1575
2024-06-30,OSWALAGRO,small,1578
2024-06-30,RACE,small,1581
2024-06-30,20MICRONS,small,1582
2024-06-30,DEEPENR,small,1583
2024-06-30,BALAXI,small,1584
2024-06-30,TPLPLASTEH,small,1585
2024-06-30,SARLAPOLY,small,1586
2024-06-30,PTL,small,1588
2024-06-30,INDOBORAX,small,1590
2024-06-30,INTLCONV,small,1591
2024-06-30,APCL,small,1592
2024-06-30,KRONOX,small,1594
2024-06-30,TARACHAND,small,1597
2024-06-30,CAREERP,small,1599
2024-06-30,MAZDA,small,1600
2024-06-30,JETAIRWAYS,small,1601
2024-06-30,WINDMACHIN,small,1603
2024-06-30,LGHL,small,1604
2024-06-30,DONEAR,small,1605
2024-06-30,NAHARINDUS,small,1606
2024-06-30,VIKASECO,small,1609
2024-06-30,REMSONSIND,small,1611
2024-06-30,NRL,small,1613
2024-06-30,AARTISURF,small,1614
2024-06-30,GENUSPAPER,small,1616
2024-06-30,LIBERTSHOE,small,1618
2024-06-30,BBTCL,small,1620
2024-06-30,ORIENTBELL,small,1621
2024-06-30,AFIL,small,1622
2024-06-30,VSTL,small,1623
2024-06-30,MEGASOFT,small,1624
2024-06-30,KANORICHEM,small,1625
2024-06-30,BRNL,small,1626
2024-06-30,NDL,small,1627
2024-06-30,KRITINUT,small,1628
2024-06-30,HINDMOTORS,small,1630
2024-06-30,NOVAAGRI,small,1632
2024-06-30,UNIDT,small,1634
2024-06-30,UFO,small,1635
2024-06-30,MBLINFRA,small,1636
2024-06-30,ZIMLAB,small,1637
2024-06-30,GEEKAYWIRE,small,1639
2024-06-30,MUTHOOTCAP,small,1640
2024-06-30,MKPL,small,1641
2024-06-30,RCOM,small,1643
2024-06-30,DIAMINESQ,small,1644
2024-06-30,PROZONER,small,1645
2024-06-30,BANSWRAS,small,1647
2024-06-30,MEDICO,small,1649
2024-06-30,CYBERTECH,small,1653
2024-06-30,GLOBAL,small,1654
2024-06-30,NAHARPOLY,small,1656
2024-06-30,SILINV,small,1657
2024-06-30,TRF,small,1658
2024-06-30,NAHARCAP,small,1663
2024-06-30,MIRCELECTR,small,1665
2024-06-30,AUTOIND,small,1668
2024-06-30,SHIVAMAUTO,small,1670
2024-06-30,BPL,small,1671
2024-06-30,SGIL,small,1673
2024-06-30,WANBURY,small,1674
2024-06-30,GOLDTECH,small,1676
2024-06-30,CLEDUCATE,small,1677
2024-06-30,APOLSINHOT,small,1680
2024-06-30,KOTARISUG,small,1681
2024-06-30,VARDHACRLC,small,1682
2024-06-30,NIPPOBATRY,small,1683
2024-06-30,SADBHAV,small,1686
2024-06-30,RPPINFRA,small,1687
2024-06-30,KRITIKA,small,1689
2024-06-30,OSIAHYPER,small,1691
2024-06-30,ORBTEXP,small,1693
2024-06-30,EXXARO,small,1695
2024-06-30,VENUSREM,small,1696
2024-06-30,BIL,small,1698
2024-06-30,ALANKIT,small,1701
2024-06-30,VHLTD,small,1703
2024-06-30,RSSOFTWARE,small,1704
2024-06-30,GOKUL,small,1706
2024-06-30,ASHIMASYN,small,1707
2024-06-30,NBIFIN,small,1709
2024-06-30,KAYA,small,1710
2024-06-30,NILAINFRA,small,1711
2024-06-30,SHYAMCENT,small,1712
2024-06-30,IL&FSENGG,small,1716
2024-06-30,AYMSYNTEX,small,1717
2024-06-30,NITCO,small,1718
2024-06-30,IITL,small,1719
2024-06-30,SHEMAROO,small,1720
2024-06-30,SCPL,small,1721
2024-06-30,PRITIKAUTO,small,1723
2024-06-30,CINELINE,small,1724
2024-06-30,KCPSUGIND,small,1726
2024-06-30,URAVI,small,1727
2024-06-30,DICIND,small,1728
2024-06-30,IFBAGRO,small,1729
2024-06-30,SIGMA,small,1730
2024-06-30,SRM,small,1733
2024-06-30,INSPIRISYS,small,1734
2024-06-30,RAJTV,small,1735
2024-06-30,PRECOT,small,1736
2024-06-30,BGRENERGY,small,1737
2024-06-30,TCLCONS,small,1738
2024-06-30,SAHYADRI,small,1739
2024-06-30,ESSENTIA,small,1741
2024-06-30,MODISONLTD,small,1744
2024-06-30,MANAKSTEEL,small,1745
2024-06-30,UNIVPHOTO,small,1748
2024-06-30,PLAZACABLE,small,1750
2024-06-30,KOTHARIPRO,small,1752
2024-06-30,EMAMIREAL,small,1753
2024-06-30,IZMO,small,1754
2024-06-30,SAKHTISUG,small,1755
2024-06-30,ASAHISONG,small,1760
2024-06-30,PODDARMENT,small,1767
2024-06-30,LYKALABS,small,1769
2024-06-30,PREMIERPOL,small,1772
2024-06-30,HITECHCORP,small,1775
2024-06-30,RUCHIRA,small,1776
2024-06-30,LAL,small,1778
2024-06-30,MAWANASUG,small,1779
2024-06-30,TRIGYN,small,1780
2024-06-30,MAHEPC,small,1782
2024-06-30,ABAN,small,1783
2024-06-30,NATHBIOGEN,small,1784
2024-06-30,STARPAPER,small,1791
2024-06-30,PONNIERODE,small,1796
2024-06-30,DCMNVL,small,1800
2024-06-30,SRGHFL,small,1801
2024-06-30,SOUTHWEST,small,1802
2024-06-30,TAKE,small,1806
2024-06-30,EMKAY,small,1807
2024-06-30,NDLVENTURE,small,1812
2024-06-30,SINTERCOM,small,1813
2024-06-30,VIPULLTD,small,1814
2024-06-30,UCAL,small,1815
2024-06-30,SHREERAMA,small,1816
2024-06-30,COASTCORP,small,1817
2024-06-30,PASUPTAC,small,1819
2024-06-30,RANASUG,small,1821
2024-06-30,RAJMET,small,1824
2024-06-30,SOFTTECH,small,1825
2024-06-30,IVC,small,1829
2024-06-30,AIRAN,small,1831
2024-06-30,SHREYANIND,small,1834
2024-06-30,DYNPRO,small,1838
2024-06-30,EIFFL,small,1839
2024-06-30,SMLT,small,1840
2024-06-30,VIRINCHI,small,1842
2024-06-30,RAMAPHO,small,1844
2024-06-30,GULFPETRO,small,1846
2024-06-30,SEJALLTD,small,1847
2024-06-30,VIPCLOTHNG,small,1848
2024-06-30,REPL,small,1851
2024-06-30,LORDSCHLO,small,1852
2024-06-30,BHAGYANGR,small,1853
2024-06-30,MANOMAY,small,1854
2024-06-30,ARIES,small,1855
2024-06-30,HARRMALAYA,small,1860
2024-06-30,KMSUGAR,small,1865
2024-06-30,MAGNUM,small,1868
2024-06-30,OSWALSEEDS,small,1869
2024-06-30,ZODIACLOTH,small,1875
2024-06-30,INDTERRAIN,small,1876
2024-06-30,NURECA,small,1879
2024-06-30,GUJAPOLLO,small,1881
2024-06-30,VISHWARAJ,small,1884
2024-06-30,ALMONDZ,small,1885
2024-06-30,JAYSREETEA,small,1886
2024-06-30,MANAKCOAT,small,1887
2024-06-30,SEMAC,small,1888
2024-06-30,MEGASTAR,small,1889
2024-06-30,MARALOVER,small,1891
2024-06-30,MGEL,small,1892
2024-06-30,PILITA,small,1893
2024-06-30,BASML,small,1895
2024-06-30,MANORG,small,1897
2024-06-30,INDOTHAI,small,1899
2024-06-30,USK,small,1902
2024-06-30,ELGIRUBCO,small,1904
2024-06-30,IRIS,small,1905
2024-06-30,RHL,small,1906
2024-06-30,SABTNL,small,1907
2024-06-30,COMSYN,small,1908
2024-06-30,EQUIPPP,small,1909
2024-06-30,RVHL,small,1913
2024-06-30,BROOKS,small,1914
2024-06-30,MURUDCERA,small,1915
2024-06-30,ASIANHOTNR,small,1918
2024-06-30,PPAP,small,1919
2024-06-30,KAPSTON,small,1920
2024-06-30,TIPSFILMS,small,1923
2024-06-30,LOYALTEX,small,1924
2024-06-30,INTENTECH,small,1927
2024-06-30,TEMBO,small,1928
2024-06-30,RAMANEWS,small,1929
2024-06-30,LANCORHOL,small,1932
2024-06-30,RPPL,small,1934
2024-06-30,MCLEODRUSS,small,1936
2024-06-30,UMAEXPORTS,small,1937
2024-06-30,STARTECK,small,1940
2024-06-30,RUCHINFRA,small,1944
2024-06-30,DEVIT,small,1945
2024-06-30,BYKE,small,1946
2024-06-30,BAIDFIN,small,1949
2024-06-30,PAR,small,1951
2024-06-30,AARON,small,1952
2024-06-30,SUNDRMBRAK,small,1954
2024-06-30,GINNIFILA,small,1959
2024-06-30,RANEENGINE,small,1962
2024-06-30,ANMOL,small,1963
2024-06-30,WELINV,small,1964
2024-06-30,DRCSYSTEMS,small,1965
2024-06-30,DELPHIFX,small,1966
2024-06-30,HINDCON,small,1967
2024-06-30,DCI,small,1968
2024-06-30,PRAXIS,small,1971
2024-06-30,A2ZINFRA,small,1972
2024-06-30,NILASPACES,small,1973
2024-06-30,SAH,small,1974
2024-06-30,LGBFORGE,small,1976
2024-06-30,NECCLTD,small,1978
2024-06-30,HILTON,small,1979
2024-06-30,SVLL,small,1983
2024-06-30,AHLEAST,small,1985
2024-06-30,SELMC,small,1989
2024-06-30,AVONMORE,small,1991
2024-06-30,INDOWIND,small,1993
2024-06-30,CCHHL,small,1995
2024-06-30,MHLXMIRU,small,1998
2024-06-30,GSS,small,1999
2024-06-30,OMAXAUTO,small,2004
2024-06-30,SUPERHOUSE,small,2005
2024-06-30,IEL,small,2006
2024-06-30,VETO,small,2007
2024-06-30,NDGL,small,2011
2024-06-30,TEXMOPIPES,small,2012
2024-06-30,DJML,small,2022
2024-06-30,JMA,small,2023
2024-06-30,THOMASCOTT,small,2025
2024-06-30,TREJHARA,small,2026
2024-06-30,MODIRUBBER,small,2030
2024-06-30,GENCON,small,2032
2024-06-30,COMPUSOFT,small,2033
2024-06-30,ZEELEARN,small,2035
2024-06-30,TTL,small,2036
2024-06-30,DUCON,small,2038
2024-06-30,SURANAT&P,small,2039
2024-06-30,VISASTEEL,small,2040
2024-06-30,KANPRPLA,small,2043
2024-06-30,CORDSCABLE,small,2045
2024-06-30,SADBHIN,small,2049
2024-06-30,ATLANTAA,small,2051
2024-06-30,AIROLAM,small,2052
2024-06-30,RAJSREESUG,small,2053
2024-06-30,PRITI,small,2058
2024-06-30,ALPHAGEO,small,2068
2024-06-30,AKSHARCHEM,small,2070
2024-06-30,SIGIND,small,2071
2024-06-30,INVENTURE,small,2075
2024-06-30,HDIL,small,2078
2024-06-30,BTML,small,2079
2024-06-30,VARDMNPOLY,small,2080
2024-06-30,DTIL,small,2081
2024-06-30,GLOBALVECT,small,2084
2024-06-30,RKEC,small,2085
2024-06-30,MEP,small,2087
2024-06-30,LAGNAM,small,2098
2024-06-30,BAFNAPH,small,2103
2024-06-30,UNITEDPOLY,small,2104
2024-06-30,ASPINWALL,small,2105
2024-06-30,EROSMEDIA,small,2108
2024-06-30,INDBANK,small,2111
2024-06-30,SHIVATEX,small,2114
2024-06-30,SMARTLINK,small,2115
2024-06-30,ATAM,small,2116
2024-06-30,AARVI,small,2117
2024-06-30,MAHESHWARI,small,2121
2024-06-30,GILLANDERS,small,2123
2024-06-30,VISESHINFO,small,2128
2024-06-30,ARCHIDPLY,small,2130
2024-06-30,GVPTECH,small,2131
2024-06-30,ISFT,small,2132
2024-06-30,MAHAPEXLTD,small,2135
2024-06-30,KBCGLOBAL,small,2137
2024-06-30,TARMAT,small,2139
2024-06-30,CORALFINAC,small,2140
2024-06-30,CROWN,small,2141
2024-06-30,FCONSUMER,small,2142
2024-06-30,SUPREMEINF,small,2143
2024-06-30,ALPA,small,2144
2024-06-30,SUMIT,small,2145
2024-06-30,BAGFILMS,small,2146
2024-06-30,IVP,small,2147
2024-06-30,GTL,small,2148
2024-06-30,SMSLIFE,small,2149
2024-06-30,LOVABLE,small,2150
2024-06-30,INCREDIBLE,small,2151
2024-06-30,ARVEE,small,2157
2024-06-30,BSL,small,2159
2024-06-30,MANAKALUCO,small,2167
2024-06-30,NOIDATOLL,small,2168
2024-06-30,UMANGDAIRY,small,2169
2024-06-30,AARTECH,small,2171
2024-06-30,CAPTRUST,small,2176
2024-06-30,RHFL,small,2177
2024-06-30,EMMBI,small,2179
2024-06-30,NITIRAJ,small,2181
2024-06-30,SALSTEEL,small,2183
2024-06-30,ARSHIYA,small,2185
2024-06-30,NIRAJ,small,2186
2024-06-30,SPLIL,small,2187
2024-06-30,PRAENG,small,2192
2024-06-30,XELPMOC,small,2193
2024-06-30,SURANASOL,small,2195
2024-06-30,PALREDTEC,small,2196
2024-06-30,OILCOUNTUB,small,2198
2024-06-30,WEIZMANIND,small,2202
2024-06-30,MAHASTEEL,small,2210
2024-06-30,WORTH,small,2212
2024-06-30,HINDNATGLS,small,2213
2024-06-30,CTE,small,2216
2024-06-30,TOTAL,small,2217
2024-06-30,JOCIL,small,2218
2024-06-30,UNIVASTU,small,2222
2024-06-30,DIGIDRIVE,small,2228
2024-06-30,TIRUPATIFL,small,2229
2024-06-30,BHARATGEAR,small,2231
2024-06-30,MUKTAARTS,small,2235
2024-06-30,KAKATCEM,small,2236
2024-06-30,CENTEXT,small,2237
2024-06-30,RELCHEMQ,small,2239
2024-06-30,BALPHARMA,small,2242
2024-06-30,AKI,small,2243
2024-06-30,UNITEDTEA,small,2244
2024-06-30,MITCON,small,2245
2024-06-30,VAISHALI,small,2247
2024-06-30,ACCURACY,small,2251
2024-06-30,TOUCHWOOD,small,2256
2024-06-30,BEARDSELL,small,2259
2024-06-30,AKSHOPTFBR,small,2260
2024-06-30,MANGALAM,small,2261
2024-06-30,PRAKASHSTL,small,2264
2024-06-30,MODTHREAD,small,2265
2024-06-30,PANSARI,small,2267
2024-06-30,JHS,small,2270
2024-06-30,DBSTOCKBRO,small,2271
2024-06-30,SHAH,small,2277
2024-06-30,IL&FSTRANS,small,2280
2024-06-30,ARTNIRMAN,small,2282
2024-06-30,INDIANCARD,small,2283
2024-06-30,SECURKLOUD,small,2284
2024-06-30,KALYANIFRG,small,2285
2024-06-30,ANSALAPI,small,2288
2024-06-30,AHLADA,small,2290
2024-06-30,SALONA,small,2294
2024-06-30,AMJLAND,small,2300
2024-06-30,SONAMLTD,small,2301
2024-06-30,KOHINOOR,small,2308
2024-06-30,HPIL,small,2315
2024-06-30,SHRADHA,small,2317
2024-06-30,SKIL,small,2321
2024-06-30,KREBSBIO,small,2323
2024-06-30,SIL,small,2324
2024-06-30,S&SPOWER,small,2325
2024-06-30,LAMBODHARA,small,2334
2024-06-30,BLBLIMITED,small,2335
2024-06-30,DANGEE,small,2336
2024-06-30,DHRUV,small,2338
2024-06-30,DCM,small,2339
2024-06-30,SOMICONVEY,small,2340
2024-06-30,GAYAPROJ,small,2346
2024-06-30,FRETAIL,small,2348
2024-06-30,MRO-TEK,small,2356
2024-06-30,WIPL,small,2357
2024-06-30,SUNDARAM,small,2359
2024-06-30,MOTOGENFIN,small,2363
2024-06-30,BHANDARI,small,2364
2024-06-30,PATINTLOG,small,2365
2024-06-30,SIKKO,small,2379
2024-06-30,ANIKINDS,small,2380
2024-06-30,LOTUSEYE,small,2383
2024-06-30,TAINWALCHM,small,2384
2024-06-30,GANGESSECU,small,2389
2024-06-30,SURYALAXMI,small,2390
2024-06-30,GOYALALUM,small,2393
2024-06-30,SUVIDHAA,small,2400
2024-06-30,LASA,small,2401
2024-06-30,AAATECH,small,2404
2024-06-30,DGCONTENT,small,2405
2024-06-30,PIONEEREMB,small,2408
2024-06-30,SHAHALLOYS,small,2414
2024-06-30,CUBEXTUB,small,2418
2024-06-30,AMDIND,small,2421
2024-06-30,STEELCITY,small,2430
2024-06-30,AVROIND,small,2432
2024-06-30,PALASHSECU,small,2436
2024-06-30,BVCL,small,2438
2024-06-30,AAREYDRUGS,small,2440
2024-06-30,SETCO,small,2443
2024-06-30,AUSOMENT,small,2449
2024-06-30,LPDC,small,2451
2024-06-30,ALKALI,small,2452
2024-06-30,OBCL,small,2455
2024-06-30,DAMODARIND,small,2460
2024-06-30,SIMBHALS,small,2463
2024-06-30,ASTRON,small,2464
2024-06-30,BANKA,small,2469
2024-06-30,AGRITECH,small,2479
2024-06-30,KEYFINSERV,small,2492
2024-06-30,ZENITHSTL,small,2496
2024-06-30,ENERGYDEV,small,2499
2024-06-30,GANGAFORGE,small,2500
2024-06-30,CINEVISTA,small,2516
2024-06-30,INDSWFTLTD,small,2520
2024-06-30,YAARI,small,2526
2024-06-30,AAKASH,small,2527
2024-06-30,GROBTEA,small,2528
2024-06-30,SECMARK,small,2531
2024-06-30,DELTAMAGNT,small,2535
2024-06-30,FIBERWEB,small,2537
2024-06-30,VASWANI,small,2540
2024-06-30,FLEXITUFF,small,2543
2024-06-30,TPHQ,small,2544
2024-06-30,ZENITHEXPO,small,2545
2024-06-30,LATTEYS,small,2547
2024-06-30,PARASPETRO,small,2549
2024-06-30,BIOFILCHEM,small,2551
2024-06-30,HISARMETAL,small,2554
2024-06-30,TOKYOPLAST,small,2556
2024-06-30,ARCHIES,small,2559
2024-06-30,MCL,small,2560
2024-06-30,PKTEA,small,2564
2024-06-30,NAGREEKEXP,small,2565
2024-06-30,TREEHOUSE,small,2567
2024-06-30,VINNY,small,2576
2024-06-30,CELEBRITY,small,2577
2024-06-30,DIL,small,2582
2024-06-30,REGENCERAM,small,2587
2024-06-30,TIMESGTY,small,2589
2024-06-30,SOMATEX,small,2591
2024-06-30,PANACHE,small,2602
2024-06-30,SAMPANN,small,2603
2024-06-30,SVPGLOB,small,2609
2024-06-30,SAMBHAAV,small,2611
2024-06-30,DIGJAMLMTD,small,2613
2024-06-30,MOKSH,small,2628
2024-06-30,ORIENTLTD,small,2633
2024-06-30,GLOBE,small,2636
2024-06-30,AGROPHOS,small,2638
2024-06-30,ATALREAL,small,2639
2024-06-30,AKSHAR,small,2642
2024-06-30,CEREBRAINT,small,2644
2024-06-30,MBECL,small,2645
2024-06-30,SPYL,small,2651
2024-06-30,HECPROJECT,small,2661
2024-06-30,PRUDMOULI,small,2663
2024-06-30,PIGL,small,2668
2024-06-30,NIBL,small,2669
2024-06-30,KARMAENG,small,2672
2024-06-30,PNC,small,2673
2024-06-30,GOLDENTOBC,small,2684
2024-06-30,HOVS,small,2690
2024-06-30,GTECJAINX,small,2693
2024-06-30,AROGRANITE,small,2698
2024-06-30,KANANIIND,small,2699
2024-06-30,LEXUS,small,2705
2024-06-30,SHIVAMILLS,small,2706
2024-06-30,EXCEL,small,2716
2024-06-30,MARSHALL,small,2719
2024-06-30,WEWIN,small,2735
2024-06-30,ROML,small,2738
2024-06-30,MORARJEE,small,2739
2024-06-30,ROLTA,small,2740
2024-06-30,TERASOFT,small,2745
2024-06-30,SECURCRED,small,2752
2024-06-30,MALUPAPER,small,2761
2024-06-30,MANUGRAPH,small,2777
2024-06-30,BANG,small,2797
2024-06-30,AJOONI,small,2798
2024-06-30,NGIL,small,2802
2024-06-30,TFL,small,2805
2024-06-30,AKG,small,2809
2024-06-30,MADHUCON,small,2810
2024-06-30,ADROITINFO,small,2813
2024-06-30,AARVEEDEN,small,2830
2024-06-30,SITINET,small,2849
2024-06-30,PODDARHOUS,small,2855
2024-06-30,JAIPURKURT,small,2861
2024-06-30,JETFREIGHT,small,2862
2024-06-30,BALKRISHNA,small,2865
2024-06-30,HBSL,small,2869
2024-06-30,BANARBEADS,small,2873
2024-06-30,SHRENIK,small,2875
2024-06-30,SEYAIND,small,2879
2024-06-30,AKASH,small,2893
2024-06-30,ROLLT,small,2907
2024-06-30,GATECH,small,2916
2024-06-30,ANKITMETAL,small,2926
2024-06-30,PEARLPOLY,small,2931
2024-06-30,DNAMEDIA,small,2937
2024-06-30,LFIC,small,2941
2024-06-30,3PLAND,small,2947
2024-06-30,FEL,small,2951
2024-06-30,RKDL,small,2954
2024-06-30,ASHOKAMET,small,2956
2024-06-30,ABMINTLLTD,small,2959
2024-06-30,BURNPUR,small,2960
2024-06-30,VINEETLAB,small,2972
2024-06-30,ICDSLTD,small,2976
2024-06-30,SILGO,small,2995
2024-06-30,LAXMICOT,small,3004
2024-06-30,SRPL,small,3005
2024-06-30,COMPINFO,small,3013
2024-06-30,BINANIIND,small,3014
2024-06-30,LIBAS,small,3017
2024-06-30,SUULD,small,3018
2024-06-30,TNTELE,small,3019
2024-06-30,AMBICAAGAR,small,3027
2024-06-30,ARSSINFRA,small,3035
2024-06-30,21STCENMGM,small,3045
2024-06-30,ADL,small,3054
2024-06-30,GODHA,small,3055
2024-06-30,SANGINITA,small,3056
2024-06-30,SAGARDEEP,small,3057
2024-06-30,FLFL,small,3070
2024-06-30,KEEPLEARN,small,3089
2024-06-30,NEXTMEDIA,small,3091
2024-06-30,TECHIN,small,3093
2024-06-30,TGBHOTELS,small,3096
2024-06-30,KRIDHANINF,small,3105
2024-06-30,SGL,small,3106
2024-06-30,KHANDSE,small,3107
2024-06-30,MADHAV,small,3110
2024-06-30,TECILCHEM,small,3111
2024-06-30,SUPERSPIN,small,3123
2024-06-30,EDUCOMP,small,3128
2024-06-30,COUNCODOS,small,3129
2024-06-30,CYBERMEDIA,small,3130
2024-06-30,TIJARIA,small,3145
2024-06-30,FMNL,small,3192
2024-06-30,HAVISHA,small,3193
2024-06-30,WILLAMAGOR,small,3215
2024-06-30,UNIINFO,small,3217
2024-06-30,IMPEXFERRO,small,3231
2024-06-30,ACEINTEG,small,3245
2024-06-30,VIVIDHA,small,3258
2024-06-30,NKIND,small,3286
2024-06-30,SANWARIA,small,3319
2024-06-30,FSC,small,3320
2024-06-30,HEADSUP,small,3321
2024-06-30,INFOMEDIA,small,3330
2024-06-30,KHAITANLTD,small,3334
2024-06-30,KSHITIJPOL,small,3339
2024-06-30,SUMEETINDS,small,3341
2024-06-30,NARMADA,small,3361
2024-06-30,MITTAL,small,3365
2024-06-30,BOHRAIND,small,3366
2024-06-30,MOHITIND,small,3368
2024-06-30,KAVVERITEL,small,3382
2024-06-30,LCCINFOTEC,small,3384
2024-06-30,HYBRIDFIN,small,3386
2024-06-30,GAYAHWS,small,3395
2024-06-30,ORIENTALTL,small,3403
2024-06-30,VIJIFIN,small,3404
2024-06-30,GFSTEELS,small,3414
2024-06-30,GOENKA,small,3422
2024-06-30,SUPREMEENG,small,3444
2024-06-30,KAUSHALYA,small,3447
2024-06-30,CALSOFT,small,3450
2024-06-30,MTEDUCARE,small,3470
2024-06-30,RETAIL,small,3476
2024-06-30,NAGREEKCAP,small,3494
2024-06-30,WINSOME,small,3498
2024-06-30,ONELIFECAP,small,3502
2024-06-30,MASKINVEST,small,3503
2024-06-30,GUJRAFFIA,small,3507
2024-06-30,ANTGRAPHIC,small,3530
2024-06-30,GLFL,small,3549
2024-06-30,TVVISION,small,3581
2024-06-30,VCL,small,3606
2024-06-30,SHANTI,small,3643
2024-06-30,NTL,small,3655
2024-06-30,LYPSAGEMS,small,3673
2024-06-30,SILLYMONKS,small,3719
2024-06-30,TARAPUR,small,3722
2024-06-30,BLUECHIP,small,3766
2024-06-30,ORTINLAB,small,3795
2024-06-30,OMKARCHEM,small,3814
2024-06-30,UMESLTD,small,3831
2024-06-30,NORBTEAEXP,small,3834
2024-06-30,SHYAMTEL,small,3866
2024-06-30,ARENTERP,small,3878
2024-06-30,BKMINDST,small,3961
2024-06-30,EUROTEXIND,small,3971
2024-06-30,KALYANI,small,3977
2024-06-30,PREMIER,small,4025
2024-06-30,NIRAJISPAT,small,4029
2024-06-30,CREATIVEYE,small,4036
2024-06-30,ALPSINDUS,small,4073
2024-06-30,DCMFINSERV,small,4084
2024-06-30,CMICABLES,small,4098
2024-06-30,SETUINFRA,small,4104
2024-06-30,RADAAN,small,4108
2024-06-30,BLUECOAST,small,4145
2024-06-30,UNIVAFOODS,small,4150
2024-06-30,SANCO,small,4155
2024-06-30,SABEVENTS,small,4177
2024-06-30,TCIFINANCE,small,4210
2024-06-30,MELSTAR,small,4296
2024-06-30,BGLOBAL,small,4404
2024-06-30,LAKPRE,small,4406
2024-06-30,QUINTEGRA,small,4413
2024-06-30,ORTEL,small,4554
2024-06-30,GANGOTRI,small,4606
2024-06-30,RAJVIR,small,4784
2024-12-31,RELIANCE,large,1
2024-12-31,TCS,large,2
2024-12-31,HDFCBANK,large,3
2024-12-31,BHARTIARTL,large,4
2024-12-31,ICICIBANK,large,5
2024-12-31,INFY,large,6
2024-12-31,SBIN,large,7
2024-12-31,LICI,large,8
2024-12-31,HINDUNILVR,large,9
2024-12-31,ITC,large,10
2024-12-31,LT,large,11
2024-12-31,HCLTECH,large,12
2024-12-31,BAJFINANCE,large,13
2024-12-31,SUNPHARMA,large,14
2024-12-31,NTPC,large,15
2024-12-31,MARUTI,large,16
2024-12-31,TATAMOTORS,large,17
2024-12-31,AXISBANK,large,18
2024-12-31,ONGC,large,19
2024-12-31,M&M,large,20
2024-12-31,KOTAKBANK,large,21
2024-12-31,ADANIENT,large,22
2024-12-31,ULTRACEMCO,large,23
2024-12-31,POWERGRID,large,24
2024-12-31,HAL,large,25
2024-12-31,TITAN,large,26
2024-12-31,ADANIPORTS,large,27
2024-12-31,DMART,large,28
2024-12-31,COALINDIA,large,29
2024-12-31,WIPRO,large,30
2024-12-31,BAJAJ-AUTO,large,31
2024-12-31,ASIANPAINT,large,32
2024-12-31,BAJAJFINSV,large,33
2024-12-31,ADANIGREEN,large,34
2024-12-31,SIEMENS,large,35
2024-12-31,ADANIPOWER,large,36
2024-12-31,TRENT,large,37
2024-12-31,NESTLEIND,large,38
2024-12-31,JSWSTEEL,large,39
2024-12-31,ZOMATO,large,40
2024-12-31,HINDZINC,large,41
2024-12-31,IOC,large,42
2024-12-31,BEL,large,43
2024-12-31,IRFC,large,44
2024-12-31,JIOFIN,large,45
2024-12-31,DLF,large,46
2024-12-31,VBL,large,47
2024-12-31,TATASTEEL,large,48
2024-12-31,GRASIM,large,49
2024-12-31,VEDL,large,50
2024-12-31,LTIM,large,51
2024-12-31,INDIGO,large,52
2024-12-31,SBILIFE,large,53
2024-12-31,PFC,large,54
2024-12-31,ABB,large,55
2024-12-31,TECHM,large,56
2024-12-31,PIDILITIND,large,57
2024-12-31,HINDALCO,large,58
2024-12-31,AMBUJACEM,large,59
2024-12-31,HYUNDAI,large,60
2024-12-31,HDFCLIFE,large,61
2024-12-31,RECLTD,large,62
2024-12-31,DIVISLAB,large,63
2024-12-31,GAIL,large,64
2024-12-31,BPCL,large,65
2024-12-31,TATAPOWER,large,66
2024-12-31,GODREJCP,large,67
2024-12-31,BRITANNIA,large,68
2024-12-31,EICHERMOT,large,69
2024-12-31,MOTHERSON,large,70
2024-12-31,LODHA,large,71
2024-12-31,BANKBARODA,large,72
2024-12-31,CIPLA,large,73
2024-12-31,JSWENERGY,large,74
2024-12-31,TVSMOTOR,large,75
2024-12-31,PNB,large,76
2024-12-31,SHRIRAMFIN,large,77
2024-12-31,CHOLAFIN,large,78
2024-12-31,BAJAJHFL,large,79
2024-12-31,SWIGGY,large,80
2024-12-31,BAJAJHLDNG,large,81
2024-12-31,NTPCGREEN,large,82
2024-12-31,HAVELLS,large,83
2024-12-31,ADANIENSOL,large,84
2024-12-31,CGPOWER,large,85
2024-12-31,TORNTPHARM,large,86
2024-12-31,DRREDDY,large,87
2024-12-31,IOB,large,88
2024-12-31,ZYDUSLIFE,large,89
2024-12-31,TATACONSUM,large,90
2024-12-31,UNITDSPR,large,91
2024-12-31,RVNL,large,92
2024-12-31,HEROMOTOCO,large,93
2024-12-31,DABUR,large,94
2024-12-31,ICICIPRULI,large,95
2024-12-31,BOSCHLTD,large,96
2024-12-31,POLYCAB,large,97
2024-12-31,INDUSTOWER,large,98
2024-12-31,CUMMINSIND,large,99
2024-12-31,NAUKRI,large,100
2024-12-31,INDHOTEL,mid,101
2024-12-31,APOLLOHOSP,mid,102
2024-12-31,MANKIND,mid,103
2024-12-31,ICICIGI,mid,104
2024-12-31,OFSS,mid,105
2024-12-31,INDUSINDBK,mid,106
2024-12-31,JINDALSTEL,mid,107
2024-12-31,SOLARINDS,mid,108
2024-12-31,CANBK,mid,109
2024-12-31,LUPIN,mid,110
2024-12-31,MAXHEALTH,mid,111
2024-12-31,SUZLON,mid,112
2024-12-31,BHEL,mid,113
2024-12-31,UNIONBANK,mid,114
2024-12-31,SHREECEM,mid,115
2024-12-31,IDBI,mid,116
2024-12-31,NHPC,mid,117
2024-12-31,HDFCAMC,mid,118
2024-12-31,MAZDOCK,mid,119
2024-12-31,OIL,mid,120
2024-12-31,COLPAL,mid,121
2024-12-31,ATGL,mid,122
2024-12-31,DIXON,mid,123
2024-12-31,MARICO,mid,124
2024-12-31,GMRAIRPORT,mid,125
2024-12-31,PERSISTENT,mid,126
2024-12-31,HINDPETRO,mid,127
2024-12-31,GODREJPROP,mid,128
2024-12-31,WAAREEENER,mid,129
2024-12-31,TORNTPOWER,mid,130
2024-12-31,AUROPHARMA,mid,131
2024-12-31,IDEA,mid,132
2024-12-31,POLICYBZR,mid,133
2024-12-31,TIINDIA,mid,134
2024-12-31,MUTHOOTFIN,mid,135
2024-12-31,INDIANB,mid,136
2024-12-31,PRESTIGE,mid,137
2024-12-31,IRCTC,mid,138
2024-12-31,SRF,mid,139
2024-12-31,YESBANK,mid,140
2024-12-31,BHARATFORG,mid,141
2024-12-31,GICRE,mid,142
2024-12-31,OBEROIRLTY,mid,143
2024-12-31,SBICARD,mid,144
2024-12-31,ASHOKLEY,mid,145
2024-12-31,ALKEM,mid,146
2024-12-31,JSWINFRA,mid,147
2024-12-31,KALYANKJIL,mid,148
2024-12-31,NMDC,mid,149
2024-12-31,BHARTIHEXA,mid,150
2024-12-31,PIIND,mid,151
2024-12-31,SUPREMEIND,mid,152
2024-12-31,LINDEINDIA,mid,153
2024-12-31,PATANJALI,mid,154
2024-12-31,BERGEPAINT,mid,155
2024-12-31,FACT,mid,156
2024-12-31,PHOENIXLTD,mid,157
2024-12-31,IREDA,mid,158
2024-12-31,JSL,mid,160
2024-12-31,UNOMINDA,mid,161
2024-12-31,SCHAEFFLER,mid,162
2024-12-31,UCOBANK,mid,163
2024-12-31,THERMAX,mid,164
2024-12-31,BALKRISIND,mid,165
2024-12-31,VOLTAS,mid,166
2024-12-31,MRF,mid,167
2024-12-31,MPHASIS,mid,168
2024-12-31,CONCOR,mid,169
2024-12-31,ABCAPITAL,mid,170
2024-12-31,LTTS,mid,171
2024-12-31,POWERINDIA,mid,172
2024-12-31,SAIL,mid,173
2024-12-31,TATACOMM,mid,174
2024-12-31,NYKAA,mid,175
2024-12-31,UBL,mid,176
2024-12-31,PGHH,mid,177
2024-12-31,ASTRAL,mid,178
2024-12-31,IDFCFIRSTB,mid,179
2024-12-31,PETRONET,mid,180
2024-12-31,BANKINDIA,mid,181
2024-12-31,HUDCO,mid,182
2024-12-31,PREMIERENE,mid,183
2024-12-31,CENTRALBK,mid,184
2024-12-31,BSE,mid,185
2024-12-31,SUNDARMFIN,mid,186
2024-12-31,COROMANDEL,mid,187
2024-12-31,SJVN,mid,188
2024-12-31,COCHINSHIP,mid,189
2024-12-31,FEDERALBNK,mid,190
2024-12-31,PAGEIND,mid,191
2024-12-31,COFORGE,mid,192
2024-12-31,AUBANK,mid,193
2024-12-31,VMM,mid,194
2024-12-31,MOTILALOFS,mid,195
2024-12-31,LLOYDSME,mid,196
2024-12-31,BDL,mid,197
2024-12-31,KPITTECH,mid,198
2024-12-31,TATAELXSI,mid,199
2024-12-31,GVT&D,mid,200
2024-12-31,GLENMARK,mid,201
2024-12-31,GLAXO,mid,202
2024-12-31,ACC,mid,203
2024-12-31,FORTIS,mid,204
2024-12-31,PAYTM,mid,205
2024-12-31,AWL,mid,206
2024-12-31,NAM-INDIA,mid,207
2024-12-31,UPL,mid,208
2024-12-31,HONAUT,mid,209
2024-12-31,MAHABANK,mid,210
2024-12-31,OLAELEC,mid,211
2024-12-31,FLUOROCHEM,mid,212
2024-12-31,BIOCON,mid,213
2024-12-31,ESCORTS,mid,214
2024-12-31,JUBLFOOD,mid,215
2024-12-31,APLAPOLLO,mid,216
2024-12-31,EXIDEIND,mid,217
2024-12-31,SONACOMS,mid,218
2024-12-31,TATATECH,mid,219
2024-12-31,LTF,mid,220
2024-12-31,GUJGASLTD,mid,221
2024-12-31,360ONE,mid,222
2024-12-31,3MINDIA,mid,223
2024-12-31,MFSL,mid,224
2024-12-31,KEI,mid,225
2024-12-31,DEEPAKNTR,mid,226
2024-12-31,AIAENG,mid,227
2024-12-31,NATIONALUM,mid,228
2024-12-31,BLUESTARCO,mid,229
2024-12-31,NIACL,mid,230
2024-12-31,PSB,mid,231
2024-12-31,APARINDS,mid,232
2024-12-31,IPCALAB,mid,233
2024-12-31,AJANTPHARM,mid,234
2024-12-31,LICHSGFIN,mid,235
2024-12-31,NLCINDIA,mid,236
2024-12-31,M&MFIN,mid,237
2024-12-31,IRB,mid,238
2024-12-31,CRISIL,mid,239
2024-12-31,GODREJIND,mid,240
2024-12-31,DALBHARAT,mid,241
2024-12-31,SYNGENE,mid,242
2024-12-31,ENDURANCE,mid,243
2024-12-31,METROBRAND,mid,244
2024-12-31,JKCEMENT,mid,245
2024-12-31,KAYNES,mid,246
2024-12-31,TATAINVEST,mid,247
2024-12-31,IKS,mid,248
2024-12-31,IGL,mid,249
2024-12-31,ABFRL,mid,250
2024-12-31,APOLLOTYRE,small,251
2024-12-31,FIRSTCRY,small,252
2024-12-31,STARHEALTH,small,253
2024-12-31,GODIGIT,small,254
2024-12-31,MRPL,small,255
2024-12-31,EMAMILTD,small,256
2024-12-31,KPRMILL,small,257
2024-12-31,CHOLAHLDNG,small,258
2024-12-31,SUNTV,small,259
2024-12-31,CDSL,small,260
2024-12-31,BANDHANBNK,small,261
2024-12-31,MANYAVAR,small,262
2024-12-31,GLAND,small,263
2024-12-31,GODFRYPHLP,small,264
2024-12-31,MEDANTA,small,265
2024-12-31,MSUMI,small,266
2024-12-31,BRIGADE,small,267
2024-12-31,NBCC,small,268
2024-12-31,HINDCOPPER,small,269
2024-12-31,POONAWALLA,small,270
2024-12-31,PPLPHARMA,small,271
2024-12-31,SUVENPHAR,small,272
2024-12-31,DELHIVERY,small,273
2024-12-31,JBCHEPHARM,small,274
2024-12-31,GILLETTE,small,275
2024-12-31,CARBORUNIV,small,277
2024-12-31,ABREL,small,278
2024-12-31,BASF,small,279
2024-12-31,ZFCVINDIA,small,281
2024-12-31,AEGISLOG,small,282
2024-12-31,ITI,small,283
2024-12-31,RADICO,small,284
2024-12-31,SUNDRMFAST,small,285
2024-12-31,TIMKEN,small,286
2024-12-31,TATACHEM,small,287
2024-12-31,CROMPTON,small,288
2024-12-31,ISEC,small,289
2024-12-31,JYOTICNC,small,290
2024-12-31,SUMICHEM,small,291
2024-12-31,LALPATHLAB,small,292
2024-12-31,INOXWIND,small,293
2024-12-31,HSCL,small,294
2024-12-31,LAURUSLABS,small,295
2024-12-31,EMCURE,small,296
2024-12-31,TVSHLTD,small,297
2024-12-31,GRINDWELL,small,298
2024-12-31,AIIL,small,299
2024-12-31,WHIRLPOOL,small,300
2024-12-31,SKFINDIA,small,301
2024-12-31,ARE&M,small,302
2024-12-31,HATSUN,small,303
2024-12-31,NH,small,304
2024-12-31,KEC,small,305
2024-12-31,NATCOPHARM,small,306
2024-12-31,RATNAMANI,small,307
2024-12-31,PFIZER,small,308
2024-12-31,EIHOTEL,small,309
2024-12-31,CESC,small,310
2024-12-31,POLYMED,small,311
2024-12-31,KIOCL,small,312
2024-12-31,PEL,small,313
2024-12-31,ANGELONE,small,314
2024-12-31,PNBHOUSING,small,315
2024-12-31,IGIL,small,316
2024-12-31,CASTROLIND,small,317
2024-12-31,KANSAINER,small,318
2024-12-31,JWL,small,319
2024-12-31,NUVAMA,small,320
2024-12-31,IRCON,small,321
2024-12-31,TRITURBINE,small,322
2024-12-31,SHYAMMETL,small,323
2024-12-31,ANANTRAJ,small,324
2024-12-31,FSL,small,325
2024-12-31,ATUL,small,326
2024-12-31,CAMS,small,327
2024-12-31,AFFLE,small,328
2024-12-31,TEJASNET,small,329
2024-12-31,FIVESTAR,small,330
2024-12-31,APLLTD,small,331
2024-12-31,ABSLAMC,small,332
2024-12-31,JBMA,small,333
2024-12-31,KAJARIACER,small,334
2024-12-31,DEVYANI,small,335
2024-12-31,GRSE,small,336
2024-12-31,CYIENT,small,337
2024-12-31,KPIL,small,338
2024-12-31,FINCABLES,small,339
2024-12-31,GSPL,small,340
2024-12-31,ELGIEQUIP,small,341
2024-12-31,KIMS,small,342
2024-12-31,ASTERDM,small,343
2024-12-31,RAMCOCEM,small,344
2024-12-31,JINDALSAW,small,345
2024-12-31,BIKAJI,small,346
2024-12-31,AARTIIND,small,347
2024-12-31,CIEINDIA,small,348
2024-12-31,CHAMBLFERT,small,349
2024-12-31,VINATIORGA,small,350
2024-12-31,SIGNATURE,small,351
2024-12-31,SWANENERGY,small,352
2024-12-31,CONCORDBIO,small,353
2024-12-31,NCC,small,354
2024-12-31,VGUARD,small,355
2024-12-31,PTCIL,small,356
2024-12-31,SCHNEIDER,small,357
2024-12-31,IIFL,small,358
2024-12-31,RELAXO,small,359
2024-12-31,HFCL,small,360
2024-12-31,CELLO,small,361
2024-12-31,BLUEDART,small,362
2024-12-31,CHALET,small,363
2024-12-31,AADHARHFC,small,364
2024-12-31,WELCORP,small,365
2024-12-31,AFCONS,small,366
2024-12-31,TBOTEK,small,367
2024-12-31,BATAINDIA,small,368
2024-12-31,RRKABEL,small,369
2024-12-31,TRIDENT,small,370
2024-12-31,SAGILITY,small,371
2024-12-31,JYOTHYLAB,small,372
2024-12-31,FINPIPE,small,373
2024-12-31,TECHNOE,small,374
2024-12-31,TITAGARH,small,375
2024-12-31,SOBHA,small,376
2024-12-31,GESHIP,small,377
2024-12-31,SONATSOFTW,small,378
2024-12-31,CREDITACC,small,379
2024-12-31,KFINTECH,small,380
2024-12-31,ERIS,small,382
2024-12-31,AMBER,small,383
2024-12-31,KARURVYSYA,small,384
2024-12-31,JAIBALAJI,small,385
2024-12-31,CENTURYPLY,small,386
2024-12-31,KIRLOSENG,small,387
2024-12-31,IFCI,small,388
2024-12-31,ASTRAZEN,small,389
2024-12-31,LMW,small,390
2024-12-31,BBTC,small,391
2024-12-31,BEML,small,392
2024-12-31,BSOFT,small,393
2024-12-31,RKFORGE,small,394
2024-12-31,DCMSHRIRAM,small,395
2024-12-31,NAVINFLUOR,small,396
2024-12-31,WOCKPHARMA,small,397
2024-12-31,ASAHIINDIA,small,398
2024-12-31,IEX,small,399
2024-12-31,CGCL,small,400
2024-12-31,ZENSARTECH,small,401
2024-12-31,HBLENGINE,small,402
2024-12-31,NEWGEN,small,403
2024-12-31,VENTIVE,small,405
2024-12-31,APTUS,small,406
2024-12-31,BLS,small,407
2024-12-31,ANANDRATHI,small,408
2024-12-31,JUBLPHARMA,small,409
2024-12-31,TTML,small,410
2024-12-31,WELSPUNLIV,small,411
2024-12-31,NEULANDLAB,small,412
2024-12-31,INDIAMART,small,413
2024-12-31,PCBL,small,414
2024-12-31,ACE,small,415
2024-12-31,AKZOINDIA,small,416
2024-12-31,MANAPPURAM,small,417
2024-12-31,MGL,small,418
2024-12-31,PGEL,small,419
2024-12-31,KIRLOSBROS,small,420
2024-12-31,DOMS,small,421
2024-12-31,CLEAN,small,422
2024-12-31,FINEORG,small,423
2024-12-31,GRINFRA,small,424
2024-12-31,ZENTEC,small,425
2024-12-31,ACMESOLAR,small,426
2024-12-31,RITES,small,427
2024-12-31,REDINGTON,small,428
2024-12-31,SAILIFE,small,429
2024-12-31,KSB,small,430
2024-12-31,UTIAMC,small,431
2024-12-31,SANOFI,small,432
2024-12-31,SPLPETRO,small,433
2024-12-31,DATAPATTNS,small,434
2024-12-31,NSLNISP,small,435
2024-12-31,INDGN,small,436
2024-12-31,GODREJAGRO,small,437
2024-12-31,PVRINOX,small,438
2024-12-31,RPOWER,small,439
2024-12-31,NIVABUPA,small,440
2024-12-31,NETWEB,small,441
2024-12-31,EIDPARRY,small,442
2024-12-31,NAVA,small,443
2024-12-31,CAPLIPOINT,small,444
2024-12-31,GRAVITA,small,445
2024-12-31,RAILTEL,small,446
2024-12-31,VTL,small,447
2024-12-31,GRANULES,small,448
2024-12-31,ECLERX,small,449
2024-12-31,SWSOLAR,small,450
2024-12-31,RAINBOW,small,451
2024-12-31,ELECON,small,452
2024-12-31,SARDAEN,small,453
2024-12-31,GPIL,small,454
2024-12-31,PRAJIND,small,455
2024-12-31,AAVAS,small,456
2024-12-31,DEEPAKFERT,small,457
2024-12-31,RAYMONDLSL,small,458
2024-12-31,INGERRAND,small,459
2024-12-31,OLECTRA,small,460
2024-12-31,ZYDUSWELL,small,461
2024-12-31,HONASA,small,462
2024-12-31,MMTC,small,463
2024-12-31,CRAFTSMAN,small,464
2024-12-31,IWEL,small,465
2024-12-31,ZEEL,small,466
2024-12-31,WESTLIFE,small,467
2024-12-31,LTFOODS,small,468
2024-12-31,GLS,small,469
2024-12-31,JPPOWER,small,470
2024-12-31,MINDACORP,small,471
2024-12-31,INTELLECT,small,472
2024-12-31,CUB,small,473
2024-12-31,NUVOCO,small,474
2024-12-31,CHENNPETRO,small,475
2024-12-31,AKUMS,small,476
2024-12-31,VOLTAMP,small,477
2024-12-31,TARIL,small,478
2024-12-31,TTKPRESTIG,small,479
2024-12-31,GENUSPOWER,small,480
2024-12-31,ALOKINDS,small,481
2024-12-31,RBLBANK,small,482
2024-12-31,ENGINERSIN,small,483
2024-12-31,RHIM,small,484
2024-12-31,MARKSANS,small,485
2024-12-31,RAYMOND,small,486
2024-12-31,HAPPSTMNDS,small,487
2024-12-31,TEGA,small,488
2024-12-31,AETHER,small,489
2024-12-31,JMFINANCIL,small,490
2024-12-31,SAFARI,small,491
2024-12-31,CEATLTD,small,492
2024-12-31,SCI,small,493
2024-12-31,GMDCLTD,small,494
2024-12-31,SAMMAANCAP,small,495
2024-12-31,J&KBANK,small,496
2024-12-31,MAHSCOOTER,small,497
2024-12-31,USHAMART,small,498
2024-12-31,TANLA,small,499
2024-12-31,ELECTCAST,small,500
2024-12-31,SANOFICONR,small,501
2024-12-31,BALRAMCHIN,small,502
2024-12-31,CANFINHOME,small,503
2024-12-31,JUBLINGREA,small,504
2024-12-31,JSWHL,small,505
2024-12-31,MAPMYINDIA,small,506
2024-12-31,INDIACEM,small,507
2024-12-31,KPIGREEN,small,508
2024-12-31,REDTAPE,small,509
2024-12-31,HAPPYFORGE,small,510
2024-12-31,JKTYRE,small,511
2024-12-31,METROPOLIS,small,512
2024-12-31,INOXINDIA,small,513
2024-12-31,EUREKAFORB,small,514
2024-12-31,CERA,small,515
2024-12-31,ALKYLAMINE,small,516
2024-12-31,VESUVIUS,small,517
2024-12-31,QUESS,small,519
2024-12-31,PRUDENT,small,520
2024-12-31,BAJAJELEC,small,521
2024-12-31,GRAPHITE,small,522
2024-12-31,PNCINFRA,small,523
2024-12-31,LEMONTREE,small,524
2024-12-31,SAPPHIRE,small,525
2024-12-31,ISGEC,small,526
2024-12-31,GALAXYSURF,small,527
2024-12-31,RCF,small,528
2024-12-31,RTNINDIA,small,529
2024-12-31,PURVA,small,530
2024-12-31,GPPL,small,531
2024-12-31,SYMPHONY,small,532
2024-12-31,BIRLACORPN,small,534
2024-12-31,BECTORFOOD,small,535
2024-12-31,SAREGAMA,small,536
2024-12-31,DBREALTY,small,537
2024-12-31,NETWORK18,small,538
2024-12-31,ARVIND,small,539
2024-12-31,THOMASCOOK,small,540
2024-12-31,SFL,small,541
2024-12-31,RELINFRA,small,542
2024-12-31,LATENTVIEW,small,543
2024-12-31,EDELWEISS,small,544
2024-12-31,HOMEFIRST,small,546
2024-12-31,PNGJL,small,547
2024-12-31,FORCEMOT,small,548
2024-12-31,ROUTE,small,549
2024-12-31,JUSTDIAL,small,550
2024-12-31,HGINFRA,small,551
2024-12-31,IONEXCHANG,small,552
2024-12-31,RENUKA,small,553
2024-12-31,VIJAYA,small,554
2024-12-31,JKLAKSHMI,small,555
2024-12-31,AZAD,small,556
2024-12-31,ESABINDIA,small,557
2024-12-31,GNFC,small,558
2024-12-31,TIPSMUSIC,small,559
2024-12-31,WABAG,small,560
2024-12-31,TRIVENI,small,561
2024-12-31,KNRCON,small,562
2024-12-31,IIFLCAPS,small,563
2024-12-31,ABDL,small,564
2024-12-31,POWERMECH,small,565
2024-12-31,CHOICEIN,small,566
2024-12-31,KIRLPNU,small,567
2024-12-31,AURIONPRO,small,568
2024-12-31,CCL,small,569
2024-12-31,SHAKTIPUMP,small,570
2024-12-31,SBFC,small,571
2024-12-31,PRSMJOHNSN,small,572
2024-12-31,JLHL,small,573
2024-12-31,TEXRAIL,small,574
2024-12-31,CAMPUS,small,575
2024-12-31,ITDCEM,small,576
2024-12-31,SHRIPISTON,small,577
2024-12-31,TIMETECHNO,small,579
2024-12-31,SENCO,small,580
2024-12-31,LLOYDSENGG,small,581
2024-12-31,MASTEK,small,582
2024-12-31,RUSTOMJEE,small,583
2024-12-31,BBOX,small,584
2024-12-31,MAXESTATES,small,585
2024-12-31,RATEGAIN,small,586
2024-12-31,GSFC,small,587
2024-12-31,CMSINFO,small,588
2024-12-31,VARROC,small,589
2024-12-31,PGHL,small,590
2024-12-31,MAHSEAMLES,small,591
2024-12-31,HEG,small,592
2024-12-31,RELIGARE,small,593
2024-12-31,AVANTIFEED,small,594
2024-12-31,EQUITASBNK,small,595
2024-12-31,ACI,small,596
2024-12-31,SYRMA,small,597
2024-12-31,BLUEJET,small,598
2024-12-31,SANSERA,small,600
2024-12-31,ASKAUTOLTD,small,601
2024-12-31,GRWRHITECH,small,602
2024-12-31,STARCEMENT,small,603
2024-12-31,FDC,small,604
2024-12-31,JUNIPER,small,605
2024-12-31,MEDPLUS,small,606
2024-12-31,GALLANTT,small,607
2024-12-31,KTKBANK,small,608
2024-12-31,MAHLIFE,small,609
2024-12-31,TVSSCS,small,610
2024-12-31,GANESHHOUC,small,611
2024-12-31,TCI,small,612
2024-12-31,ANURAS,small,613
2024-12-31,GMRP&UI,small,614
2024-12-31,SUNTECK,small,615
2024-12-31,EMBDL,small,616
2024-12-31,EPIGRAL,small,617
2024-12-31,RTNPOWER,small,618
2024-12-31,MHRIL,small,619
2024-12-31,RAJESHEXPO,small,620
2024-12-31,GARFIBRES,small,621
2024-12-31,JKPAPER,small,622
2024-12-31,SHOPERSTOP,small,623
2024-12-31,EPL,small,624
2024-12-31,MOIL,small,625
2024-12-31,ASTRAMICRO,small,626
2024-12-31,CHEMPLASTS,small,627
2024-12-31,SANDUMA,small,628
2024-12-31,AHLUCONT,small,630
2024-12-31,EMIL,small,631
2024-12-31,DIACABS,small,632
2024-12-31,UJJIVANSFB,small,634
2024-12-31,INFIBEAM,small,635
2024-12-31,SHILPAMED,small,636
2024-12-31,INDIASHLTR,small,637
2024-12-31,PARADEEP,small,638
2024-12-31,ETHOSLTD,small,639
2024-12-31,ICIL,small,640
2024-12-31,VMART,small,643
2024-12-31,LXCHEM,small,644
2024-12-31,WELENT,small,645
2024-12-31,PDSL,small,646
2024-12-31,HCC,small,647
2024-12-31,DBL,small,648
2024-12-31,MIDHANI,small,649
2024-12-31,MANINFRA,small,650
2024-12-31,IFBIND,small,651
2024-12-31,DHANUKA,small,652
2024-12-31,TRANSRAILL,small,653
2024-12-31,TMB,small,654
2024-12-31,ORCHPHARMA,small,655
2024-12-31,NAZARA,small,656
2024-12-31,RESPONIND,small,657
2024-12-31,DODLA,small,659
2024-12-31,ARVINDFASN,small,660
2024-12-31,BALUFORGE,small,661
2024-12-31,SUNDARMHLD,small,662
2024-12-31,INDIGOPNTS,small,663
2024-12-31,BALAMINES,small,664
2024-12-31,GREENLAM,small,665
2024-12-31,SPARC,small,666
2024-12-31,TIIL,small,667
2024-12-31,EMUDHRA,small,668
2024-12-31,SUPRAJIT,small,669
2024-12-31,JINDWORLD,small,670
2024-12-31,SUDARSCHEM,small,671
2024-12-31,UNIMECH,small,672
2024-12-31,GABRIEL,small,673
2024-12-31,ASHOKA,small,674
2024-12-31,VIPIND,small,676
2024-12-31,SURYAROSNI,small,677
2024-12-31,BLACKBUCK,small,678
2024-12-31,KRBL,small,679
2024-12-31,GOKEX,small,680
2024-12-31,AMIORG,small,681
2024-12-31,NESCO,small,682
2024-12-31,SHARDAMOTR,small,683
2024-12-31,KESORAMIND,small,684
2024-12-31,HNDFDS,small,686
2024-12-31,ORIENTCEM,small,687
2024-12-31,SOUTHBANK,small,688
2024-12-31,TARC,small,689
2024-12-31,BORORENEW,small,690
2024-12-31,TDPOWERSYS,small,691
2024-12-31,EASEMYTRIP,small,692
2024-12-31,NIITMTS,small,693
2024-12-31,STAR,small,694
2024-12-31,BANSALWIRE,small,695
2024-12-31,RALLIS,small,696
2024-12-31,PRIVISCL,small,698
2024-12-31,CEIGALL,small,699
2024-12-31,JAICORPLTD,small,700
2024-12-31,VSTIND,small,701
2024-12-31,NFL,small,703
2024-12-31,STLTECH,small,704
2024-12-31,ICRA,small,705
2024-12-31,PILANIINVS,small,706
2024-12-31,ROLEXRINGS,small,707
2024-12-31,GOCOLORS,small,708
2024-12-31,SHAREINDIA,small,709
2024-12-31,AVL,small,710
2024-12-31,GULFOILLUB,small,711
2024-12-31,LUXIND,small,712
2024-12-31,PCJEWELLER,small,713
2024-12-31,GMMPFAUDLR,small,715
2024-12-31,GAEL,small,716
2024-12-31,IXIGO,small,717
2024-12-31,AGI,small,718
2024-12-31,PRINCEPIPE,small,719
2024-12-31,PRICOLLTD,small,720
2024-12-31,GHCL,small,721
2024-12-31,ALLCARGO,small,722
2024-12-31,JKIL,small,723
2024-12-31,ITDC,small,724
2024-12-31,TI,small,725
2024-12-31,HCG,small,726
2024-12-31,DBCORP,small,727
2024-12-31,SIS,small,728
2024-12-31,GUJALKALI,small,729
2024-12-31,RSYSTEMS,small,730
2024-12-31,PTC,small,731
2024-12-31,INOXGREEN,small,732
2024-12-31,LLOYDSENT,small,733
2024-12-31,ENTERO,small,734
2024-12-31,SHARDACROP,small,735
2024-12-31,UEL,small,736
2024-12-31,AARTIPHARM,small,738
2024-12-31,RAIN,small,739
2024-12-31,CSBBANK,small,740
2024-12-31,CYIENTDLM,small,741
2024-12-31,THANGAMAYL,small,742
2024-12-31,BANCOINDIA,small,743
2024-12-31,JSFB,small,744
2024-12-31,JCHAC,small,745
2024-12-31,HEMIPROP,small,746
2024-12-31,MTARTECH,small,747
2024-12-31,ORIENTELEC,small,748
2024-12-31,MANORAMA,small,749
2024-12-31,SKIPPER,small,750
2024-12-31,MSTCLTD,small,751
2024-12-31,PAISALO,small,752
2024-12-31,KIRLOSIND,small,753
2024-12-31,OPTIEMUS,small,754
2024-12-31,ANUP,small,755
2024-12-31,EIEL,small,757
2024-12-31,BBL,small,758
2024-12-31,MASFIN,small,759
2024-12-31,DYNAMATECH,small,760
2024-12-31,HEIDELBERG,small,761
2024-12-31,ZAGGLE,small,762
2024-12-31,HERITGFOOD,small,763
2024-12-31,VAIBHAVGBL,small,764
2024-12-31,KSCL,small,766
2024-12-31,TEAMLEASE,small,767
2024-12-31,CARTRADE,small,768
2024-12-31,RBA,small,769
2024-12-31,NEOGEN,small,770
2024-12-31,BOROLTD,small,771
2024-12-31,AWFIS,small,772
2024-12-31,GANECOS,small,773
2024-12-31,VRLLOG,small,774
2024-12-31,REFEX,small,775
2024-12-31,WONDERLA,small,776
2024-12-31,UTKARSHBNK,small,777
2024-12-31,GOPAL,small,778
2024-12-31,BHARATRAS,small,779
2024-12-31,E2E,small,780
2024-12-31,ADVENZYMES,small,781
2024-12-31,SHAILY,small,782
2024-12-31,BAJAJHIND,small,783
2024-12-31,UNICHEMLAB,small,784
2024-12-31,ORISSAMINE,small,785
2024-12-31,YATHARTH,small,786
2024-12-31,PATELENG,small,787
2024-12-31,NOCIL,small,788
2024-12-31,HARSHA,small,789
2024-12-31,GATEWAY,small,790
2024-12-31,ROSSARI,small,791
2024-12-31,JAMNAAUTO,small,792
2024-12-31,SUPRIYA,small,793
2024-12-31,JISLJALEQS,small,794
2024-12-31,AARTIDRUGS,small,795
2024-12-31,WEBELSOLAR,small,797
2024-12-31,PGIL,small,798
2024-12-31,THYROCARE,small,800
2024-12-31,PITTIENG,small,801
2024-12-31,PARAS,small,804
2024-12-31,RAMKY,small,805
2024-12-31,STYRENIX,small,806
2024-12-31,JTEKTINDIA,small,807
2024-12-31,HIKAL,small,808
2024-12-31,UFLEX,small,809
2024-12-31,GREENPANEL,small,811
2024-12-31,SHANTIGEAR,small,812
2024-12-31,SUBROS,small,813
2024-12-31,BOMDYEING,small,814
2024-12-31,SUNCLAY,small,815
2024-12-31,EMSLIMITED,small,816
2024-12-31,MOBIKWIK,small,817
2024-12-31,INNOVACAP,small,818
2024-12-31,JAYNECOIND,small,819
2024-12-31,GREENPLY,small,820
2024-12-31,BALMLAWRIE,small,821
2024-12-31,IMAGICAA,small,822
2024-12-31,SEQUENT,small,823
2024-12-31,BANARISUG,small,824
2024-12-31,SAMHI,small,825
2024-12-31,FEDFINA,small,826
2024-12-31,BHAGCHEM,small,827
2024-12-31,EXICOM,small,828
2024-12-31,GREAVESCOT,small,829
2024-12-31,AVALON,small,830
2024-12-31,LGBBROSLTD,small,831
2024-12-31,MEDIASSIST,small,832
2024-12-31,AVANTEL,small,833
2024-12-31,SKYGOLD,small,834
2024-12-31,PFOCUS,small,835
2024-12-31,SUNFLAG,small,836
2024-12-31,FCL,small,837
2024-12-31,MOREPENLAB,small,838
2024-12-31,NORTHARC,small,839
2024-12-31,VENUSPIPES,small,840
2024-12-31,V2RETAIL,small,841
2024-12-31,GUFICBIO,small,842
2024-12-31,FIEMIND,small,843
2024-12-31,CIGNITITEC,small,844
2024-12-31,WSTCSTPAPR,small,845
2024-12-31,IMFA,small,846
2024-12-31,TCIEXP,small,847
2024-12-31,KKCL,small,848
2024-12-31,JTLIND,small,849
2024-12-31,GOKULAGRO,small,850
2024-12-31,KRN,small,851
2024-12-31,SOTL,small,853
2024-12-31,SULA,small,854
2024-12-31,JNKINDIA,small,855
2024-12-31,DCBBANK,small,856
2024-12-31,DCXINDIA,small,857
2024-12-31,INDIAGLYCO,small,858
2024-12-31,VSTTILLERS,small,859
2024-12-31,KSL,small,862
2024-12-31,DHANI,small,863
2024-12-31,KDDL,small,864
2024-12-31,SPANDANA,small,865
2024-12-31,VEEDOL,small,866
2024-12-31,SEPC,small,867
2024-12-31,ARTEMISMED,small,868
2024-12-31,LUMAXTECH,small,869
2024-12-31,POLYPLEX,small,870
2024-12-31,SWARAJENG,small,871
2024-12-31,HONDAPOWER,small,872
2024-12-31,KINGFA,small,873
2024-12-31,LAOPALA,small,874
2024-12-31,ARVSMART,small,875
2024-12-31,PARKHOTELS,small,876
2024-12-31,MUTHOOTMF,small,877
2024-12-31,HGS,small,878
2024-12-31,STYLAMIND,small,879
2024-12-31,HMT,small,880
2024-12-31,MPSLTD,small,881
2024-12-31,INDRAMEDCO,small,882
2024-12-31,RPGLIFE,small,883
2024-12-31,SANGHVIMOV,small,884
2024-12-31,CARRARO,small,885
2024-12-31,BEPL,small,886
2024-12-31,JINDALPOLY,small,887
2024-12-31,DATAMATICS,small,889
2024-12-31,HPL,small,890
2024-12-31,DALMIASUG,small,891
2024-12-31,KPEL,small,892
2024-12-31,ALEMBICLTD,small,893
2024-12-31,SCILAL,small,894
2024-12-31,HATHWAY,small,895
2024-12-31,CARERATING,small,896
2024-12-31,SHK,small,897
2024-12-31,SBCL,small,898
2024-12-31,INDOSTAR,small,899
2024-12-31,MTNL,small,900
2024-12-31,SEAMECLTD,small,901
2024-12-31,SERVOTECH,small,902
2024-12-31,ASHIANA,small,903
2024-12-31,SANDHAR,small,905
2024-12-31,DPABHUSHAN,small,907
2024-12-31,GIPCL,small,908
2024-12-31,EPACK,small,909
2024-12-31,SINDHUTRAD,small,910
2024-12-31,BAJAJCON,small,911
2024-12-31,SSWL,small,912
2024-12-31,QUICKHEAL,small,913
2024-12-31,NUCLEUS,small,914
2024-12-31,DELTACORP,small,915
2024-12-31,TIRUMALCHM,small,916
2024-12-31,NAVNETEDUL,small,917
2024-12-31,BFUTILITIE,small,918
2024-12-31,MAHLOG,small,919
2024-12-31,RPSGVENT,small,920
2024-12-31,GENSOL,small,921
2024-12-31,GOLDIAM,small,922
2024-12-31,VPRPL,small,923
2024-12-31,SOLARA,small,924
2024-12-31,MARINE,small,925
2024-12-31,GOODLUCK,small,926
2024-12-31,PRAKASH,small,927
2024-12-31,GEOJITFSL,small,928
2024-12-31,MAITHANALL,small,930
2024-12-31,KITEX,small,931
2024-12-31,SJS,small,932
2024-12-31,PRECWIRE,small,933
2024-12-31,GTLINFRA,small,934
2024-12-31,DCAL,small,935
2024-12-31,FLAIR,small,936
2024-12-31,SANATHAN,small,937
2024-12-31,APOLLO,small,938
2024-12-31,TVSSRICHAK,small,939
2024-12-31,PFS,small,940
2024-12-31,CAPACITE,small,941
2024-12-31,REPCOHOME,small,942
2024-12-31,MARATHON,small,943
2024-12-31,INDOCO,small,944
2024-12-31,ASHAPURMIN,small,945
2024-12-31,BAJEL,small,946
2024-12-31,KCP,small,947
2024-12-31,SURAJEST,small,948
2024-12-31,GENESYS,small,949
2024-12-31,WENDT,small,950
2024-12-31,SAKSOFT,small,951
2024-12-31,JASH,small,952
2024-12-31,POKARNA,small,953
2024-12-31,ADFFOODS,small,954
2024-12-31,SALASAR,small,955
2024-12-31,EVEREADY,small,956
2024-12-31,FINOPB,small,957
2024-12-31,SAGCEM,small,958
2024-12-31,NSIL,small,959
2024-12-31,TASTYBITE,small,960
2024-12-31,HINDOILEXP,small,961
2024-12-31,SUVEN,small,962
2024-12-31,KOLTEPATIL,small,963
2024-12-31,PREMEXPLN,small,964
2024-12-31,AJMERA,small,965
2024-12-31,HITECH,small,966
2024-12-31,NRBBEARING,small,967
2024-12-31,DOLLAR,small,968
2024-12-31,SOMANYCERA,small,969
2024-12-31,ORIENTHOT,small,970
2024-12-31,IDEAFORGE,small,971
2024-12-31,FOSECOIND,small,972
2024-12-31,VADILALIND,small,973
2024-12-31,RPEL,small,975
2024-12-31,AUTOAXLES,small,976
2024-12-31,GLOBUSSPR,small,977
2024-12-31,GEPIL,small,978
2024-12-31,TCPLPACK,small,979
2024-12-31,NILKAMAL,small,980
2024-12-31,ARKADE,small,981
2024-12-31,SUMMITSEC,small,982
2024-12-31,RAJRATAN,small,983
2024-12-31,DREDGECORP,small,984
2024-12-31,STANLEY,small,985
2024-12-31,VISHNU,small,986
2024-12-31,FUSION,small,987
2024-12-31,THEJO,small,988
2024-12-31,SHALBY,small,989
2024-12-31,MONARCH,small,991
2024-12-31,DEEPINDS,small,992
2024-12-31,VENKEYS,small,993
2024-12-31,HLEGLAS,small,994
2024-12-31,KICL,small,995
2024-12-31,DAMCAPITAL,small,996
2024-12-31,VINDHYATEL,small,997
2024-12-31,FILATEX,small,998
2024-12-31,SIYSIL,small,999
2024-12-31,MMFL,small,1002
2024-12-31,MAYURUNIQ,small,1003
2024-12-31,UNITECH,small,1004
2024-12-31,HUHTAMAKI,small,1005
2024-12-31,RANEHOLDIN,small,1007
2024-12-31,SMLISUZU,small,1008
2024-12-31,VAKRANGEE,small,1010
2024-12-31,SASKEN,small,1011
2024-12-31,KALAMANDIR,small,1012
2024-12-31,RPTECH,small,1013
2024-12-31,HINDWAREAP,small,1014
2024-12-31,PSPPROJECT,small,1015
2024-12-31,KRSNAA,small,1016
2024-12-31,CONFIPET,small,1017
2024-12-31,LANDMARK,small,1018
2024-12-31,SENORES,small,1021
2024-12-31,STYLEBAAZA,small,1022
2024-12-31,STOVEKRAFT,small,1023
2024-12-31,PENIND,small,1024
2024-12-31,DCW,small,1025
2024-12-31,SABTNL,small,1027
2024-12-31,JYOTISTRUC,small,1028
2024-12-31,ACCELYA,small,1029
2024-12-31,XPROINDIA,small,1031
2024-12-31,EIHAHOTELS,small,1032
2024-12-31,SMSPHARMA,small,1033
2024-12-31,DOLATALGO,small,1034
2024-12-31,DISHTV,small,1035
2024-12-31,MANGLMCEM,small,1036
2024-12-31,BFINVEST,small,1037
2024-12-31,PRECAM,small,1038
2024-12-31,IOLCP,small,1039
2024-12-31,INTERARCH,small,1040
2024-12-31,MOLDTKPAC,small,1041
2024-12-31,RAMRAT,small,1042
2024-12-31,LUMAXIND,small,1044
2024-12-31,INDIANHUME,small,1045
2024-12-31,MANINDS,small,1046
2024-12-31,UDS,small,1047
2024-12-31,MOL,small,1050
2024-12-31,THEMISMED,small,1051
2024-12-31,DREAMFOLKS,small,1052
2024-12-31,PIXTRANS,small,1053
2024-12-31,ECOSMOBLTY,small,1054
2024-12-31,INSECTICID,small,1055
2024-12-31,PARACABLES,small,1056
2024-12-31,DOLPHIN,small,1057
2024-12-31,ESAFSFB,small,1058
2024-12-31,INDOTECH,small,1059
2024-12-31,TARSONS,small,1060
2024-12-31,DEN,small,1061
2024-12-31,HMAAGRO,small,1062
2024-12-31,PANAMAPET,small,1063
2024-12-31,NELCO,small,1064
2024-12-31,AEROFLEX,small,1065
2024-12-31,MOTISONS,small,1066
2024-12-31,PARAGMILK,small,1067
2024-12-31,FMGOETZE,small,1069
2024-12-31,UNIVCABLES,small,1070
2024-12-31,VIDHIING,small,1071
2024-12-31,IPL,small,1072
2024-12-31,NITINSPIN,small,1073
2024-12-31,APOLLOPIPE,small,1074
2024-12-31,63MOONS,small,1075
2024-12-31,DIAMONDYD,small,1076
2024-12-31,AXISCADES,small,1077
2024-12-31,UGROCAP,small,1079
2024-12-31,SANSTAR,small,1080
2024-12-31,ASTEC,small,1081
2024-12-31,RUPA,small,1082
2024-12-31,CUPID,small,1083
2024-12-31,CARYSIL,small,1085
2024-12-31,TATVA,small,1086
2024-12-31,SPAL,small,1087
2024-12-31,CENTUM,small,1088
2024-12-31,VSSL,small,1089
2024-12-31,BARBEQUE,small,1090
2024-12-31,GREENPOWER,small,1091
2024-12-31,RAMCOIND,small,1092
2024-12-31,TIL,small,1093
2024-12-31,MUKANDLTD,small,1094
2024-12-31,JITFINFRA,small,1096
2024-12-31,SANGHIIND,small,1097
2024-12-31,NIITLTD,small,1098
2024-12-31,TTKHLTCARE,small,1099
2024-12-31,AHL,small,1100
2024-12-31,AMRUTANJAN,small,1101
2024-12-31,IKIO,small,1102
2024-12-31,POCL,small,1103
2024-12-31,OMAXE,small,1104
2024-12-31,PNBGILTS,small,1105
2024-12-31,KIRIINDUS,small,1106
2024-12-31,DEEDEV,small,1107
2024-12-31,HUBTOWN,small,1109
2024-12-31,YASHO,small,1110
2024-12-31,ATFL,small,1111
2024-12-31,COSMOFIRST,small,1112
2024-12-31,APCOTEXIND,small,1113
2024-12-31,SDBL,small,1116
2024-12-31,HESTERBIO,small,1117
2024-12-31,GANDHAR,small,1118
2024-12-31,IGARASHI,small,1121
2024-12-31,PLATIND,small,1122
2024-12-31,KMEW,small,1123
2024-12-31,ANDHRAPAP,small,1124
2024-12-31,CANTABIL,small,1125
2024-12-31,GOCLCORP,small,1126
2024-12-31,SURAKSHA,small,1127
2024-12-31,UNIPARTS,small,1129
2024-12-31,SBGLP,small,1130
2024-12-31,NAVKARCORP,small,1131
2024-12-31,HIL,small,1132
2024-12-31,SESHAPAPER,small,1134
2024-12-31,BLKASHYAP,small,1135
2024-12-31,MICEL,small,1136
2024-12-31,DLINKINDIA,small,1137
2024-12-31,SATIN,small,1138
2024-12-31,IFGLEXPOR,small,1140
2024-12-31,EKC,small,1141
2024-12-31,ALICON,small,1142
2024-12-31,SANGAMIND,small,1143
2024-12-31,TAJGVK,small,1144
2024-12-31,TALBROAUTO,small,1145
2024-12-31,UNIECOM,small,1146
2024-12-31,EXPLEOSOL,small,1147
2024-12-31,BLSE,small,1148
2024-12-31,AWHCL,small,1149
2024-12-31,VERANDA,small,1150
2024-12-31,JAGRAN,small,1151
2024-12-31,DIVGIITTS,small,1153
2024-12-31,HARIOMPIPE,small,1155
2024-12-31,JINDRILL,small,1156
2024-12-31,MBAPL,small,1158
2024-12-31,YATRA,small,1159
2024-12-31,SHRIRAMPPS,small,1160
2024-12-31,VERTOZ,small,1162
2024-12-31,MASTERTR,small,1164
2024-12-31,WINDLAS,small,1165
2024-12-31,GMBREW,small,1166
2024-12-31,RAMASTEEL,small,1167
2024-12-31,UDAICEMENT,small,1168
2024-12-31,WEL,small,1169
2024-12-31,STERTOOLS,small,1172
2024-12-31,WHEELS,small,1173
2024-12-31,GPTINFRA,small,1174
2024-12-31,ROSSTECH,small,1175
2024-12-31,JPASSOCIAT,small,1176
2024-12-31,BSHSL,small,1177
2024-12-31,GKWLIMITED,small,1178
2024-12-31,SIRCA,small,1179
2024-12-31,CAMLINFINE,small,1181
2024-12-31,SALZERELEC,small,1182
2024-12-31,IGPL,small,1183
2024-12-31,GRPLTD,small,1185
2024-12-31,MUFIN,small,1186
2024-12-31,ROTO,small,1187
2024-12-31,SYNCOMF,small,1188
2024-12-31,SIGACHI,small,1189
2024-12-31,RELTD,small,1190
2024-12-31,DPSCLTD,small,1191
2024-12-31,HERANBA,small,1192
2024-12-31,EXCELINDUS,small,1193
2024-12-31,GNA,small,1194
2024-12-31,ADORWELD,small,1195
2024-12-31,SURYODAY,small,1196
2024-12-31,RIIL,small,1197
2024-12-31,ATULAUTO,small,1198
2024-12-31,GTPL,small,1199
2024-12-31,SADHNANIQ,small,1200
2024-12-31,PANACEABIO,small,1202
2024-12-31,AGARIND,small,1203
2024-12-31,SUYOG,small,1204
2024-12-31,DSSL,small,1206
2024-12-31,GODAVARIB,small,1207
2024-12-31,BIGBLOC,small,1208
2024-12-31,HIRECT,small,1209
2024-12-31,SWELECTES,small,1212
2024-12-31,DCMSRIND,small,1213
2024-12-31,BCG,small,1214
2024-12-31,WALCHANNAG,small,1215
2024-12-31,IRMENERGY,small,1216
2024-12-31,BHARATWIRE,small,1217
2024-12-31,PENINLAND,small,1218
2024-12-31,HIMATSEIDE,small,1220
2024-12-31,INDNIPPON,small,1221
2024-12-31,KOKUYOCMLN,small,1222
2024-12-31,ARMANFIN,small,1224
2024-12-31,MADRASFERT,small,1225
2024-12-31,ZOTA,small,1226
2024-12-31,BOROSCI,small,1228
2024-12-31,SPIC,small,1229
2024-12-31,OAL,small,1230
2024-12-31,NDRAUTO,small,1232
2024-12-31,HITECHGEAR,small,1234
2024-12-31,OMINFRAL,small,1235
2024-12-31,TEXINFRA,small,1236
2024-12-31,AMNPLST,small,1237
2024-12-31,BCLIND,small,1238
2024-12-31,SMCGLOBAL,small,1239
2024-12-31,MANGCHEFER,small,1241
2024-12-31,DYCL,small,1242
2024-12-31,MSPL,small,1243
2024-12-31,RML,small,1244
2024-12-31,ASALCBR,small,1245
2024-12-31,EVERESTIND,small,1246
2024-12-31,CEWATER,small,1247
2024-12-31,MONTECARLO,small,1248
2024-12-31,TFCILTD,small,1251
2024-12-31,ALLDIGI,small,1252
2024-12-31,BUTTERFLY,small,1253
2024-12-31,EIMCOELECO,small,1254
2024-12-31,5PAISA,small,1255
2024-12-31,MATRIMONY,small,1256
2024-12-31,YUKEN,small,1257
2024-12-31,IMPAL,small,1258
2024-12-31,LIKHITHA,small,1259
2024-12-31,KABRAEXTRU,small,1262
2024-12-31,SUBEXLTD,small,1263
2024-12-31,FAIRCHEMOR,small,1264
2024-12-31,TBZ,small,1266
2024-12-31,STEELCAS,small,1267
2024-12-31,WINDMACHIN,small,1269
2024-12-31,CENTRUM,small,1270
2024-12-31,SPORTKING,small,1271
2024-12-31,ARIHANTSUP,small,1273
2024-12-31,DVL,small,1274
2024-12-31,HEXATRADEX,small,1276
2024-12-31,TNPL,small,1277
2024-12-31,CLSEL,small,1278
2024-12-31,RICOAUTO,small,1279
2024-12-31,RAMCOSYS,small,1280
2024-12-31,ASIANENE,small,1281
2024-12-31,MAMATA,small,1282
2024-12-31,SHANKARA,small,1283
2024-12-31,ORIENTTECH,small,1284
2024-12-31,PVSL,small,1285
2024-12-31,PUNJABCHEM,small,1286
2024-12-31,GPTHEALTH,small,1287
2024-12-31,ANDHRSUGAR,small,1288
2024-12-31,KRISHANA,small,1290
2024-12-31,ACLGATI,small,1291
2024-12-31,KELLTONTEC,small,1293
2024-12-31,JGCHEM,small,1294
2024-12-31,KAMDHENU,small,1295
2024-12-31,RISHABH,small,1296
2024-12-31,VIMTALABS,small,1297
2024-12-31,CENTENKA,small,1298
2024-12-31,AGIIL,small,1299
2024-12-31,VASCONEQ,small,1300
2024-12-31,BESTAGRO,small,1301
2024-12-31,ADSL,small,1302
2024-12-31,SHREDIGCEM,small,1303
2024-12-31,KERNEX,small,1304
2024-12-31,LINCOLN,small,1305
2024-12-31,SPCENET,small,1306
2024-12-31,WEALTH,small,1307
2024-12-31,SIGNPOST,small,1308
2024-12-31,ONEPOINT,small,1309
2024-12-31,VINCOFE,small,1310
2024-12-31,VLEGOV,small,1311
2024-12-31,MACPOWER,small,1312
2024-12-31,VHL,small,1314
2024-12-31,TVTODAY,small,1316
2024-12-31,MANALIPETC,small,1318
2024-12-31,CAPITALSFB,small,1320
2024-12-31,BLISSGVS,small,1321
2024-12-31,ESTER,small,1322
2024-12-31,WCIL,small,1326
2024-12-31,CHEMFAB,small,1327
2024-12-31,GRMOVER,small,1328
2024-12-31,SAURASHCEM,small,1329
2024-12-31,SPMLINFRA,small,1330
2024-12-31,RGL,small,1332
2024-12-31,KROSS,small,1333
2024-12-31,DHAMPURSUG,small,1337
2024-12-31,NGLFINE,small,1338
2024-12-31,XCHANGING,small,1339
2024-12-31,KECL,small,1341
2024-12-31,CREST,small,1342
2024-12-31,KOPRAN,small,1343
2024-12-31,SELAN,small,1345
2024-12-31,VLSFINANCE,small,1346
2024-12-31,MUKKA,small,1348
2024-12-31,AVADHSUGAR,small,1349
2024-12-31,HLVLTD,small,1352
2024-12-31,SATINDLTD,small,1353
2024-12-31,RAJRILTD,small,1355
2024-12-31,AVTNPL,small,1356
2024-12-31,PPL,small,1358
2024-12-31,DWARKESH,small,1359
2024-12-31,SNOWMAN,small,1360
2024-12-31,RKSWAMY,small,1361
2024-12-31,PDMJEPAPER,small,1362
2024-12-31,GULPOLY,small,1363
2024-12-31,STEELXIND,small,1366
2024-12-31,JAGSNPHARM,small,1367
2024-12-31,INDOAMIN,small,1369
2024-12-31,SANDESH,small,1370
2024-12-31,AURUM,small,1371
2024-12-31,ASAL,small,1372
2024-12-31,CONTROLPR,small,1373
2024-12-31,ELECTHERM,small,1375
2024-12-31,SIMPLEXINF,small,1376
2024-12-31,OSWALGREEN,small,1377
2024-12-31,KUANTUM,small,1378
2024-12-31,GICHSGFIN,small,1379
2024-12-31,GALAPREC,small,1380
2024-12-31,UTTAMSUGAR,small,1381
2024-12-31,ICEMAKE,small,1382
2024-12-31,HEUBACHIND,small,1383
2024-12-31,RADHIKAJWE,small,1385
2024-12-31,NDTV,small,1386
2024-12-31,DIFFNKG,small,1387
2024-12-31,KSOLVES,small,1388
2024-12-31,ARROWGREEN,small,1391
2024-12-31,MVGJL,small,1392
2024-12-31,MUFTI,small,1394
2024-12-31,DHUNINV,small,1395
2024-12-31,MAXIND,small,1396
2024-12-31,PAKKA,small,1397
2024-12-31,CREATIVE,small,1398
2024-12-31,KOTHARIPET,small,1399
2024-12-31,APTECHT,small,1400
2024-12-31,INDORAMA,small,1401
2024-12-31,HARDWYN,small,1403
2024-12-31,NACLIND,small,1404
2024-12-31,SRHHYPOLTD,small,1405
2024-12-31,NELCAST,small,1406
2024-12-31,UNIENTER,small,1407
2024-12-31,SATIA,small,1409
2024-12-31,FAZE3Q,small,1412
2024-12-31,MUNJALAU,small,1413
2024-12-31,BAJAJHCARE,small,1414
2024-12-31,ATL,small,1416
2024-12-31,MAGADSUGAR,small,1417
2024-12-31,BLAL,small,1418
2024-12-31,ELIN,small,1419
2024-12-31,SHALPAINTS,small,1420
2024-12-31,JAYBARMARU,small,1421
2024-12-31,GANESHBE,small,1423
2024-12-31,AGSTRA,small,1424
2024-12-31,DHARMAJ,small,1425
2024-12-31,ANUHPHR,small,1426
2024-12-31,SUTLEJTEX,small,1427
2024-12-31,TREL,small,1428
2024-12-31,NAHARSPING,small,1430
2024-12-31,VALIANTORG,small,1431
2024-12-31,ZEEMEDIA,small,1433
2024-12-31,ZUARIIND,small,1434
2024-12-31,INFOBEAN,small,1436
2024-12-31,URJA,small,1437
2024-12-31,STCINDIA,small,1438
2024-12-31,KRYSTAL,small,1439
2024-12-31,THEINVEST,small,1443
2024-12-31,KAMOPAINTS,small,1445
2024-12-31,SASTASUNDR,small,1446
2024-12-31,KRITI,small,1447
2024-12-31,ARIHANTCAP,small,1449
2024-12-31,NINSYS,small,1450
2024-12-31,AYMSYNTEX,small,1451
2024-12-31,GANDHITUBE,small,1452
2024-12-31,RACLGEAR,small,1453
2024-12-31,NCLIND,small,1455
2024-12-31,SICALLOG,small,1456
2024-12-31,ENIL,small,1457
2024-12-31,RSWM,small,1458
2024-12-31,ASIANTILES,small,1459
2024-12-31,ORIENTPPR,small,1460
2024-12-31,BODALCHEM,small,1461
2024-12-31,GVKPIL,small,1462
2024-12-31,BIRLAMONEY,small,1463
2024-12-31,DHANBANK,small,1464
2024-12-31,GHCLTEXTIL,small,1468
2024-12-31,RATNAVEER,small,1469
2024-12-31,AMBIKCO,small,1471
2024-12-31,SHIVALIK,small,1472
2024-12-31,GFLLIMITED,small,1473
2024-12-31,ROHLTD,small,1476
2024-12-31,LINC,small,1477
2024-12-31,PRIMESECU,small,1478
2024-12-31,20MICRONS,small,1479
2024-12-31,RITCO,small,1480
2024-12-31,RUSHIL,small,1481
2024-12-31,SBC,small,1483
2024-12-31,MINDTECK,small,1484
2024-12-31,FILATFASH,small,1487
2024-12-31,CHEMCON,small,1488
2024-12-31,SARVESHWAR,small,1490
2024-12-31,ZODIAC,small,1491
2024-12-31,SILVERTUC,small,1493
2024-12-31,INNOVANA,small,1494
2024-12-31,CSLFINANCE,small,1495
2024-12-31,TRACXN,small,1496
2024-12-31,MALLCOM,small,1497
2024-12-31,ESSARSHPNG,small,1498
2024-12-31,STEL,small,1499
2024-12-31,GARUDA,small,1500
2024-12-31,VISAKAIND,small,1501
2024-12-31,OSWALAGRO,small,1504
2024-12-31,JAYAGROGN,small,1505
2024-12-31,UGARSUGAR,small,1506
2024-12-31,ELDEHSG,small,1507
2024-12-31,VHLTD,small,1508
2024-12-31,JPOLYINVST,small,1509
2024-12-31,ZUARI,small,1510
2024-12-31,DBOL,small,1511
2024-12-31,BHAGERIA,small,1512
2024-12-31,FOODSIN,small,1514
2024-12-31,DECCANCE,small,1515
2024-12-31,MMP,small,1516
2024-12-31,ONWARDTEC,small,1517
2024-12-31,RUBYMILLS,small,1518
2024-12-31,JINDALPHOT,small,1526
2024-12-31,CAREERP,small,1529
2024-12-31,RADIANTCMS,small,1530
2024-12-31,ONMOBILE,small,1532
2024-12-31,REPRO,small,1533
2024-12-31,SHREEPUSHK,small,1534
2024-12-31,GEECEE,small,1538
2024-12-31,GSLSU,small,1539
2024-12-31,SAKUMA,small,1540
2024-12-31,HPAL,small,1542
2024-12-31,SUKHJITS,small,1543
2024-12-31,GLOSTERLTD,small,1544
2024-12-31,MAANALU,small,1545
2024-12-31,LIBERTSHOE,small,1546
2024-12-31,WSI,small,1547
2024-12-31,SPENCERS,small,1549
2024-12-31,NECLIFE,small,1550
2024-12-31,ACL,small,1551
2024-12-31,TPLPLASTEH,small,1552
2024-12-31,SARLAPOLY,small,1553
2024-12-31,FOCUS,small,1554
2024-12-31,TNPETRO,small,1556
2024-12-31,TRANSWORLD,small,1557
2024-12-31,CHEMBOND,small,1558
2024-12-31,RBL,small,1559
2024-12-31,CHEVIOT,small,1561
2024-12-31,HINDCOMPOS,small,1563
2024-12-31,SPECIALITY,small,1565
2024-12-31,DENORA,small,1566
2024-12-31,DBEIL,small,1567
2024-12-31,DIGISPICE,small,1570
2024-12-31,COFFEEDAY,small,1571
2024-12-31,APEX,small,1572
2024-12-31,VIKASLIFE,small,1574
2024-12-31,ALBERTDAVD,small,1576
2024-12-31,SCHAND,small,1577
2024-12-31,MANBA,small,1580
2024-12-31,TOLINS,small,1581
2024-12-31,NDL,small,1583
2024-12-31,PARSVNATH,small,1585
2024-12-31,WANBURY,small,1587
2024-12-31,VRAJ,small,1588
2024-12-31,CCCL,small,1590
2024-12-31,BIL,small,1591
2024-12-31,INDSWFTLAB,small,1593
2024-12-31,DMCC,small,1594
2024-12-31,PVP,small,1595
2024-12-31,KHAICHEM,small,1596
2024-12-31,PLASTIBLEN,small,1598
2024-12-31,BIRLACABLE,small,1602
2024-12-31,SURAJLTD,small,1604
2024-12-31,RPPINFRA,small,1605
2024-12-31,EMAMIPAP,small,1607
2024-12-31,AFFORDABLE,small,1610
2024-12-31,HERCULES,small,1611
2024-12-31,INDOTHAI,small,1612
2024-12-31,RVTH,small,1615
2024-12-31,NRL,small,1617
2024-12-31,TVSELECT,small,1618
2024-12-31,MENONBE,small,1621
2024-12-31,NITCO,small,1623
2024-12-31,VINYLINDIA,small,1624
2024-12-31,PYRAMID,small,1625
2024-12-31,LOKESHMACH,small,1628
2024-12-31,ASHIMASYN,small,1631
2024-12-31,BALAJITELE,small,1632
2024-12-31,BEDMUTHA,small,1634
2024-12-31,SAKAR,small,1635
2024-12-31,HMVL,small,1636
2024-12-31,MBLINFRA,small,1638
2024-12-31,KHADIM,small,1639
2024-12-31,LGHL,small,1640
2024-12-31,GOACARBON,small,1641
2024-12-31,CONSOFINVT,small,1642
2024-12-31,NAHARPOLY,small,1644
2024-12-31,RBZJEWEL,small,1646
2024-12-31,NRAIL,small,1647
2024-12-31,KRITINUT,small,1648
2024-12-31,DONEAR,small,1650
2024-12-31,RSSOFTWARE,small,1651
2024-12-31,ADVANIHOTR,small,1652
2024-12-31,SKMEGGPROD,small,1653
2024-12-31,SILINV,small,1654
2024-12-31,IRIS,small,1655
2024-12-31,TCLCONS,small,1656
2024-12-31,CYBERTECH,small,1657
2024-12-31,IITL,small,1663
2024-12-31,RACE,small,1665
2024-12-31,MOLDTECH,small,1666
2024-12-31,DAVANGERE,small,1669
2024-12-31,BCONCEPTS,small,1670
2024-12-31,ALANKIT,small,1672
2024-12-31,SREEL,small,1673
2024-12-31,INDOBORAX,small,1674
2024-12-31,NBIFIN,small,1675
2024-12-31,MUNJALSHOW,small,1676
2024-12-31,NAGAFERT,small,1677
2024-12-31,SRM,small,1680
2024-12-31,NOVAAGRI,small,1681
2024-12-31,KRONOX,small,1682
2024-12-31,IZMO,small,1683
2024-12-31,REMSONSIND,small,1684
2024-12-31,DPWIRES,small,1686
2024-12-31,VIKASECO,small,1687
2024-12-31,PAVNAIND,small,1688
2024-12-31,NAHARINDUS,small,1689
2024-12-31,AVG,small,1692
2024-12-31,DICIND,small,1693
2024-12-31,TARACHAND,small,1694
2024-12-31,BALAJEE,small,1696
2024-12-31,MANAKSIA,small,1697
2024-12-31,FCSSOFT,small,1700
2024-12-31,GENUSPAPER,small,1701
2024-12-31,MEDICAMEQ,small,1704
2024-12-31,ASMS,small,1707
2024-12-31,SGIL,small,1711
2024-12-31,KAYA,small,1712
2024-12-31,PRECOT,small,1713
2024-12-31,ORIENTCER,small,1715
2024-12-31,EMKAY,small,1717
2024-12-31,MIRZAINT,small,1720
2024-12-31,SRD,small,1721
2024-12-31,HINDMOTORS,small,1722
2024-12-31,AARTISURF,small,1723
2024-12-31,ORICONENT,small,1725
2024-12-31,KAMATHOTEL,small,1726
2024-12-31,HTMEDIA,small,1727
2024-12-31,XTGLOBAL,small,1728
2024-12-31,BPL,small,1730
2024-12-31,PTL,small,1731
2024-12-31,RCOM,small,1732
2024-12-31,SSDL,small,1733
2024-12-31,CLEDUCATE,small,1735
2024-12-31,MUTHOOTCAP,small,1736
2024-12-31,HCL-INSYS,small,1737
2024-12-31,INTLCONV,small,1739
2024-12-31,KCPSUGIND,small,1742
2024-12-31,KANORICHEM,small,1744
2024-12-31,PREMIERPOL,small,1745
2024-12-31,SHIVAMAUTO,small,1748
2024-12-31,INDOUS,small,1750
2024-12-31,IRISDOREME,small,1751
2024-12-31,MODISONLTD,small,1752
2024-12-31,BALAXI,small,1753
2024-12-31,3IINFOLTD,small,1754
2024-12-31,NAHARCAP,small,1757
2024-12-31,MAZDA,small,1758
2024-12-31,KILITCH,small,1759
2024-12-31,ZIMLAB,small,1760
2024-12-31,GEEKAYWIRE,small,1761
2024-12-31,DIAMINESQ,small,1762
2024-12-31,URAVI,small,1763
2024-12-31,SINCLAIR,small,1764
2024-12-31,AXITA,small,1765
2024-12-31,ASAHISONG,small,1767
2024-12-31,MIRCELECTR,small,1768
2024-12-31,TRF,small,1770
2024-12-31,IFBAGRO,small,1771
2024-12-31,APCL,small,1773
2024-12-31,SADBHAV,small,1774
2024-12-31,VALIANTLAB,small,1775
2024-12-31,TEMBO,small,1776
2024-12-31,UYFINCORP,small,1777
2024-12-31,ORIENTBELL,small,1778
2024-12-31,MANAKCOAT,small,1779
2024-12-31,NILAINFRA,small,1782
2024-12-31,INSPIRISYS,small,1783
2024-12-31,GOKUL,small,1785
2024-12-31,ALMONDZ,small,1786
2024-12-31,BANSWRAS,small,1787
2024-12-31,ELGIRUBCO,small,1788
2024-12-31,UNIDT,small,1790
2024-12-31,KOTHARIPRO,small,1791
2024-12-31,RADIOCITY,small,1793
2024-12-31,ORBTEXP,small,1794
2024-12-31,MEGASOFT,small,1795
2024-12-31,IL&FSENGG,small,1797
2024-12-31,SRGHFL,small,1802
2024-12-31,LYKALABS,small,1803
2024-12-31,SOFTTECH,small,1804
2024-12-31,AUTOIND,small,1805
2024-12-31,DYNPRO,small,1807
2024-12-31,KAPSTON,small,1808
2024-12-31,ABINFRA,small,1811
2024-12-31,OCCLLTD,small,1813
2024-12-31,UFO,small,1815
2024-12-31,DCI,small,1817
2024-12-31,HARRMALAYA,small,1818
2024-12-31,NILASPACES,small,1819
2024-12-31,VSTL,small,1821
2024-12-31,VARDHACRLC,small,1823
2024-12-31,BBTCL,small,1824
2024-12-31,EIFFL,small,1831
2024-12-31,VIPULLTD,small,1832
2024-12-31,VENUSREM,small,1833
2024-12-31,SHEMAROO,small,1836
2024-12-31,SEJALLTD,small,1840
2024-12-31,RUBFILA,small,1842
2024-12-31,SHREERAMA,small,1844
2024-12-31,KOTARISUG,small,1848
2024-12-31,AFIL,small,1849
2024-12-31,S&SPOWER,small,1850
2024-12-31,APOLSINHOT,small,1851
2024-12-31,KRITIKA,small,1853
2024-12-31,PRITIKAUTO,small,1854
2024-12-31,SAKHTISUG,small,1855
2024-12-31,MAWANASUG,small,1856
2024-12-31,ROSSELLIND,small,1858
2024-12-31,AIRAN,small,1860
2024-12-31,HITECHCORP,small,1861
2024-12-31,PODDARMENT,small,1866
2024-12-31,NIPPOBATRY,small,1872
2024-12-31,NDGL,small,1875
2024-12-31,MANORG,small,1876
2024-12-31,ATLANTAA,small,1880
2024-12-31,PASUPTAC,small,1882
2024-12-31,DJML,small,1884
2024-12-31,PROZONER,small,1885
2024-12-31,EMAMIREAL,small,1888
2024-12-31,CINELINE,small,1891
2024-12-31,DCMNVL,small,1893
2024-12-31,MANOMAY,small,1894
2024-12-31,SCPL,small,1895
2024-12-31,BRNL,small,1897
2024-12-31,PONNIERODE,small,1899
2024-12-31,MGEL,small,1900
2024-12-31,ABAN,small,1901
2024-12-31,EXXARO,small,1902
2024-12-31,NATHBIOGEN,small,1903
2024-12-31,MANAKSTEEL,small,1904
2024-12-31,RUCHIRA,small,1905
2024-12-31,TIRUPATIFL,small,1906
2024-12-31,LAL,small,1908
2024-12-31,UCAL,small,1909
2024-12-31,UNIVPHOTO,small,1911
2024-12-31,OSIAHYPER,small,1913
2024-12-31,SINTERCOM,small,1914
2024-12-31,ESSENTIA,small,1917
2024-12-31,TRU,small,1918
2024-12-31,SIGMA,small,1923
2024-12-31,SAHYADRI,small,1925
2024-12-31,GLOBALVECT,small,1927
2024-12-31,MEDICO,small,1928
2024-12-31,IVC,small,1929
2024-12-31,SUMIT,small,1930
2024-12-31,JAYSREETEA,small,1932
2024-12-31,GLOBAL,small,1936
2024-12-31,BYKE,small,1938
2024-12-31,GUJAPOLLO,small,1940
2024-12-31,ARIES,small,1942
2024-12-31,SMSLIFE,small,1943
2024-12-31,ASIANHOTNR,small,1944
2024-12-31,TRIGYN,small,1949
2024-12-31,VIPCLOTHNG,small,1952
2024-12-31,NDLVENTURE,small,1953
2024-12-31,MKPL,small,1954
2024-12-31,VARDMNPOLY,small,1955
2024-12-31,SUNDRMBRAK,small,1957
2024-12-31,GULFPETRO,small,1958
2024-12-31,AVONMORE,small,1959
2024-12-31,MAHEPC,small,1960
2024-12-31,PLAZACABLE,small,1961
2024-12-31,BASML,small,1964
2024-12-31,SHREYANIND,small,1968
2024-12-31,SHYAMCENT,small,1969
2024-12-31,UMAEXPORTS,small,1970
2024-12-31,STARPAPER,small,1971
2024-12-31,CCHHL,small,1972
2024-12-31,LORDSCHLO,small,1973
2024-12-31,DRCSYSTEMS,small,1974
2024-12-31,RHL,small,1977
2024-12-31,BGRENERGY,small,1978
2024-12-31,GOLDTECH,small,1980
2024-12-31,REPL,small,1982
2024-12-31,RAMAPHO,small,1983
2024-12-31,SOUTHWEST,small,1989
2024-12-31,COASTCORP,small,1991
2024-12-31,TREJHARA,small,1994
2024-12-31,KMSUGAR,small,1996
2024-12-31,RVHL,small,2000
2024-12-31,KBCGLOBAL,small,2001
2024-12-31,BROOKS,small,2002
2024-12-31,VISASTEEL,small,2006
2024-12-31,WELINV,small,2008
2024-12-31,RANASUG,small,2009
2024-12-31,VISHWARAJ,small,2010
2024-12-31,INTENTECH,small,2011
2024-12-31,MURUDCERA,small,2013
2024-12-31,MCLEODRUSS,small,2015
2024-12-31,USK,small,2016
2024-12-31,ZODIACLOTH,small,2017
2024-12-31,BHAGYANGR,small,2018
2024-12-31,SHRADHA,small,2020
2024-12-31,A2ZINFRA,small,2022
2024-12-31,RANEENGINE,small,2027
2024-12-31,PILITA,small,2028
2024-12-31,DEVIT,small,2035
2024-12-31,RAJTV,small,2037
2024-12-31,SVLL,small,2038
2024-12-31,MARALOVER,small,2040
2024-12-31,NECCLTD,small,2043
2024-12-31,RUCHINFRA,small,2045
2024-12-31,VIRINCHI,small,2049
2024-12-31,INDOWIND,small,2051
2024-12-31,SURANAT&P,small,2053
2024-12-31,RAJMET,small,2059
2024-12-31,PAR,small,2060
2024-12-31,AARON,small,2066
2024-12-31,MEGASTAR,small,2067
2024-12-31,LANCORHOL,small,2068
2024-12-31,MAGNUM,small,2069
2024-12-31,MODIRUBBER,small,2071
2024-12-31,NURECA,small,2080
2024-12-31,ZEELEARN,small,2081
2024-12-31,RAMANEWS,small,2085
2024-12-31,PPAP,small,2086
2024-12-31,MAHASTEEL,small,2088
2024-12-31,RPPL,small,2090
2024-12-31,THOMASCOTT,small,2094
2024-12-31,TTL,small,2096
2024-12-31,IEL,small,2101
2024-12-31,CROWN,small,2103
2024-12-31,VETO,small,2104
2024-12-31,RKEC,small,2108
2024-12-31,COMSYN,small,2111
2024-12-31,CORDSCABLE,small,2112
2024-12-31,NOIDATOLL,small,2115
2024-12-31,TAKE,small,2116
2024-12-31,OMAXAUTO,small,2117
2024-12-31,SUPREMEINF,small,2118
2024-12-31,MANCREDIT,small,2119
2024-12-31,STARTECK,small,2122
2024-12-31,ALPHAGEO,small,2126
2024-12-31,SHIVATEX,small,2128
2024-12-31,DELPHIFX,small,2129
2024-12-31,DTIL,small,2130
2024-12-31,OCCL,small,2133
2024-12-31,DUCON,small,2136
2024-12-31,SONAMLTD,small,2139
2024-12-31,AHLEAST,small,2147
2024-12-31,UNITEDPOLY,small,2152
2024-12-31,INDTERRAIN,small,2153
2024-12-31,KANPRPLA,small,2157
2024-12-31,PIGL,small,2160
2024-12-31,INVENTURE,small,2161
2024-12-31,AKSHARCHEM,small,2163
2024-12-31,NITIRAJ,small,2168
2024-12-31,HINDCON,small,2169
2024-12-31,SMARTLINK,small,2170
2024-12-31,PRAXIS,small,2172
2024-12-31,EQUIPPP,small,2178
2024-12-31,PANSARI,small,2180
2024-12-31,GENCON,small,2182
2024-12-31,DGCONTENT,small,2183
2024-12-31,PRAENG,small,2186
2024-12-31,UNIVASTU,small,2188
2024-12-31,LOYALTEX,small,2191
2024-12-31,PANACHE,small,2192
2024-12-31,SUPERHOUSE,small,2196
2024-12-31,SMLT,small,2197
2024-12-31,GINNIFILA,small,2199
2024-12-31,TIPSFILMS,small,2200
2024-12-31,COMPUSOFT,small,2201
2024-12-31,JMA,small,2204
2024-12-31,SADBHIN,small,2205
2024-12-31,ARCHIDPLY,small,2206
2024-12-31,BSL,small,2212
2024-12-31,ANIKINDS,small,2214
2024-12-31,ISFT,small,2215
2024-12-31,UMANGDAIRY,small,2219
2024-12-31,MAHAPEXLTD,small,2221
2024-12-31,NIRAJ,small,2223
2024-12-31,OSWALSEEDS,small,2226
2024-12-31,SAH,small,2227
2024-12-31,SHAH,small,2228
2024-12-31,RAJSREESUG,small,2229
2024-12-31,OILCOUNTUB,small,2231
2024-12-31,ALPA,small,2233
2024-12-31,TAINWALCHM,small,2235
2024-12-31,SURANASOL,small,2236
2024-12-31,EMMBI,small,2237
2024-12-31,AARTECH,small,2240
2024-12-31,ASPINWALL,small,2242
2024-12-31,UNITEDTEA,small,2243
2024-12-31,AMJLAND,small,2244
2024-12-31,LAGNAM,small,2245
2024-12-31,IVP,small,2251
2024-12-31,CORALFINAC,small,2255
2024-12-31,SIGIND,small,2258
2024-12-31,CAPTRUST,small,2264
2024-12-31,HINDNATGLS,small,2265
2024-12-31,INCREDIBLE,small,2269
2024-12-31,GTL,small,2273
2024-12-31,INDBANK,small,2274
2024-12-31,WORTH,small,2277
2024-12-31,LOVABLE,small,2278
2024-12-31,SOMICONVEY,small,2279
2024-12-31,GILLANDERS,small,2280
2024-12-31,AARVI,small,2281
2024-12-31,TEXMOPIPES,small,2282
2024-12-31,CTE,small,2295
2024-12-31,MODTHREAD,small,2296
2024-12-31,GVPTECH,small,2297
2024-12-31,IL&FSTRANS,small,2299
2024-12-31,SALSTEEL,small,2300
2024-12-31,WEIZMANIND,small,2304
2024-12-31,DHRUV,small,2305
2024-12-31,GSS,small,2311
2024-12-31,BAGFILMS,small,2312
2024-12-31,CENTEXT,small,2314
2024-12-31,BALPHARMA,small,2315
2024-12-31,HDIL,small,2318
2024-12-31,MITCON,small,2319
2024-12-31,KALYANIFRG,small,2320
2024-12-31,ARVEE,small,2322
2024-12-31,FLEXITUFF,small,2326
2024-12-31,JHS,small,2328
2024-12-31,MANAKALUCO,small,2329
2024-12-31,PRITI,small,2331
2024-12-31,MHLXMIRU,small,2336
2024-12-31,BAFNAPH,small,2340
2024-12-31,AIROLAM,small,2341
2024-12-31,MAHESHWARI,small,2342
2024-12-31,KREBSBIO,small,2343
2024-12-31,VAISHALI,small,2344
2024-12-31,RHFL,small,2345
2024-12-31,BAIDFIN,small,2357
2024-12-31,XELPMOC,small,2358
2024-12-31,MANGALAM,small,2364
2024-12-31,KEYFINSERV,small,2365
2024-12-31,GANGESSECU,small,2366
2024-12-31,HILTON,small,2368
2024-12-31,MUKTAARTS,small,2370
2024-12-31,DCM,small,2375
2024-12-31,JOCIL,small,2380
2024-12-31,SIL,small,2383
2024-12-31,ATAM,small,2384
2024-12-31,SELMC,small,2385
2024-12-31,SIKKO,small,2389
2024-12-31,TARMAT,small,2390
2024-12-31,ANMOL,small,2391
2024-12-31,SHEKHAWATI,small,2393
2024-12-31,SETCO,small,2401
2024-12-31,SPLIL,small,2402
2024-12-31,MRO-TEK,small,2403
2024-12-31,ANSALAPI,small,2404
2024-12-31,AKI,small,2408
2024-12-31,EROSMEDIA,small,2417
2024-12-31,REGENCERAM,small,2418
2024-12-31,LATTEYS,small,2423
2024-12-31,BHANDARI,small,2425
2024-12-31,RELCHEMQ,small,2426
2024-12-31,INDIANCARD,small,2428
2024-12-31,DIGIDRIVE,small,2430
2024-12-31,LAMBODHARA,small,2436
2024-12-31,HPIL,small,2438
2024-12-31,TOUCHWOOD,small,2439
2024-12-31,KAKATCEM,small,2440
2024-12-31,WIPL,small,2441
2024-12-31,SURYALAXMI,small,2447
2024-12-31,ACCURACY,small,2450
2024-12-31,DBSTOCKBRO,small,2456
2024-12-31,BHARATGEAR,small,2462
2024-12-31,GAYAPROJ,small,2466
2024-12-31,ZENITHEXPO,small,2468
2024-12-31,PATINTLOG,small,2469
2024-12-31,BEARDSELL,small,2472
2024-12-31,ARTNIRMAN,small,2474
2024-12-31,AKSHOPTFBR,small,2478
2024-12-31,SALONA,small,2481
2024-12-31,KOHINOOR,small,2485
2024-12-31,PRAKASHSTL,small,2486
2024-12-31,AAREYDRUGS,small,2487
2024-12-31,BTML,small,2490
2024-12-31,PKTEA,small,2500
2024-12-31,AVROIND,small,2502
2024-12-31,PALASHSECU,small,2506
2024-12-31,AAATECH,small,2508
2024-12-31,STEELCITY,small,2510
2024-12-31,VISESHINFO,small,2513
2024-12-31,PRUDMOULI,small,2515
2024-12-31,PIONEEREMB,small,2522
2024-12-31,VASWANI,small,2524
2024-12-31,TOTAL,small,2525
2024-12-31,LOTUSEYE,small,2526
2024-12-31,AUSOMENT,small,2527
2024-12-31,TFL,small,2529
2024-12-31,CUBEXTUB,small,2531
2024-12-31,LPDC,small,2534
2024-12-31,GLOBE,small,2535
2024-12-31,SHAHALLOYS,small,2540
2024-12-31,SEMAC,small,2543
2024-12-31,TPHQ,small,2549
2024-12-31,FIBERWEB,small,2559
2024-12-31,ZENITHSTL,small,2562
2024-12-31,MOTOGENFIN,small,2563
2024-12-31,GOYALALUM,small,2578
2024-12-31,SUNDARAM,small,2582
2024-12-31,SOMATEX,small,2586
2024-12-31,EXCEL,small,2588
2024-12-31,DIGJAMLMTD,small,2589
2024-12-31,AHLADA,small,2591
2024-12-31,TERASOFT,small,2593
2024-12-31,SAMPANN,small,2594
2024-12-31,LASA,small,2604
2024-12-31,AJOONI,small,2606
2024-12-31,AMDIND,small,2614
2024-12-31,FCONSUMER,small,2619
2024-12-31,BVCL,small,2624
2024-12-31,YAARI,small,2633
2024-12-31,AARVEEDEN,small,2638
2024-12-31,BANKA,small,2641
2024-12-31,SKIL,small,2647
2024-12-31,INDSWFTLTD,small,2650
2024-12-31,GROBTEA,small,2651
2024-12-31,AGRITECH,small,2652
2024-12-31,TIMESGTY,small,2653
2024-12-31,ENERGYDEV,small,2654
2024-12-31,ALKALI,small,2656
2024-12-31,VINNY,small,2663
2024-12-31,AAKASH,small,2666
2024-12-31,CEREBRAINT,small,2668
2024-12-31,PALREDTEC,small,2669
2024-12-31,NAGREEKEXP,small,2672
2024-12-31,OBCL,small,2677
2024-12-31,SECURKLOUD,small,2681
2024-12-31,HECPROJECT,small,2692
2024-12-31,TOKYOPLAST,small,2701
2024-12-31,PARASPETRO,small,2705
2024-12-31,SUVIDHAA,small,2706
2024-12-31,MCL,small,2712
2024-12-31,DANGEE,small,2716
2024-12-31,ARSHIYA,small,2727
2024-12-31,SAMBHAAV,small,2730
2024-12-31,CINEVISTA,small,2741
2024-12-31,BIOFILCHEM,small,2745
2024-12-31,ORIENTLTD,small,2751
2024-12-31,DAMODARIND,small,2752
2024-12-31,SECMARK,small,2753
2024-12-31,21STCENMGM,small,2755
2024-12-31,MOKSH,small,2760
2024-12-31,DELTAMAGNT,small,2766
2024-12-31,ASTRON,small,2769
2024-12-31,BLBLIMITED,small,2776
2024-12-31,HISARMETAL,small,2779
2024-12-31,SIMBHALS,small,2782
2024-12-31,MEP,small,2785
2024-12-31,GANGAFORGE,small,2787
2024-12-31,ADROITINFO,small,2795
2024-12-31,ATALREAL,small,2800
2024-12-31,LCCINFOTEC,small,2805
2024-12-31,DIL,small,2814
2024-12-31,HBSL,small,2817
2024-12-31,MADHUCON,small,2818
2024-12-31,HOVS,small,2822
2024-12-31,PNC,small,2823
2024-12-31,CELEBRITY,small,2832
2024-12-31,ARCHIES,small,2838
2024-12-31,AGROPHOS,small,2855
2024-12-31,KARMAENG,small,2865
2024-12-31,LEXUS,small,2866
2024-12-31,AKSHAR,small,2889
2024-12-31,TREEHOUSE,small,2890
2024-12-31,RELIABLE,small,2899
2024-12-31,SVPGLOB,small,2900
2024-12-31,AROGRANITE,small,2901
2024-12-31,KAVVERITEL,small,2907
2024-12-31,NIBL,small,2913
2024-12-31,3PLAND,small,2916
2024-12-31,SHIVAMILLS,small,2920
2024-12-31,BALKRISHNA,small,2922
2024-12-31,ROML,small,2930
2024-12-31,MBECL,small,2934
2024-12-31,BANG,small,2935
2024-12-31,MALUPAPER,small,2941
2024-12-31,SITINET,small,2948
2024-12-31,BANARBEADS,small,2950
2024-12-31,WEWIN,small,2953
2024-12-31,MARSHALL,small,2961
2024-12-31,KEEPLEARN,small,2964
2024-12-31,SEYAIND,small,2969
2024-12-31,JETFREIGHT,small,2975
2024-12-31,FMNL,small,2982
2024-12-31,SILGO,small,2985
2024-12-31,GATECH,small,2987
2024-12-31,GOLDENTOBC,small,2990
2024-12-31,LFIC,small,2991
2024-12-31,MANUGRAPH,small,3004
2024-12-31,ORIENTALTL,small,3010
2024-12-31,RKDL,small,3012
2024-12-31,NGIL,small,3020
2024-12-31,ROLLT,small,3024
2024-12-31,SUPREMEENG,small,3027
2024-12-31,DNAMEDIA,small,3030
2024-12-31,ROLTA,small,3044
2024-12-31,AKG,small,3059
2024-12-31,JAIPURKURT,small,3062
2024-12-31,BURNPUR,small,3063
2024-12-31,GODHA,small,3071
2024-12-31,MFML,small,3087
2024-12-31,ABMINTLLTD,small,3096
2024-12-31,TVVISION,small,3099
2024-12-31,AKASH,small,3100
2024-12-31,PEARLPOLY,small,3105
2024-12-31,SUPERSPIN,small,3126
2024-12-31,ICDSLTD,small,3127
2024-12-31,LAXMICOT,small,3131
2024-12-31,FEL,small,3140
2024-12-31,KANANIIND,small,3145
2024-12-31,GTECJAINX,small,3148
2024-12-31,ANKITMETAL,small,3161
2024-12-31,ASHOKAMET,small,3165
2024-12-31,KSHITIJPOL,small,3169
2024-12-31,ADL,small,3170
2024-12-31,VINEETLAB,small,3184
2024-12-31,COUNCODOS,small,3189
2024-12-31,SRPL,small,3193
2024-12-31,NEXTMEDIA,small,3207
2024-12-31,TECHIN,small,3209
2024-12-31,SHRENIK,small,3217
2024-12-31,NARMADA,small,3226
2024-12-31,BINANIIND,small,3227
2024-12-31,SGL,small,3233
2024-12-31,AMBICAAGAR,small,3236
2024-12-31,TNTELE,small,3243
2024-12-31,PODDARHOUS,small,3245
2024-12-31,SAGARDEEP,small,3261
2024-12-31,MADHAV,small,3267
2024-12-31,TARAPUR,small,3271
2024-12-31,FLFL,small,3277
2024-12-31,TECILCHEM,small,3284
2024-12-31,LIBAS,small,3286
2024-12-31,KHANDSE,small,3299
2024-12-31,TGBHOTELS,small,3303
2024-12-31,ARSSINFRA,small,3312
2024-12-31,KHAITANLTD,small,3319
2024-12-31,KRIDHANINF,small,3323
2024-12-31,MORARJEE,small,3333
2024-12-31,MASKINVEST,small,3342
2024-12-31,CYBERMEDIA,small,3352
2024-12-31,MOHITIND,small,3355
2024-12-31,SANGINITA,small,3362
2024-12-31,VIJIFIN,small,3372
2024-12-31,WILLAMAGOR,small,3375
2024-12-31,UNIINFO,small,3382
2024-12-31,MITTAL,small,3394
2024-12-31,GLOBALE,small,3405
2024-12-31,HYBRIDFIN,small,3407
2024-12-31,HAVISHA,small,3410
2024-12-31,NAGREEKCAP,small,3428
2024-12-31,TIJARIA,small,3429
2024-12-31,BLUECHIP,small,3432
2024-12-31,GOENKA,small,3434
2024-12-31,INFOMEDIA,small,3436
2024-12-31,SANWARIA,small,3449
2024-12-31,ACEINTEG,small,3489
2024-12-31,NKIND,small,3495
2024-12-31,SUULD,small,3505
2024-12-31,GAYAHWS,small,3507
2024-12-31,KAUSHALYA,small,3509
2024-12-31,ATLASCYCLE,small,3519
2024-12-31,VIVIDHA,small,3531
2024-12-31,CALSOFT,small,3577
2024-12-31,IMPEXFERRO,small,3579
2024-12-31,RETAIL,small,3604
2024-12-31,HEADSUP,small,3620
2024-12-31,EDUCOMP,small,3626
2024-12-31,GUJRAFFIA,small,3632
2024-12-31,WINSOME,small,3643
2024-12-31,ANTGRAPHIC,small,3655
2024-12-31,COMPINFO,small,3657
2024-12-31,GFSTEELS,small,3664
2024-12-31,MTEDUCARE,small,3703
2024-12-31,ONELIFECAP,small,3751
2024-12-31,SECURCRED,small,3764
2024-12-31,SILLYMONKS,small,3765
2024-12-31,LYPSAGEMS,small,3786
2024-12-31,GLFL,small,3809
2024-12-31,BOHRAIND,small,3810
2024-12-31,SHYAMTEL,small,3811
2024-12-31,NORBTEAEXP,small,3859
2024-12-31,UMESLTD,small,3875
2024-12-31,OMKARCHEM,small,3905
2024-12-31,TCIFINANCE,small,3928
2024-12-31,SHANTI,small,3931
2024-12-31,RADAAN,small,3971
2024-12-31,ORTINGLOBE,small,3992
2024-12-31,ARENTERP,small,3993
2024-12-31,VCL,small,3995
2024-12-31,ALPSINDUS,small,4055
2024-12-31,CREATIVEYE,small,4073
2024-12-31,DCMFINSERV,small,4074
2024-12-31,SABEVENTS,small,4075
2024-12-31,BLUECOAST,small,4106
2024-12-31,EUROTEXIND,small,4111
2024-12-31,PREMIER,small,4117
2024-12-31,NIRAJISPAT,small,4139
2024-12-31,KALYANI,small,4177
2024-12-31,FSC,small,4196
2024-12-31,SETUINFRA,small,4233
2024-12-31,UNIVAFOODS,small,4236
2024-12-31,CMICABLES,small,4396
2024-12-31,SANCO,small,4467
2024-12-31,LAKPRE,small,4504
2024-12-31,ORTEL,small,4517
2024-12-31,MELSTAR,small,4527
2024-12-31,BGLOBAL,small,4608
2024-12-31,QUINTEGRA,small,4644
2024-12-31,GANGOTRI,small,4698
2024-12-31,RAJVIR,small,4793
2025-06-30,RELIANCE,large,1
2025-06-30,HDFCBANK,large,2
2025-06-30,TCS,large,3
2025-06-30,BHARTIARTL,large,4
2025-06-30,ICICIBANK,large,5
2025-06-30,INFY,large,6
2025-06-30,SBIN,large,7
2025-06-30,HINDUNILVR,large,8
2025-06-30,BAJFINANCE,large,9
2025-06-30,ITC,large,10
2025-06-30,LICI,large,11
2025-06-30,LT,large,12
2025-06-30,HCLTECH,large,13
2025-06-30,SUNPHARMA,large,14
2025-06-30,KOTAKBANK,large,15
2025-06-30,MARUTI,large,16
2025-06-30,M&M,large,17
2025-06-30,AXISBANK,large,18
2025-06-30,ULTRACEMCO,large,19
2025-06-30,NTPC,large,20
2025-06-30,ONGC,large,21
2025-06-30,BAJAJFINSV,large,22
2025-06-30,TITAN,large,23
2025-06-30,WIPRO,large,24
2025-06-30,HAL,large,25
2025-06-30,ADANIENT,large,26
2025-06-30,POWERGRID,large,27
2025-06-30,ADANIPORTS,large,28
2025-06-30,DMART,large,29
2025-06-30,TATAMOTORS,large,30
2025-06-30,JSWSTEEL,large,31
2025-06-30,COALINDIA,large,32
2025-06-30,BAJAJ-AUTO,large,33
2025-06-30,BEL,large,34
2025-06-30,ETERNAL,large,35
2025-06-30,NESTLEIND,large,36
2025-06-30,ASIANPAINT,large,37
2025-06-30,ADANIPOWER,large,38
2025-06-30,TRENT,large,39
2025-06-30,INDIGO,large,40
2025-06-30,IOC,large,41
2025-06-30,HINDZINC,large,42
2025-06-30,DLF,large,43
2025-06-30,TATASTEEL,large,44
2025-06-30,VBL,large,45
2025-06-30,IRFC,large,46
2025-06-30,GRASIM,large,47
2025-06-30,VEDL,large,48
2025-06-30,JIOFIN,large,49
2025-06-30,DIVISLAB,large,50
2025-06-30,SBILIFE,large,51
2025-06-30,TECHM,large,52
2025-06-30,LTIM,large,53
2025-06-30,ADANIGREEN,large,54
2025-06-30,PIDILITIND,large,55
2025-06-30,HDFCLIFE,large,56
2025-06-30,HYUNDAI,large,57
2025-06-30,EICHERMOT,large,58
2025-06-30,HINDALCO,large,59
2025-06-30,BAJAJHLDNG,large,60
2025-06-30,PFC,large,61
2025-06-30,AMBUJACEM,large,62
2025-06-30,LODHA,large,63
2025-06-30,BPCL,large,64
2025-06-30,BRITANNIA,large,65
2025-06-30,CHOLAFIN,large,66
2025-06-30,ABB,large,67
2025-06-30,TVSMOTOR,large,68
2025-06-30,TATAPOWER,large,69
2025-06-30,CIPLA,large,70
2025-06-30,GODREJCP,large,71
2025-06-30,BANKBARODA,large,72
2025-06-30,GAIL,large,73
2025-06-30,SHRIRAMFIN,large,74
2025-06-30,PNB,large,75
2025-06-30,RECLTD,large,76
2025-06-30,INDHOTEL,large,77
2025-06-30,SIEMENS,large,78
2025-06-30,SOLARINDS,large,79
2025-06-30,TORNTPHARM,large,80
2025-06-30,MAZDOCK,large,81
2025-06-30,MAXHEALTH,large,82
2025-06-30,UNITDSPR,large,83
2025-06-30,SHREECEM,large,84
2025-06-30,TATACONSUM,large,85
2025-06-30,DRREDDY,large,86
2025-06-30,MANKIND,large,87
2025-06-30,BAJAJHFL,large,88
2025-06-30,ENRIN,large,89
2025-06-30,ADANIENSOL,large,90
2025-06-30,MOTHERSON,large,91
2025-06-30,CGPOWER,large,92
2025-06-30,APOLLOHOSP,large,93
2025-06-30,HAVELLS,large,94
2025-06-30,INDUSTOWER,large,95
2025-06-30,UNIONBANK,large,96
2025-06-30,NAUKRI,large,97
2025-06-30,LUPIN,large,98
2025-06-30,ZYDUSLIFE,large,99
2025-06-30,JINDALSTEL,large,100
2025-06-30,HDFCAMC,mid,101
2025-06-30,ICICIGI,mid,102
2025-06-30,MUTHOOTFIN,mid,103
2025-06-30,DIXON,mid,104
2025-06-30,NTPCGREEN,mid,105
2025-06-30,JSWENERGY,mid,106
2025-06-30,CANBK,mid,107
2025-06-30,IDBI,mid,108
2025-06-30,PERSISTENT,mid,109
2025-06-30,DABUR,mid,110
2025-06-30,ICICIPRULI,mid,111
2025-06-30,BOSCHLTD,mid,112
2025-06-30,MARICO,mid,113
2025-06-30,POLYCAB,mid,114
2025-06-30,SWIGGY,mid,115
2025-06-30,SRF,mid,116
2025-06-30,GMRAIRPORT,mid,117
2025-06-30,BSE,mid,118
2025-06-30,CUMMINSIND,mid,119
2025-06-30,NHPC,mid,120
2025-06-30,SBICARD,mid,121
2025-06-30,IOB,mid,122
2025-06-30,HEROMOTOCO,mid,123
2025-06-30,RVNL,mid,124
2025-06-30,SUZLON,mid,125
2025-06-30,HINDPETRO,mid,126
2025-06-30,POLICYBZR,mid,127
2025-06-30,BHEL,mid,128
2025-06-30,OFSS,mid,129
2025-06-30,BHARTIHEXA,mid,130
2025-06-30,INDIANB,mid,131
2025-06-30,WAAREEENER,mid,132
2025-06-30,TORNTPOWER,mid,133
2025-06-30,GICRE,mid,134
2025-06-30,ATGL,mid,135
2025-06-30,COLPAL,mid,136
2025-06-30,LLOYDSME,mid,137
2025-06-30,AUROPHARMA,mid,138
2025-06-30,OIL,mid,139
2025-06-30,INDUSINDBK,mid,140
2025-06-30,GODREJPROP,mid,141
2025-06-30,PATANJALI,mid,142
2025-06-30,ASHOKLEY,mid,143
2025-06-30,IDEA,mid,144
2025-06-30,OBEROIRLTY,mid,146
2025-06-30,POWERINDIA,mid,147
2025-06-30,COROMANDEL,mid,148
2025-06-30,BERGEPAINT,mid,149
2025-06-30,JSWINFRA,mid,150
2025-06-30,IRCTC,mid,151
2025-06-30,ALKEM,mid,152
2025-06-30,PRESTIGE,mid,153
2025-06-30,NMDC,mid,154
2025-06-30,YESBANK,mid,155
2025-06-30,PHOENIXLTD,mid,156
2025-06-30,TIINDIA,mid,157
2025-06-30,BHARATFORG,mid,158
2025-06-30,UNOMINDA,mid,159
2025-06-30,SCHAEFFLER,mid,160
2025-06-30,LINDEINDIA,mid,161
2025-06-30,COFORGE,mid,162
2025-06-30,PIIND,mid,163
2025-06-30,KALYANKJIL,mid,164
2025-06-30,UBL,mid,165
2025-06-30,FACT,mid,166
2025-06-30,SUNDARMFIN,mid,167
2025-06-30,PAYTM,mid,168
2025-06-30,BDL,mid,169
2025-06-30,MRF,mid,170
2025-06-30,NYKAA,mid,171
2025-06-30,VMM,mid,172
2025-06-30,JSL,mid,173
2025-06-30,FORTIS,mid,174
2025-06-30,UPL,mid,175
2025-06-30,ABCAPITAL,mid,176
2025-06-30,BALKRISIND,mid,177
2025-06-30,PAGEIND,mid,178
2025-06-30,BANKINDIA,mid,179
2025-06-30,LTTS,mid,180
2025-06-30,MPHASIS,mid,181
2025-06-30,SUPREMEIND,mid,182
2025-06-30,SAIL,mid,183
2025-06-30,FEDERALBNK,mid,184
2025-06-30,IREDA,mid,185
2025-06-30,AUBANK,mid,186
2025-06-30,IDFCFIRSTB,mid,187
2025-06-30,HEXT,mid,188
2025-06-30,PETRONET,mid,189
2025-06-30,GLAXO,mid,190
2025-06-30,PREMIERENE,mid,191
2025-06-30,TATACOMM,mid,192
2025-06-30,PGHH,mid,193
2025-06-30,GVT&D,mid,194
2025-06-30,VOLTAS,mid,195
2025-06-30,JUBLFOOD,mid,196
2025-06-30,APLAPOLLO,mid,197
2025-06-30,CONCOR,mid,198
2025-06-30,MOTILALOFS,mid,199
2025-06-30,HUDCO,mid,200
2025-06-30,UCOBANK,mid,201
2025-06-30,MFSL,mid,202
2025-06-30,COCHINSHIP,mid,203
2025-06-30,BIOCON,mid,204
2025-06-30,GLENMARK,mid,205
2025-06-30,FLUOROCHEM,mid,206
2025-06-30,THERMAX,mid,207
2025-06-30,NAM-INDIA,mid,208
2025-06-30,360ONE,mid,209
2025-06-30,LTF,mid,210
2025-06-30,ITCHOTELS,mid,211
2025-06-30,JKCEMENT,mid,212
2025-06-30,MAHABANK,mid,213
2025-06-30,BLUESTARCO,mid,214
2025-06-30,ASTRAL,mid,215
2025-06-30,CENTRALBK,mid,216
2025-06-30,SJVN,mid,217
2025-06-30,TATAELXSI,mid,218
2025-06-30,GODREJIND,mid,219
2025-06-30,CRISIL,mid,220
2025-06-30,ESCORTS,mid,221
2025-06-30,IPCALAB,mid,222
2025-06-30,ACC,mid,223
2025-06-30,KPITTECH,mid,224
2025-06-30,DALBHARAT,mid,225
2025-06-30,GODFRYPHLP,mid,226
2025-06-30,AWL,mid,227
2025-06-30,M&MFIN,mid,228
2025-06-30,KAYNES,mid,229
2025-06-30,KPRMILL,mid,230
2025-06-30,NATIONALUM,mid,231
2025-06-30,KEI,mid,232
2025-06-30,AJANTPHARM,mid,233
2025-06-30,NH,mid,234
2025-06-30,HONAUT,mid,235
2025-06-30,3MINDIA,mid,236
2025-06-30,LAURUSLABS,mid,237
2025-06-30,CHOLAHLDNG,mid,238
2025-06-30,AIIL,mid,239
2025-06-30,NLCINDIA,mid,240
2025-06-30,EXIDEIND,mid,241
2025-06-30,RADICO,mid,242
2025-06-30,LICHSGFIN,mid,243
2025-06-30,TATAINVEST,mid,244
2025-06-30,SONACOMS,mid,245
2025-06-30,METROBRAND,mid,246
2025-06-30,MEDANTA,mid,247
2025-06-30,AIAENG,mid,248
2025-06-30,GUJGASLTD,mid,250
2025-06-30,COHANCE,small,251
2025-06-30,IRB,small,252
2025-06-30,TATATECH,small,253
2025-06-30,ENDURANCE,small,254
2025-06-30,CDSL,small,255
2025-06-30,ITI,small,256
2025-06-30,APARINDS,small,257
2025-06-30,GILLETTE,small,258
2025-06-30,PPLPHARMA,small,259
2025-06-30,NIACL,small,260
2025-06-30,GODIGIT,small,261
2025-06-30,SYNGENE,small,262
2025-06-30,APOLLOTYRE,small,263
2025-06-30,IKS,small,264
2025-06-30,DEEPAKNTR,small,265
2025-06-30,IGL,small,267
2025-06-30,AEGISVOPAK,small,268
2025-06-30,AEGISLOG,small,269
2025-06-30,POONAWALLA,small,270
2025-06-30,BRIGADE,small,271
2025-06-30,NBCC,small,272
2025-06-30,JBCHEPHARM,small,273
2025-06-30,GLAND,small,274
2025-06-30,PSB,small,275
2025-06-30,SUMICHEM,small,276
2025-06-30,EMAMILTD,small,277
2025-06-30,OLAELEC,small,278
2025-06-30,JYOTICNC,small,279
2025-06-30,BANDHANBNK,small,280
2025-06-30,ASTERDM,small,281
2025-06-30,KIMS,small,282
2025-06-30,FSL,small,283
2025-06-30,SUNTV,small,284
2025-06-30,MSUMI,small,285
2025-06-30,PNBHOUSING,small,286
2025-06-30,STARHEALTH,small,287
2025-06-30,POLYMED,small,288
2025-06-30,PGEL,small,289
2025-06-30,ABREL,small,290
2025-06-30,MRPL,small,291
2025-06-30,DELHIVERY,small,292
2025-06-30,PEL,small,293
2025-06-30,ZFCVINDIA,small,294
2025-06-30,HSCL,small,295
2025-06-30,WOCKPHARMA,small,296
2025-06-30,JSWHL,small,297
2025-06-30,CHAMBLFERT,small,298
2025-06-30,EIHOTEL,small,299
2025-06-30,SHYAMMETL,small,300
2025-06-30,LALPATHLAB,small,301
2025-06-30,AFFLE,small,302
2025-06-30,ANGELONE,small,304
2025-06-30,TATACHEM,small,305
2025-06-30,CROMPTON,small,306
2025-06-30,HINDCOPPER,small,307
2025-06-30,GRSE,small,308
2025-06-30,NUVAMA,small,309
2025-06-30,AMBER,small,310
2025-06-30,RAMCOCEM,small,311
2025-06-30,INOXWIND,small,312
2025-06-30,EMCURE,small,313
2025-06-30,KEC,small,314
2025-06-30,PFIZER,small,315
2025-06-30,TIMKEN,small,316
2025-06-30,MANYAVAR,small,317
2025-06-30,WELCORP,small,318
2025-06-30,FIVESTAR,small,319
2025-06-30,HATSUN,small,320
2025-06-30,PTCIL,small,321
2025-06-30,FIRSTCRY,small,322
2025-06-30,SAGILITY,small,323
2025-06-30,NAVINFLUOR,small,324
2025-06-30,DEVYANI,small,325
2025-06-30,SUNDRMFAST,small,326
2025-06-30,CESC,small,327
2025-06-30,SKFINDIA,small,328
2025-06-30,BASF,small,329
2025-06-30,CASTROLIND,small,330
2025-06-30,ASTRAZEN,small,331
2025-06-30,ABSLAMC,small,332
2025-06-30,KANSAINER,small,333
2025-06-30,CARBORUNIV,small,334
2025-06-30,ANANTRAJ,small,335
2025-06-30,TVSHLTD,small,336
2025-06-30,RATNAMANI,small,337
2025-06-30,KFINTECH,small,338
2025-06-30,ERIS,small,339
2025-06-30,CAMS,small,340
2025-06-30,REDINGTON,small,341
2025-06-30,ABLBL,small,342
2025-06-30,CONCORDBIO,small,343
2025-06-30,GRINDWELL,small,344
2025-06-30,ATUL,small,345
2025-06-30,ARE&M,small,346
2025-06-30,MANAPPURAM,small,347
2025-06-30,TRITURBINE,small,348
2025-06-30,AADHARHFC,small,349
2025-06-30,ONESOURCE,small,350
2025-06-30,CHALET,small,351
2025-06-30,GSPL,small,352
2025-06-30,APLLTD,small,353
2025-06-30,RPOWER,small,354
2025-06-30,KPIL,small,355
2025-06-30,IGIL,small,356
2025-06-30,KARURVYSYA,small,357
2025-06-30,VINATIORGA,small,358
2025-06-30,ZENSARTECH,small,359
2025-06-30,KIOCL,small,360
2025-06-30,BIKAJI,small,361
2025-06-30,LMW,small,362
2025-06-30,NATCOPHARM,small,363
2025-06-30,IRCON,small,364
2025-06-30,CENTURYPLY,small,365
2025-06-30,AFCONS,small,366
2025-06-30,CREDITACC,small,367
2025-06-30,VENTIVE,small,368
2025-06-30,DCMSHRIRAM,small,369
2025-06-30,ASAHIINDIA,small,370
2025-06-30,SIGNATURE,small,371
2025-06-30,SARDAEN,small,372
2025-06-30,CIEINDIA,small,373
2025-06-30,BATAINDIA,small,374
2025-06-30,BLS,small,375
2025-06-30,SCHNEIDER,small,376
2025-06-30,IEX,small,377
2025-06-30,IIFL,small,378
2025-06-30,NEWGEN,small,379
2025-06-30,JWL,small,380
2025-06-30,VGUARD,small,381
2025-06-30,NEULANDLAB,small,382
2025-06-30,DOMS,small,383
2025-06-30,JBMA,small,384
2025-06-30,ELGIEQUIP,small,385
2025-06-30,DEEPAKFERT,small,386
2025-06-30,WHIRLPOOL,small,387
2025-06-30,AKZOINDIA,small,388
2025-06-30,JINDALSAW,small,389
2025-06-30,AARTIIND,small,390
2025-06-30,JUBLPHARMA,small,391
2025-06-30,CAPLIPOINT,small,392
2025-06-30,ANANDRATHI,small,393
2025-06-30,APTUS,small,394
2025-06-30,ZENTEC,small,395
2025-06-30,BLUEDART,small,396
2025-06-30,CYIENT,small,397
2025-06-30,KAJARIACER,small,398
2025-06-30,EIDPARRY,small,399
2025-06-30,SAILIFE,small,400
2025-06-30,SWANENERGY,small,401
2025-06-30,PCBL,small,402
2025-06-30,TRIDENT,small,403
2025-06-30,ACE,small,404
2025-06-30,TBOTEK,small,405
2025-06-30,HBLENGINE,small,406
2025-06-30,NIVABUPA,small,407
2025-06-30,TARIL,small,408
2025-06-30,ECLERX,small,409
2025-06-30,AAVAS,small,410
2025-06-30,KIRLOSBROS,small,411
2025-06-30,GODREJAGRO,small,412
2025-06-30,FINCABLES,small,413
2025-06-30,TEJASNET,small,414
2025-06-30,BEML,small,415
2025-06-30,RAINBOW,small,416
2025-06-30,UTIAMC,small,417
2025-06-30,CLEAN,small,418
2025-06-30,CGCL,small,419
2025-06-30,INDGN,small,420
2025-06-30,SOBHA,small,421
2025-06-30,NCC,small,422
2025-06-30,GRAVITA,small,423
2025-06-30,TECHNOE,small,424
2025-06-30,THELEELA,small,425
2025-06-30,IFCI,small,426
2025-06-30,LTFOODS,small,427
2025-06-30,NAVA,small,428
2025-06-30,BBTC,small,429
2025-06-30,GESHIP,small,430
2025-06-30,BLUEJET,small,431
2025-06-30,SANOFI,small,432
2025-06-30,INDIAMART,small,433
2025-06-30,CELLO,small,434
2025-06-30,ACMESOLAR,small,435
2025-06-30,RRKABEL,small,436
2025-06-30,VTL,small,437
2025-06-30,MGL,small,438
2025-06-30,FINEORG,small,439
2025-06-30,JYOTHYLAB,small,440
2025-06-30,ALIVUS,small,441
2025-06-30,CUB,small,442
2025-06-30,WELSPUNLIV,small,443
2025-06-30,RKFORGE,small,444
2025-06-30,TTML,small,445
2025-06-30,KSB,small,446
2025-06-30,CEATLTD,small,447
2025-06-30,HFCL,small,448
2025-06-30,MAHSCOOTER,small,449
2025-06-30,AGARWALEYE,small,450
2025-06-30,MINDACORP,small,451
2025-06-30,GRANULES,small,452
2025-06-30,GPIL,small,453
2025-06-30,SPLPETRO,small,454
2025-06-30,BSOFT,small,455
2025-06-30,ELECON,small,456
2025-06-30,DATAPATTNS,small,457
2025-06-30,FINPIPE,small,458
2025-06-30,INTELLECT,small,459
2025-06-30,SONATSOFTW,small,460
2025-06-30,NUVOCO,small,461
2025-06-30,JAIBALAJI,small,462
2025-06-30,RITES,small,463
2025-06-30,ATHERENERG,small,464
2025-06-30,FORCEMOT,small,465
2025-06-30,INGERRAND,small,466
2025-06-30,TITAGARH,small,468
2025-06-30,CRAFTSMAN,small,469
2025-06-30,KIRLOSENG,small,470
2025-06-30,RELAXO,small,471
2025-06-30,CHOICEIN,small,472
2025-06-30,ZYDUSWELL,small,473
2025-06-30,SHAKTIPUMP,small,474
2025-06-30,GRINFRA,small,475
2025-06-30,RAILTEL,small,476
2025-06-30,EMBDL,small,477
2025-06-30,WESTLIFE,small,478
2025-06-30,SANOFICONR,small,479
2025-06-30,RELINFRA,small,480
2025-06-30,RBLBANK,small,481
2025-06-30,NSLNISP,small,482
2025-06-30,JUBLINGREA,small,483
2025-06-30,ZEEL,small,484
2025-06-30,LEMONTREE,small,485
2025-06-30,J&KBANK,small,486
2025-06-30,AETHER,small,487
2025-06-30,MARKSANS,small,488
2025-06-30,JMFINANCIL,small,489
2025-06-30,BALRAMCHIN,small,490
2025-06-30,SAFARI,small,491
2025-06-30,EUREKAFORB,small,492
2025-06-30,AVANTIFEED,small,493
2025-06-30,HOMEFIRST,small,494
2025-06-30,JPPOWER,small,495
2025-06-30,PARADEEP,small,496
2025-06-30,VIJAYA,small,497
2025-06-30,WAAREERTL,small,498
2025-06-30,SBFC,small,499
2025-06-30,PRAJIND,small,500
2025-06-30,ABDL,small,501
2025-06-30,ENGINERSIN,small,502
2025-06-30,SAMMAANCAP,small,503
2025-06-30,ITDCEM,small,504
2025-06-30,SAPPHIRE,small,505
2025-06-30,OLECTRA,small,506
2025-06-30,SAREGAMA,small,507
2025-06-30,NETWEB,small,508
2025-06-30,GMDCLTD,small,509
2025-06-30,PRUDENT,small,510
2025-06-30,JLHL,small,511
2025-06-30,PVRINOX,small,512
2025-06-30,HAPPSTMNDS,small,513
2025-06-30,USHAMART,small,514
2025-06-30,GENUSPOWER,small,515
2025-06-30,TEGA,small,516
2025-06-30,ABFRL,small,517
2025-06-30,MEDPLUS,small,518
2025-06-30,AZAD,small,519
2025-06-30,GRAPHITE,small,520
2025-06-30,MAPMYINDIA,small,521
2025-06-30,VESUVIUS,small,522
2025-06-30,INDIACEM,small,523
2025-06-30,INOXINDIA,small,524
2025-06-30,RHIM,small,525
2025-06-30,GALLANTT,small,526
2025-06-30,GANESHHOUC,small,527
2025-06-30,EDELWEISS,small,528
2025-06-30,JKLAKSHMI,small,529
2025-06-30,MMTC,small,530
2025-06-30,ARVIND,small,531
2025-06-30,CANFINHOME,small,532
2025-06-30,ACUTAAS,small,533
2025-06-30,DBREALTY,small,534
2025-06-30,ALKYLAMINE,small,535
2025-06-30,SHRIPISTON,small,536
2025-06-30,TTKPRESTIG,small,537
2025-06-30,ANURAS,small,538
2025-06-30,GRWRHITECH,small,539
2025-06-30,NAZARA,small,540
2025-06-30,CCL,small,541
2025-06-30,BECTORFOOD,small,542
2025-06-30,BIRLACORPN,small,543
2025-06-30,MAHSEAMLES,small,544
2025-06-30,WABAG,small,546
2025-06-30,BELRISE,small,547
2025-06-30,ALOKINDS,small,548
2025-06-30,TIMETECHNO,small,549
2025-06-30,SYRMA,small,550
2025-06-30,JKTYRE,small,551
2025-06-30,PGHL,small,552
2025-06-30,CHENNPETRO,small,553
2025-06-30,STARCEMENT,small,554
2025-06-30,METROPOLIS,small,556
2025-06-30,TRIVENI,small,557
2025-06-30,LLOYDSENGG,small,558
2025-06-30,HEG,small,560
2025-06-30,ASKAUTOLTD,small,561
2025-06-30,SCI,small,562
2025-06-30,KPIGREEN,small,563
2025-06-30,REDTAPE,small,564
2025-06-30,AKUMS,small,565
2025-06-30,INDIASHLTR,small,566
2025-06-30,LATENTVIEW,small,567
2025-06-30,HAPPYFORGE,small,568
2025-06-30,TIPSMUSIC,small,569
2025-06-30,ISGEC,small,571
2025-06-30,GARFIBRES,small,572
2025-06-30,TCI,small,573
2025-06-30,SYMPHONY,small,574
2025-06-30,SFL,small,575
2025-06-30,HONASA,small,576
2025-06-30,GALAXYSURF,small,577
2025-06-30,CAMPUS,small,578
2025-06-30,GMRP&UI,small,579
2025-06-30,POWERMECH,small,580
2025-06-30,SUDARSCHEM,small,581
2025-06-30,AURIONPRO,small,582
2025-06-30,IIFLCAPS,small,583
2025-06-30,RCF,small,584
2025-06-30,CERA,small,585
2025-06-30,VOLTAMP,small,587
2025-06-30,BBOX,small,588
2025-06-30,IONEXCHANG,small,589
2025-06-30,KIRLPNU,small,590
2025-06-30,ASTRAMICRO,small,591
2025-06-30,RELIGARE,small,592
2025-06-30,GABRIEL,small,593
2025-06-30,EPIGRAL,small,594
2025-06-30,GSFC,small,595
2025-06-30,GNFC,small,596
2025-06-30,NETWORK18,small,597
2025-06-30,VARROC,small,598
2025-06-30,SANSERA,small,599
2025-06-30,PNGJL,small,600
2025-06-30,CMSINFO,small,601
2025-06-30,JUSTDIAL,small,602
2025-06-30,UJJIVANSFB,small,603
2025-06-30,SHAILY,small,604
2025-06-30,CARTRADE,small,605
2025-06-30,ESABINDIA,small,606
2025-06-30,BLACKBUCK,small,607
2025-06-30,MAXESTATES,small,608
2025-06-30,RAYMONDLSL,small,609
2025-06-30,OSWALPUMPS,small,610
2025-06-30,HGINFRA,small,611
2025-06-30,TANLA,small,612
2025-06-30,MASTEK,small,613
2025-06-30,PCJEWELLER,small,614
2025-06-30,PRIVISCL,small,615
2025-06-30,TRANSRAILL,small,616
2025-06-30,HCG,small,617
2025-06-30,BAJAJELEC,small,618
2025-06-30,SUNDARMHLD,small,619
2025-06-30,EQUITASBNK,small,620
2025-06-30,PNCINFRA,small,621
2025-06-30,AJAXENGG,small,622
2025-06-30,SHILPAMED,small,623
2025-06-30,SANDUMA,small,624
2025-06-30,ACI,small,625
2025-06-30,FDC,small,626
2025-06-30,WELENT,small,628
2025-06-30,KTKBANK,small,629
2025-06-30,GPPL,small,630
2025-06-30,EPL,small,631
2025-06-30,SWSOLAR,small,632
2025-06-30,THOMASCOOK,small,633
2025-06-30,RUSTOMJEE,small,634
2025-06-30,KRBL,small,635
2025-06-30,DODLA,small,636
2025-06-30,CHEMPLASTS,small,637
2025-06-30,MANORAMA,small,638
2025-06-30,LLOYDSENT,small,639
2025-06-30,TMB,small,640
2025-06-30,BORORENEW,small,641
2025-06-30,KNRCON,small,642
2025-06-30,JINDWORLD,small,643
2025-06-30,PRSMJOHNSN,small,644
2025-06-30,MOIL,small,645
2025-06-30,ORIENTCEM,small,646
2025-06-30,AARTIPHARM,small,647
2025-06-30,SOUTHBANK,small,648
2025-06-30,RENUKA,small,649
2025-06-30,ELECTCAST,small,650
2025-06-30,RTNINDIA,small,651
2025-06-30,NESCO,small,652
2025-06-30,BALUFORGE,small,653
2025-06-30,ROUTE,small,654
2025-06-30,MHRIL,small,655
2025-06-30,DBL,small,656
2025-06-30,GOKEX,small,657
2025-06-30,TDPOWERSYS,small,658
2025-06-30,MANINFRA,small,659
2025-06-30,ETHOSLTD,small,660
2025-06-30,VMART,small,661
2025-06-30,JUNIPER,small,662
2025-06-30,EMUDHRA,small,663
2025-06-30,DHANUKA,small,664
2025-06-30,PURVA,small,665
2025-06-30,GREENLAM,small,666
2025-06-30,STAR,small,667
2025-06-30,PDSL,small,668
2025-06-30,TEXRAIL,small,669
2025-06-30,SUNTECK,small,671
2025-06-30,RATEGAIN,small,672
2025-06-30,BANCOINDIA,small,673
2025-06-30,MIDHANI,small,674
2025-06-30,SENCO,small,675
2025-06-30,TI,small,676
2025-06-30,HNDFDS,small,677
2025-06-30,KSCL,small,678
2025-06-30,V2RETAIL,small,679
2025-06-30,TIIL,small,680
2025-06-30,GHCL,small,681
2025-06-30,PGIL,small,682
2025-06-30,ASHOKA,small,684
2025-06-30,IXIGO,small,685
2025-06-30,ANUP,small,686
2025-06-30,TVSSCS,small,687
2025-06-30,SURYAROSNI,small,689
2025-06-30,RTNPOWER,small,690
2025-06-30,MAHLIFE,small,691
2025-06-30,SHOPERSTOP,small,692
2025-06-30,ARVINDFASN,small,693
2025-06-30,BANSALWIRE,small,694
2025-06-30,ICIL,small,695
2025-06-30,JKPAPER,small,696
2025-06-30,ICRA,small,698
2025-06-30,CSBBANK,small,699
2025-06-30,THANGAMAYL,small,700
2025-06-30,IFBIND,small,701
2025-06-30,GULFOILLUB,small,702
2025-06-30,SHARDACROP,small,703
2025-06-30,UNIMECH,small,704
2025-06-30,SUPRAJIT,small,705
2025-06-30,AHLUCONT,small,706
2025-06-30,RESPONIND,small,707
2025-06-30,INFIBEAM,small,708
2025-06-30,RAJESHEXPO,small,709
2025-06-30,REFEX,small,710
2025-06-30,ENTERO,small,711
2025-06-30,PRICOLLTD,small,712
2025-06-30,AVL,small,713
2025-06-30,SUPRIYA,small,714
2025-06-30,WEBELSOLAR,small,715
2025-06-30,NIITMTS,small,716
2025-06-30,DIACABS,small,717
2025-06-30,LXCHEM,small,718
2025-06-30,UEL,small,719
2025-06-30,INOXGREEN,small,720
2025-06-30,ZAGGLE,small,721
2025-06-30,HCC,small,722
2025-06-30,JKIL,small,723
2025-06-30,AGI,small,724
2025-06-30,GREAVESCOT,small,725
2025-06-30,GAEL,small,726
2025-06-30,AVALON,small,727
2025-06-30,EMIL,small,728
2025-06-30,INDIGOPNTS,small,729
2025-06-30,PROTEAN,small,730
2025-06-30,SKIPPER,small,731
2025-06-30,INNOVACAP,small,732
2025-06-30,KRN,small,735
2025-06-30,SKYGOLD,small,736
2025-06-30,ITDC,small,737
2025-06-30,GMMPFAUDLR,small,738
2025-06-30,SPARC,small,739
2025-06-30,ORCHPHARMA,small,740
2025-06-30,VIPIND,small,741
2025-06-30,SUNCLAY,small,742
2025-06-30,RALLIS,small,743
2025-06-30,PILANIINVS,small,744
2025-06-30,E2E,small,745
2025-06-30,VSTIND,small,746
2025-06-30,STYRENIX,small,747
2025-06-30,SHARDAMOTR,small,748
2025-06-30,QUESS,small,749
2025-06-30,SIS,small,750
2025-06-30,OPTIEMUS,small,751
2025-06-30,PARAS,small,753
2025-06-30,RAIN,small,754
2025-06-30,MASFIN,small,755
2025-06-30,ORIENTELEC,small,756
2025-06-30,PTC,small,757
2025-06-30,JSFB,small,758
2025-06-30,BANARISUG,small,759
2025-06-30,JCHAC,small,760
2025-06-30,CEIGALL,small,762
2025-06-30,BALAMINES,small,763
2025-06-30,HIKAL,small,764
2025-06-30,AWFIS,small,766
2025-06-30,MTARTECH,small,767
2025-06-30,NFL,small,769
2025-06-30,DYNAMATECH,small,770
2025-06-30,NEOGEN,small,771
2025-06-30,HEIDELBERG,small,773
2025-06-30,UNICHEMLAB,small,774
2025-06-30,SUNFLAG,small,775
2025-06-30,GUJALKALI,small,776
2025-06-30,KITEX,small,777
2025-06-30,RSYSTEMS,small,778
2025-06-30,GOCOLORS,small,779
2025-06-30,THYROCARE,small,780
2025-06-30,LUXIND,small,781
2025-06-30,YATHARTH,small,783
2025-06-30,LUMAXTECH,small,784
2025-06-30,VRLLOG,small,785
2025-06-30,DBCORP,small,786
2025-06-30,INDIAGLYCO,small,787
2025-06-30,EASEMYTRIP,small,788
2025-06-30,TARC,small,789
2025-06-30,SWARAJENG,small,790
2025-06-30,WONDERLA,small,791
2025-06-30,SUBROS,small,792
2025-06-30,MPSLTD,small,793
2025-06-30,SHAREINDIA,small,794
2025-06-30,GOLDIAM,small,795
2025-06-30,APOLLO,small,796
2025-06-30,BOROLTD,small,798
2025-06-30,JISLJALEQS,small,799
2025-06-30,BHARATRAS,small,800
2025-06-30,ROLEXRINGS,small,801
2025-06-30,SEQUENT,small,802
2025-06-30,RAYMOND,small,803
2025-06-30,VAIBHAVGBL,small,804
2025-06-30,DHANI,small,805
2025-06-30,CIGNITITEC,small,807
2025-06-30,CARERATING,small,808
2025-06-30,EIEL,small,809
2025-06-30,GOKULAGRO,small,810
2025-06-30,RBA,small,811
2025-06-30,NPST,small,812
2025-06-30,LGBBROSLTD,small,813
2025-06-30,FIEMIND,small,814
2025-06-30,MCLOUD,small,815
2025-06-30,GANECOS,small,816
2025-06-30,HEMIPROP,small,817
2025-06-30,SAMHI,small,818
2025-06-30,INDOSTAR,small,819
2025-06-30,DCBBANK,small,820
2025-06-30,PITTIENG,small,822
2025-06-30,GOPAL,small,823
2025-06-30,HERITGFOOD,small,824
2025-06-30,INDRAMEDCO,small,825
2025-06-30,POLYPLEX,small,826
2025-06-30,ASHAPURMIN,small,827
2025-06-30,GUFICBIO,small,828
2025-06-30,EPACK,small,829
2025-06-30,UFLEX,small,830
2025-06-30,STLTECH,small,831
2025-06-30,MSTCLTD,small,832
2025-06-30,ROSSARI,small,833
2025-06-30,AXISCADES,small,834
2025-06-30,CYIENTDLM,small,835
2025-06-30,BHAGCHEM,small,836
2025-06-30,KINGFA,small,837
2025-06-30,ARTEMISMED,small,838
2025-06-30,KIRLOSIND,small,839
2025-06-30,IMFA,small,840
2025-06-30,EMSLIMITED,small,841
2025-06-30,PATELENG,small,842
2025-06-30,AARTIDRUGS,small,843
2025-06-30,RPGLIFE,small,844
2025-06-30,SHANTIGEAR,small,845
2025-06-30,GREENPLY,small,846
2025-06-30,DCAL,small,847
2025-06-30,DATAMATICS,small,848
2025-06-30,IMAGICAA,small,849
2025-06-30,HARSHA,small,850
2025-06-30,63MOONS,small,851
2025-06-30,KSL,small,852
2025-06-30,JAYNECOIND,small,853
2025-06-30,JASH,small,854
2025-06-30,VADILALIND,small,855
2025-06-30,TEAMLEASE,small,856
2025-06-30,JTEKTINDIA,small,857
2025-06-30,FEDFINA,small,858
2025-06-30,MEDIASSIST,small,859
2025-06-30,RAMKY,small,861
2025-06-30,PARKHOTELS,small,862
2025-06-30,TCPLPACK,small,863
2025-06-30,PRINCEPIPE,small,864
2025-06-30,AJMERA,small,865
2025-06-30,ADVENZYMES,small,866
2025-06-30,POKARNA,small,867
2025-06-30,GREENPANEL,small,868
2025-06-30,BBL,small,869
2025-06-30,CAMLINFINE,small,870
2025-06-30,ALLCARGO,small,871
2025-06-30,JAMNAAUTO,small,872
2025-06-30,DPABHUSHAN,small,873
2025-06-30,VSTTILLERS,small,874
2025-06-30,GATEWAY,small,875
2025-06-30,SUVEN,small,876
2025-06-30,KDDL,small,877
2025-06-30,BALMLAWRIE,small,878
2025-06-30,NSIL,small,879
2025-06-30,DIGITIDE,small,880
2025-06-30,SIYSIL,small,881
2025-06-30,KIRIINDUS,small,882
2025-06-30,NOCIL,small,883
2025-06-30,PAISALO,small,884
2025-06-30,MOSCHIP,small,885
2025-06-30,ORISSAMINE,small,886
2025-06-30,AVANTEL,small,887
2025-06-30,SANATHAN,small,888
2025-06-30,SSWL,small,889
2025-06-30,DCXINDIA,small,890
2025-06-30,ARVSMART,small,891
2025-06-30,MOREPENLAB,small,892
2025-06-30,PFOCUS,small,893
2025-06-30,NORTHARC,small,894
2025-06-30,GUJTHEM,small,895
2025-06-30,SJS,small,897
2025-06-30,SGLTL,small,898
2025-06-30,WSTCSTPAPR,small,899
2025-06-30,JTLIND,small,900
2025-06-30,NAVNETEDUL,small,901
2025-06-30,QPOWER,small,902
2025-06-30,ASHIANA,small,903
2025-06-30,JINDALPOLY,small,904
2025-06-30,DEEPINDS,small,906
2025-06-30,ARKADE,small,907
2025-06-30,SINDHUTRAD,small,908
2025-06-30,DALMIASUG,small,909
2025-06-30,KKCL,small,910
2025-06-30,FCL,small,911
2025-06-30,BOMDYEING,small,912
2025-06-30,VISHNU,small,913
2025-06-30,GENESYS,small,915
2025-06-30,HPL,small,916
2025-06-30,STYLAMIND,small,917
2025-06-30,CAPACITE,small,918
2025-06-30,SERVOTECH,small,919
2025-06-30,BAJAJHIND,small,920
2025-06-30,RPSGVENT,small,921
2025-06-30,PRABHA,small,922
2025-06-30,MTNL,small,923
2025-06-30,MAITHANALL,small,924
2025-06-30,SOTL,small,925
2025-06-30,KPEL,small,926
2025-06-30,PRAKASH,small,928
2025-06-30,SHK,small,929
2025-06-30,GIPCL,small,930
2025-06-30,INTERARCH,small,931
2025-06-30,FUSION,small,932
2025-06-30,RPEL,small,933
2025-06-30,BFUTILITIE,small,934
2025-06-30,UTKARSHBNK,small,935
2025-06-30,HUBTOWN,small,936
2025-06-30,BEPL,small,937
2025-06-30,TCIEXP,small,938
2025-06-30,ALEMBICLTD,small,940
2025-06-30,PRECWIRE,small,941
2025-06-30,SBCL,small,942
2025-06-30,LAOPALA,small,943
2025-06-30,ADFFOODS,small,944
2025-06-30,MARINE,small,945
2025-06-30,GLOBUSSPR,small,946
2025-06-30,SPECTRUM,small,947
2025-06-30,VENUSPIPES,small,948
2025-06-30,DDEVPLSTIK,small,949
2025-06-30,SAGCEM,small,950
2025-06-30,GOODLUCK,small,953
2025-06-30,MARATHON,small,954
2025-06-30,HMT,small,955
2025-06-30,VEEDOL,small,956
2025-06-30,TIRUMALCHM,small,957
2025-06-30,TAJGVK,small,958
2025-06-30,ORIENTHOT,small,959
2025-06-30,PANACEABIO,small,960
2025-06-30,MONARCH,small,961
2025-06-30,KCP,small,962
2025-06-30,DIAMONDYD,small,963
2025-06-30,SUNDROP,small,964
2025-06-30,FLAIR,small,965
2025-06-30,PENIND,small,966
2025-06-30,KOLTEPATIL,small,967
2025-06-30,MBAPL,small,968
2025-06-30,SANDHAR,small,969
2025-06-30,SULA,small,970
2025-06-30,NUCLEUS,small,971
2025-06-30,AUTOAXLES,small,972
2025-06-30,PSPPROJECT,small,973
2025-06-30,HATHWAY,small,974
2025-06-30,XPROINDIA,small,975
2025-06-30,HGS,small,976
2025-06-30,MOBIKWIK,small,977
2025-06-30,CENTUM,small,978
2025-06-30,INDOTECH,small,979
2025-06-30,NILKAMAL,small,980
2025-06-30,FOSECOIND,small,981
2025-06-30,DELTACORP,small,982
2025-06-30,ZOTA,small,983
2025-06-30,SDBL,small,984
2025-06-30,RAMRAT,small,985
2025-06-30,NACLIND,small,986
2025-06-30,SENORES,small,987
2025-06-30,SASKEN,small,989
2025-06-30,SEPC,small,990
2025-06-30,KRSNAA,small,991
2025-06-30,MUTHOOTMF,small,992
2025-06-30,TASTYBITE,small,993
2025-06-30,AEROFLEX,small,994
2025-06-30,HONDAPOWER,small,995
2025-06-30,SCILAL,small,996
2025-06-30,PREMEXPLN,small,997
2025-06-30,SEAMECLTD,small,998
2025-06-30,HINDOILEXP,small,999
2025-06-30,INDOCO,small,1000
2025-06-30,BAJAJCON,small,1001
2025-06-30,WINDMACHIN,small,1002
2025-06-30,REPCOHOME,small,1003
2025-06-30,CARRARO,small,1004
2025-06-30,LUMAXIND,small,1005
2025-06-30,VPRPL,small,1006
2025-06-30,NRBBEARING,small,1007
2025-06-30,EVEREADY,small,1008
2025-06-30,VENKEYS,small,1009
2025-06-30,PIXTRANS,small,1010
2025-06-30,SANGHVIMOV,small,1011
2025-06-30,MANGCHEFER,small,1012
2025-06-30,DCW,small,1013
2025-06-30,GEOJITFSL,small,1015
2025-06-30,STOVEKRAFT,small,1016
2025-06-30,SOLARA,small,1017
2025-06-30,SAKSOFT,small,1018
2025-06-30,BAJEL,small,1019
2025-06-30,WEL,small,1020
2025-06-30,MAYURUNIQ,small,1021
2025-06-30,PFS,small,1022
2025-06-30,LAXMIDENTL,small,1023
2025-06-30,DOLLAR,small,1024
2025-06-30,MAHLOG,small,1025
2025-06-30,JNKINDIA,small,1026
2025-06-30,VIDHIING,small,1027
2025-06-30,EIHAHOTELS,small,1028
2025-06-30,TVSSRICHAK,small,1029
2025-06-30,EXICOM,small,1030
2025-06-30,HITECH,small,1031
2025-06-30,SUMMITSEC,small,1032
2025-06-30,PANAMAPET,small,1033
2025-06-30,MANGLMCEM,small,1034
2025-06-30,RELTD,small,1035
2025-06-30,SMLISUZU,small,1036
2025-06-30,JINDRILL,small,1037
2025-06-30,CANTABIL,small,1038
2025-06-30,JYOTISTRUC,small,1039
2025-06-30,HLEGLAS,small,1040
2025-06-30,RAJOOENG,small,1041
2025-06-30,PARAGMILK,small,1042
2025-06-30,IOLCP,small,1043
2025-06-30,KALAMANDIR,small,1044
2025-06-30,YASHO,small,1045
2025-06-30,SHALBY,small,1046
2025-06-30,NELCO,small,1048
2025-06-30,VIMTALABS,small,1051
2025-06-30,FINOPB,small,1052
2025-06-30,RAMCOIND,small,1053
2025-06-30,JUBLCPL,small,1054
2025-06-30,ASALCBR,small,1056
2025-06-30,FMGOETZE,small,1057
2025-06-30,CUPID,small,1058
2025-06-30,WENDT,small,1060
2025-06-30,GTLINFRA,small,1061
2025-06-30,FILATEX,small,1063
2025-06-30,NITINSPIN,small,1065
2025-06-30,UDS,small,1066
2025-06-30,SPANDANA,small,1067
2025-06-30,COSMOFIRST,small,1068
2025-06-30,AGIIL,small,1070
2025-06-30,PRECAM,small,1071
2025-06-30,ACCELYA,small,1073
2025-06-30,JAICORPLTD,small,1074
2025-06-30,RPTECH,small,1075
2025-06-30,KICL,small,1076
2025-06-30,RANEHOLDIN,small,1077
2025-06-30,STYLEBAAZA,small,1078
2025-06-30,POCL,small,1079
2025-06-30,IDEAFORGE,small,1080
2025-06-30,SPAL,small,1081
2025-06-30,RAJRATAN,small,1082
2025-06-30,QUADFUTURE,small,1083
2025-06-30,INSECTICID,small,1084
2025-06-30,SOMANYCERA,small,1085
2025-06-30,SANGAMIND,small,1086
2025-06-30,WINDLAS,small,1088
2025-06-30,QUICKHEAL,small,1089
2025-06-30,MOTISONS,small,1091
2025-06-30,MANINDS,small,1092
2025-06-30,UNITECH,small,1093
2025-06-30,THEJO,small,1094
2025-06-30,LANDMARK,small,1095
2025-06-30,NIBE,small,1096
2025-06-30,INDIANHUME,small,1097
2025-06-30,CARYSIL,small,1098
2025-06-30,AMRUTANJAN,small,1099
2025-06-30,CONFIPET,small,1100
2025-06-30,UNIVCABLES,small,1102
2025-06-30,MOL,small,1103
2025-06-30,TARSONS,small,1105
2025-06-30,BFINVEST,small,1106
2025-06-30,HINDWAREAP,small,1107
2025-06-30,SMSPHARMA,small,1108
2025-06-30,HIMATSEIDE,small,1109
2025-06-30,INDOTHAI,small,1110
2025-06-30,STANLEY,small,1111
2025-06-30,VSSL,small,1112
2025-06-30,STEELCAS,small,1113
2025-06-30,BAJAJHCARE,small,1114
2025-06-30,SALZERELEC,small,1115
2025-06-30,HIRECT,small,1117
2025-06-30,IPL,small,1118
2025-06-30,NDRAUTO,small,1119
2025-06-30,NIITLTD,small,1120
2025-06-30,DREDGECORP,small,1121
2025-06-30,TATVA,small,1122
2025-06-30,MOLDTKPAC,small,1123
2025-06-30,DAMCAPITAL,small,1125
2025-06-30,VINDHYATEL,small,1126
2025-06-30,GEPIL,small,1128
2025-06-30,MMFL,small,1130
2025-06-30,PARACABLES,small,1131
2025-06-30,KMEW,small,1132
2025-06-30,DYCL,small,1133
2025-06-30,APCOTEXIND,small,1134
2025-06-30,SESHAPAPER,small,1135
2025-06-30,SANSTAR,small,1136
2025-06-30,DEEDEV,small,1137
2025-06-30,UGROCAP,small,1138
2025-06-30,APOLLOPIPE,small,1139
2025-06-30,TTKHLTCARE,small,1140
2025-06-30,TIL,small,1143
2025-06-30,TINNARUBR,small,1144
2025-06-30,KRISHANA,small,1146
2025-06-30,IKIO,small,1147
2025-06-30,RAMASTEEL,small,1148
2025-06-30,HMAAGRO,small,1149
2025-06-30,SALASAR,small,1150
2025-06-30,SYNCOMF,small,1151
2025-06-30,SIMPLEXINF,small,1152
2025-06-30,IGARASHI,small,1153
2025-06-30,ARIHANTSUP,small,1154
2025-06-30,NAVKARCORP,small,1155
2025-06-30,PNBGILTS,small,1156
2025-06-30,KERNEX,small,1157
2025-06-30,SURAJEST,small,1158
2025-06-30,DEN,small,1159
2025-06-30,SATIN,small,1160
2025-06-30,VAKRANGEE,small,1161
2025-06-30,DLINKINDIA,small,1163
2025-06-30,SHANKARA,small,1164
2025-06-30,ADOR,small,1166
2025-06-30,TALBROAUTO,small,1167
2025-06-30,WHEELS,small,1168
2025-06-30,SIRCA,small,1169
2025-06-30,RUPA,small,1170
2025-06-30,DOLATALGO,small,1171
2025-06-30,SPIC,small,1172
2025-06-30,CLSEL,small,1173
2025-06-30,TFCILTD,small,1174
2025-06-30,GRMOVER,small,1175
2025-06-30,ESAFSFB,small,1176
2025-06-30,SURAKSHA,small,1178
2025-06-30,EXPLEOSOL,small,1179
2025-06-30,ORIENTTECH,small,1180
2025-06-30,AWHCL,small,1182
2025-06-30,BLSE,small,1183
2025-06-30,DIVGIITTS,small,1184
2025-06-30,JAGRAN,small,1185
2025-06-30,GANDHAR,small,1186
2025-06-30,GMBREW,small,1187
2025-06-30,GREENPOWER,small,1188
2025-06-30,UDAICEMENT,small,1189
2025-06-30,GOCLCORP,small,1190
2025-06-30,VERANDA,small,1191
2025-06-30,ASTEC,small,1192
2025-06-30,MASTERTR,small,1193
2025-06-30,PLATIND,small,1194
2025-06-30,OMAXE,small,1195
2025-06-30,HUHTAMAKI,small,1196
2025-06-30,MUKANDLTD,small,1198
2025-06-30,ANDHRAPAP,small,1199
2025-06-30,THEMISMED,small,1200
2025-06-30,ROTO,small,1201
2025-06-30,UNIPARTS,small,1202
2025-06-30,SABTNL,small,1203
2025-06-30,BIRLANU,small,1205
2025-06-30,GPTINFRA,small,1206
2025-06-30,AGARIND,small,1210
2025-06-30,MICEL,small,1211
2025-06-30,SANGHIIND,small,1212
2025-06-30,HESTERBIO,small,1213
2025-06-30,EKC,small,1214
2025-06-30,ARMANFIN,small,1218
2025-06-30,GRPLTD,small,1219
2025-06-30,JAGSNPHARM,small,1222
2025-06-30,SIGACHI,small,1223
2025-06-30,IFGLEXPOR,small,1224
2025-06-30,DCMSRIND,small,1228
2025-06-30,DREAMFOLKS,small,1229
2025-06-30,DOLPHIN,small,1232
2025-06-30,GNA,small,1233
2025-06-30,BSHSL,small,1234
2025-06-30,NITCO,small,1235
2025-06-30,ALLDIGI,small,1236
2025-06-30,INDNIPPON,small,1237
2025-06-30,SHRIRAMPPS,small,1238
2025-06-30,DSSL,small,1239
2025-06-30,MSPL,small,1240
2025-06-30,CIFL,small,1241
2025-06-30,BLISSGVS,small,1242
2025-06-30,BLKASHYAP,small,1244
2025-06-30,ARISINFRA,small,1245
2025-06-30,RGL,small,1248
2025-06-30,YATRA,small,1249
2025-06-30,ONEPOINT,small,1250
2025-06-30,ECOSMOBLTY,small,1251
2025-06-30,IGPL,small,1252
2025-06-30,EXCELINDUS,small,1254
2025-06-30,RAMCOSYS,small,1256
2025-06-30,MADRASFERT,small,1257
2025-06-30,SIGNPOST,small,1258
2025-06-30,RIIL,small,1259
2025-06-30,JGCHEM,small,1260
2025-06-30,STERTOOLS,small,1263
2025-06-30,UNIECOM,small,1264
2025-06-30,TEXINFRA,small,1265
2025-06-30,SPMLINFRA,small,1267
2025-06-30,ATULAUTO,small,1269
2025-06-30,ALICON,small,1270
2025-06-30,ASIANENE,small,1271
2025-06-30,SURYODAY,small,1272
2025-06-30,HEUBACHIND,small,1274
2025-06-30,ROSSTECH,small,1275
2025-06-30,DPSCLTD,small,1276
2025-06-30,AMNPLST,small,1277
2025-06-30,SMCGLOBAL,small,1278
2025-06-30,CAPITALSFB,small,1279
2025-06-30,RAJRILTD,small,1280
2025-06-30,VINCOFE,small,1281
2025-06-30,AYMSYNTEX,small,1282
2025-06-30,MUFIN,small,1283
2025-06-30,IMPAL,small,1284
2025-06-30,TBZ,small,1287
2025-06-30,GTPL,small,1288
2025-06-30,GPTHEALTH,small,1289
2025-06-30,MONTECARLO,small,1291
2025-06-30,BHARATWIRE,small,1292
2025-06-30,WALCHANNAG,small,1293
2025-06-30,ICEMAKE,small,1294
2025-06-30,ESTER,small,1295
2025-06-30,BOROSCI,small,1296
2025-06-30,SPORTKING,small,1297
2025-06-30,HARIOMPIPE,small,1298
2025-06-30,RML,small,1299
2025-06-30,HITECHGEAR,small,1300
2025-06-30,ELECTHERM,small,1301
2025-06-30,BARBEQUE,small,1303
2025-06-30,FAIRCHEMOR,small,1305
2025-06-30,OMINFRAL,small,1307
2025-06-30,LINCOLN,small,1308
2025-06-30,GENSOL,small,1309
2025-06-30,KELLTONTEC,small,1311
2025-06-30,BCLIND,small,1312
2025-06-30,5PAISA,small,1313
2025-06-30,IRMENERGY,small,1314
2025-06-30,CHEMFAB,small,1315
2025-06-30,DISHTV,small,1316
2025-06-30,BUTTERFLY,small,1317
2025-06-30,KABRAEXTRU,small,1318
2025-06-30,PUNJABCHEM,small,1320
2025-06-30,DVL,small,1321
2025-06-30,CEWATER,small,1324
2025-06-30,YUKEN,small,1325
2025-06-30,GALAPREC,small,1326
2025-06-30,LGHL,small,1327
2025-06-30,CENTRUM,small,1328
2025-06-30,SUYOG,small,1329
2025-06-30,VHL,small,1330
2025-06-30,MATRIMONY,small,1331
2025-06-30,OAL,small,1332
2025-06-30,ADSL,small,1333
2025-06-30,KROSS,small,1334
2025-06-30,GULPOLY,small,1336
2025-06-30,HERANBA,small,1337
2025-06-30,GKWLIMITED,small,1338
2025-06-30,MVGJL,small,1339
2025-06-30,LIKHITHA,small,1340
2025-06-30,KOKUYOCMLN,small,1342
2025-06-30,CREST,small,1343
2025-06-30,WEALTH,small,1344
2025-06-30,JITFINFRA,small,1346
2025-06-30,PDMJEPAPER,small,1347
2025-06-30,SHREDIGCEM,small,1349
2025-06-30,CENTENKA,small,1350
2025-06-30,HEXATRADEX,small,1351
2025-06-30,FAZE3Q,small,1352
2025-06-30,BLUSPRING,small,1353
2025-06-30,GODAVARIB,small,1354
2025-06-30,RKSWAMY,small,1355
2025-06-30,RADHIKAJWE,small,1356
2025-06-30,SCODATUBES,small,1358
2025-06-30,CREATIVE,small,1359
2025-06-30,DHANBANK,small,1360
2025-06-30,SBGLP,small,1361
2025-06-30,XCHANGING,small,1363
2025-06-30,OSWALGREEN,small,1364
2025-06-30,CONTROLPR,small,1365
2025-06-30,EIMCOELECO,small,1367
2025-06-30,UNIENTER,small,1368
2025-06-30,GARUDA,small,1370
2025-06-30,DIFFNKG,small,1371
2025-06-30,INDORAMA,small,1372
2025-06-30,DECCANCE,small,1374
2025-06-30,ANDHRSUGAR,small,1375
2025-06-30,STEELXIND,small,1376
2025-06-30,AEROENTER,small,1378
2025-06-30,TNPL,small,1379
2025-06-30,TVTODAY,small,1382
2025-06-30,OSWALAGRO,small,1383
2025-06-30,AFSL,small,1385
2025-06-30,RISHABH,small,1386
2025-06-30,MANALIPETC,small,1387
2025-06-30,ROHLTD,small,1388
2025-06-30,VASCONEQ,small,1390
2025-06-30,PPL,small,1391
2025-06-30,BIGBLOC,small,1392
2025-06-30,SRHHYPOLTD,small,1395
2025-06-30,SAURASHCEM,small,1396
2025-06-30,MUKKA,small,1399
2025-06-30,SHIVALIK,small,1400
2025-06-30,SWELECTES,small,1402
2025-06-30,RICOAUTO,small,1403
2025-06-30,AVTNPL,small,1404
2025-06-30,MAMATA,small,1405
2025-06-30,INDOAMIN,small,1408
2025-06-30,ACLGATI,small,1409
2025-06-30,BIRLAMONEY,small,1410
2025-06-30,PENINLAND,small,1411
2025-06-30,JPASSOCIAT,small,1412
2025-06-30,UTTAMSUGAR,small,1413
2025-06-30,KUANTUM,small,1414
2025-06-30,KSOLVES,small,1415
2025-06-30,GICHSGFIN,small,1416
2025-06-30,DHUNINV,small,1417
2025-06-30,KOTHARIPET,small,1418
2025-06-30,MACPOWER,small,1422
2025-06-30,WCIL,small,1426
2025-06-30,ARROWGREEN,small,1427
2025-06-30,MAXIND,small,1428
2025-06-30,AVADHSUGAR,small,1429
2025-06-30,MUFTI,small,1430
2025-06-30,SELAN,small,1432
2025-06-30,NELCAST,small,1433
2025-06-30,KAMDHENU,small,1434
2025-06-30,SANDESH,small,1435
2025-06-30,SHREEPUSHK,small,1436
2025-06-30,ANUHPHR,small,1438
2025-06-30,HLVLTD,small,1439
2025-06-30,PARSVNATH,small,1440
2025-06-30,KECL,small,1441
2025-06-30,ZEEMEDIA,small,1443
2025-06-30,NCLIND,small,1444
2025-06-30,SHALPAINTS,small,1445
2025-06-30,SNOWMAN,small,1448
2025-06-30,VALIANTORG,small,1450
2025-06-30,DHAMPURSUG,small,1453
2025-06-30,KRISHIVAL,small,1456
2025-06-30,KOPRAN,small,1457
2025-06-30,SILVERTUC,small,1460
2025-06-30,PAKKA,small,1461
2025-06-30,RACLGEAR,small,1463
2025-06-30,NDTV,small,1464
2025-06-30,MAGADSUGAR,small,1465
2025-06-30,BESTAGRO,small,1468
2025-06-30,BAJAJINDEF,small,1469
2025-06-30,NINSYS,small,1472
2025-06-30,BLAL,small,1473
2025-06-30,EVERESTIND,small,1475
2025-06-30,NAHARSPING,small,1476
2025-06-30,ZUARI,small,1477
2025-06-30,PVSL,small,1478
2025-06-30,APTECHT,small,1479
2025-06-30,INDOFARM,small,1480
2025-06-30,SUBEXLTD,small,1481
2025-06-30,INFOBEAN,small,1482
2025-06-30,SASTASUNDR,small,1483
2025-06-30,GANDHITUBE,small,1484
2025-06-30,GANESHBE,small,1485
2025-06-30,VLSFINANCE,small,1488
2025-06-30,RITCO,small,1489
2025-06-30,SRM,small,1492
2025-06-30,AMBIKCO,small,1493
2025-06-30,TREL,small,1494
2025-06-30,DWARKESH,small,1495
2025-06-30,BODALCHEM,small,1496
2025-06-30,ASAL,small,1498
2025-06-30,VLEGOV,small,1499
2025-06-30,ZUARIIND,small,1500
2025-06-30,GEECEE,small,1501
2025-06-30,JPOLYINVST,small,1502
2025-06-30,GHCLTEXTIL,small,1503
2025-06-30,VHLTD,small,1505
2025-06-30,PRIMESECU,small,1506
2025-06-30,WANBURY,small,1507
2025-06-30,BIL,small,1508
2025-06-30,DENTA,small,1516
2025-06-30,SADHNANIQ,small,1517
2025-06-30,RATNAVEER,small,1518
2025-06-30,STCINDIA,small,1519
2025-06-30,ARIHANTCAP,small,1520
2025-06-30,THEINVEST,small,1522
2025-06-30,SATIA,small,1524
2025-06-30,JINDALPHOT,small,1525
2025-06-30,BALAJITELE,small,1526
2025-06-30,SARLAPOLY,small,1527
2025-06-30,MUNJALAU,small,1528
2025-06-30,KRYSTAL,small,1530
2025-06-30,INNOVANA,small,1532
2025-06-30,MALLCOM,small,1533
2025-06-30,NGLFINE,small,1534
2025-06-30,DHARMAJ,small,1535
2025-06-30,JAYBARMARU,small,1536
2025-06-30,ELDEHSG,small,1537
2025-06-30,JAYAGROGN,small,1540
2025-06-30,ASIANTILES,small,1542
2025-06-30,BHAGERIA,small,1543
2025-06-30,ELIN,small,1544
2025-06-30,BGRENERGY,small,1545
2025-06-30,LINC,small,1546
2025-06-30,URJA,small,1548
2025-06-30,KAMATHOTEL,small,1549
2025-06-30,MANAKCOAT,small,1551
2025-06-30,DMCC,small,1553
2025-06-30,20MICRONS,small,1554
2025-06-30,SURAJLTD,small,1555
2025-06-30,RSWM,small,1556
2025-06-30,RUSHIL,small,1558
2025-06-30,AURUM,small,1559
2025-06-30,STEL,small,1560
2025-06-30,CHEMCON,small,1561
2025-06-30,PROSTARM,small,1562
2025-06-30,IRIS,small,1565
2025-06-30,SUTLEJTEX,small,1566
2025-06-30,FOODSIN,small,1569
2025-06-30,SARVESHWAR,small,1570
2025-06-30,MANBA,small,1571
2025-06-30,ATL,small,1573
2025-06-30,APEX,small,1574
2025-06-30,SCHAND,small,1575
2025-06-30,REPRO,small,1576
2025-06-30,RUBYMILLS,small,1577
2025-06-30,DBEIL,small,1578
2025-06-30,TNPETRO,small,1579
2025-06-30,SICALLOG,small,1580
2025-06-30,MINDTECK,small,1582
2025-06-30,SGIL,small,1583
2025-06-30,TVSELECT,small,1584
2025-06-30,GFLLIMITED,small,1585
2025-06-30,RADIANTCMS,small,1586
2025-06-30,ENIL,small,1587
2025-06-30,HARDWYN,small,1589
2025-06-30,ASIANHOTNR,small,1590
2025-06-30,GLOSTERLTD,small,1591
2025-06-30,CCCL,small,1592
2025-06-30,HINDCOMPOS,small,1593
2025-06-30,MMP,small,1594
2025-06-30,SBC,small,1596
2025-06-30,LIBERTSHOE,small,1597
2025-06-30,CSLFINANCE,small,1598
2025-06-30,PVP,small,1599
2025-06-30,TRANSWORLD,small,1601
2025-06-30,FOCUS,small,1602
2025-06-30,SUKHJITS,small,1604
2025-06-30,ZODIAC,small,1605
2025-06-30,PRIMO,small,1606
2025-06-30,SPECIALITY,small,1607
2025-06-30,TPLPLASTEH,small,1609
2025-06-30,VISAKAIND,small,1610
2025-06-30,PREMIERPOL,small,1612
2025-06-30,CHEVIOT,small,1613
2025-06-30,ONWARDTEC,small,1616
2025-06-30,ORICONENT,small,1618
2025-06-30,TRACXN,small,1619
2025-06-30,RBZJEWEL,small,1623
2025-06-30,GVKPIL,small,1624
2025-06-30,HMVL,small,1628
2025-06-30,SPENCERS,small,1630
2025-06-30,KRITI,small,1631
2025-06-30,KHAICHEM,small,1632
2025-06-30,RPPINFRA,small,1633
2025-06-30,NECLIFE,small,1634
2025-06-30,SAKAR,small,1635
2025-06-30,NBIFIN,small,1636
2025-06-30,TEMBO,small,1637
2025-06-30,STALLION,small,1638
2025-06-30,CONSOFINVT,small,1640
2025-06-30,PYRAMID,small,1641
2025-06-30,SILINV,small,1643
2025-06-30,ESSARSHPNG,small,1644
2025-06-30,COFFEEDAY,small,1646
2025-06-30,DONEAR,small,1647
2025-06-30,BORANA,small,1649
2025-06-30,ABINFRA,small,1650
2025-06-30,MENONBE,small,1651
2025-06-30,NAHARPOLY,small,1656
2025-06-30,DICIND,small,1657
2025-06-30,KRONOX,small,1659
2025-06-30,TICL,small,1664
2025-06-30,PRECOT,small,1665
2025-06-30,SVLL,small,1668
2025-06-30,KILITCH,small,1669
2025-06-30,AVONMORE,small,1671
2025-06-30,ACL,small,1672
2025-06-30,MEDICAMEQ,small,1674
2025-06-30,EMAMIPAP,small,1678
2025-06-30,ONMOBILE,small,1679
2025-06-30,ORIENTPPR,small,1682
2025-06-30,VRAJ,small,1683
2025-06-30,EMKAY,small,1684
2025-06-30,NDL,small,1685
2025-06-30,IITL,small,1686
2025-06-30,INDOBORAX,small,1687
2025-06-30,VIKASLIFE,small,1688
2025-06-30,TOLINS,small,1689
2025-06-30,ADVANIHOTR,small,1690
2025-06-30,BHARATSE,small,1691
2025-06-30,SWANDEF,small,1697
2025-06-30,MBLINFRA,small,1700
2025-06-30,MAANALU,small,1701
2025-06-30,HERCULES,small,1702
2025-06-30,SREEL,small,1704
2025-06-30,HINDMOTORS,small,1707
2025-06-30,INDSWFTLAB,small,1709
2025-06-30,KRITINUT,small,1710
2025-06-30,MEGASOFT,small,1711
2025-06-30,BEDMUTHA,small,1712
2025-06-30,UGARSUGAR,small,1713
2025-06-30,SKMEGGPROD,small,1715
2025-06-30,MAZDA,small,1719
2025-06-30,ALBERTDAVD,small,1720
2025-06-30,PLASTIBLEN,small,1725
2025-06-30,VINYLINDIA,small,1726
2025-06-30,CYBERTECH,small,1727
2025-06-30,PTL,small,1729
2025-06-30,DIGISPICE,small,1731
2025-06-30,GSLSU,small,1732
2025-06-30,ASHIMASYN,small,1733
2025-06-30,NRL,small,1734
2025-06-30,DBOL,small,1735
2025-06-30,IFBAGRO,small,1736
2025-06-30,WSI,small,1737
2025-06-30,PAVNAIND,small,1740
2025-06-30,PROZONER,small,1742
2025-06-30,HPAL,small,1743
2025-06-30,SHREERAMA,small,1746
2025-06-30,AFFORDABLE,small,1747
2025-06-30,VARDMNPOLY,small,1748
2025-06-30,WAAREEINDO,small,1749
2025-06-30,MUNJALSHOW,small,1751
2025-06-30,INTLCONV,small,1752
2025-06-30,BIRLACABLE,small,1753
2025-06-30,NAHARINDUS,small,1754
2025-06-30,ASMS,small,1755
2025-06-30,CLEDUCATE,small,1756
2025-06-30,SOFTTECH,small,1757
2025-06-30,IL&FSENGG,small,1759
2025-06-30,NILASPACES,small,1762
2025-06-30,SAKUMA,small,1766
2025-06-30,GENUSPAPER,small,1767
2025-06-30,IZMO,small,1770
2025-06-30,HCL-INSYS,small,1771
2025-06-30,EIFFL,small,1772
2025-06-30,XTGLOBAL,small,1773
2025-06-30,KHADIM,small,1775
2025-06-30,IRISDOREME,small,1776
2025-06-30,URAVIDEF,small,1777
2025-06-30,RACE,small,1778
2025-06-30,NRAIL,small,1779
2025-06-30,GOKUL,small,1781
2025-06-30,NOVAAGRI,small,1782
2025-06-30,MEDICO,small,1783
2025-06-30,SINCLAIR,small,1784
2025-06-30,MODISONLTD,small,1786
2025-06-30,KOTHARIPRO,small,1787
2025-06-30,FCSSOFT,small,1788
2025-06-30,MANAKSIA,small,1792
2025-06-30,ORBTEXP,small,1793
2025-06-30,KAPSTON,small,1796
2025-06-30,BANSWRAS,small,1797
2025-06-30,MUTHOOTCAP,small,1799
2025-06-30,RCOM,small,1801
2025-06-30,TARACHAND,small,1802
2025-06-30,GOACARBON,small,1803
2025-06-30,ZIMLAB,small,1804
2025-06-30,FILATFASH,small,1805
2025-06-30,SRGHFL,small,1807
2025-06-30,UNIDT,small,1808
2025-06-30,DENORA,small,1809
2025-06-30,NAHARCAP,small,1810
2025-06-30,SPCENET,small,1811
2025-06-30,VIKASECO,small,1813
2025-06-30,ORIENTCER,small,1814
2025-06-30,MGEL,small,1816
2025-06-30,SUMIT,small,1818
2025-06-30,VENUSREM,small,1820
2025-06-30,HTMEDIA,small,1821
2025-06-30,SEJALLTD,small,1822
2025-06-30,REMSONSIND,small,1823
2025-06-30,OCCLLTD,small,1824
2025-06-30,S&SPOWER,small,1827
2025-06-30,ALANKIT,small,1828
2025-06-30,AARTISURF,small,1832
2025-06-30,RAMANEWS,small,1833
2025-06-30,MIRZAINT,small,1835
2025-06-30,BALAJEE,small,1837
2025-06-30,TIRUPATIFL,small,1839
2025-06-30,VALIANTLAB,small,1842
2025-06-30,MOLDTECH,small,1844
2025-06-30,LYKALABS,small,1845
2025-06-30,NILAINFRA,small,1846
2025-06-30,3IINFOLTD,small,1848
2025-06-30,KCPSUGIND,small,1850
2025-06-30,ASAHISONG,small,1852
2025-06-30,DAVANGERE,small,1853
2025-06-30,BCONCEPTS,small,1854
2025-06-30,EMAMIREAL,small,1857
2025-06-30,VISASTEEL,small,1859
2025-06-30,SRD,small,1860
2025-06-30,BYKE,small,1861
2025-06-30,ALMONDZ,small,1862
2025-06-30,MAHASTEEL,small,1863
2025-06-30,PASUPTAC,small,1864
2025-06-30,BPL,small,1867
2025-06-30,THOMASCOTT,small,1868
2025-06-30,GEEKAYWIRE,small,1869
2025-06-30,TRF,small,1871
2025-06-30,DJML,small,1873
2025-06-30,KANORICHEM,small,1877
2025-06-30,HARRMALAYA,small,1879
2025-06-30,AVG,small,1880
2025-06-30,SHIVAMAUTO,small,1882
2025-06-30,GUJAPOLLO,small,1888
2025-06-30,RHL,small,1889
2025-06-30,SSDL,small,1890
2025-06-30,RUBFILA,small,1891
2025-06-30,ORIENTBELL,small,1892
2025-06-30,NDGL,small,1896
2025-06-30,DCI,small,1897
2025-06-30,APCL,small,1898
2025-06-30,KAMOPAINTS,small,1900
2025-06-30,LORDSCHLO,small,1901
2025-06-30,MANORG,small,1902
2025-06-30,DPWIRES,small,1904
2025-06-30,DIAMINESQ,small,1908
2025-06-30,REPL,small,1909
2025-06-30,KAYA,small,1913
2025-06-30,BROOKS,small,1915
2025-06-30,PANACHE,small,1917
2025-06-30,NAGAFERT,small,1918
2025-06-30,RVTH,small,1919
2025-06-30,AARON,small,1920
2025-06-30,MIRCELECTR,small,1921
2025-06-30,LOKESHMACH,small,1922
2025-06-30,UNITEDPOLY,small,1923
2025-06-30,UYFINCORP,small,1924
2025-06-30,ELGIRUBCO,small,1925
2025-06-30,RAMAPHO,small,1926
2025-06-30,SMSLIFE,small,1928
2025-06-30,MANAKSTEEL,small,1929
2025-06-30,MCLEODRUSS,small,1930
2025-06-30,RUCHIRA,small,1931
2025-06-30,INDOUS,small,1932
2025-06-30,IEL,small,1934
2025-06-30,SINTERCOM,small,1940
2025-06-30,SUPREME,small,1941
2025-06-30,COMSYN,small,1943
2025-06-30,INSPIRISYS,small,1946
2025-06-30,MAWANASUG,small,1947
2025-06-30,MAHEPC,small,1948
2025-06-30,SOUTHWEST,small,1949
2025-06-30,NIPPOBATRY,small,1953
2025-06-30,ARIES,small,1954
2025-06-30,DYNPRO,small,1955
2025-06-30,VARDHACRLC,small,1956
2025-06-30,AIRAN,small,1957
2025-06-30,APOLSINHOT,small,1962
2025-06-30,RAJTV,small,1965
2025-06-30,RADIOCITY,small,1969
2025-06-30,EXXARO,small,1970
2025-06-30,ROSSELLIND,small,1971
2025-06-30,AXITA,small,1975
2025-06-30,PILITA,small,1976
2025-06-30,GLOBALVECT,small,1977
2025-06-30,CHEMBOND,small,1978
2025-06-30,SHRADHA,small,1979
2025-06-30,PANSARI,small,1981
2025-06-30,SUNDRMBRAK,small,1982
2025-06-30,BBTCL,small,1986
2025-06-30,BALAXI,small,1988
2025-06-30,UCAL,small,1990
2025-06-30,HITECHCORP,small,1993
2025-06-30,VIPCLOTHNG,small,1994
2025-06-30,OILCOUNTUB,small,1997
2025-06-30,SCPL,small,1999
2025-06-30,PIGL,small,2000
2025-06-30,NAVKARURB,small,2001
2025-06-30,MANCREDIT,small,2003
2025-06-30,PODDARMENT,small,2004
2025-06-30,RVHL,small,2005
2025-06-30,OSIAHYPER,small,2007
2025-06-30,DCMNVL,small,2008
2025-06-30,CPCAP,small,2009
2025-06-30,AUTOIND,small,2011
2025-06-30,AARVEEDEN,small,2013
2025-06-30,MANOMAY,small,2014
2025-06-30,NATHBIOGEN,small,2018
2025-06-30,AFIL,small,2021
2025-06-30,TREJHARA,small,2023
2025-06-30,CINELINE,small,2025
2025-06-30,SHEMAROO,small,2026
2025-06-30,KANPRPLA,small,2028
2025-06-30,SIGMA,small,2030
2025-06-30,KOTARISUG,small,2035
2025-06-30,A2ZINFRA,small,2037
2025-06-30,PRITIKAUTO,small,2038
2025-06-30,WELINV,small,2040
2025-06-30,VSTL,small,2041
2025-06-30,TTL,small,2047
2025-06-30,DRCSYSTEMS,small,2048
2025-06-30,IVC,small,2049
2025-06-30,SAHYADRI,small,2052
2025-06-30,MARALOVER,small,2057
2025-06-30,ATLANTAA,small,2059
2025-06-30,UFO,small,2064
2025-06-30,JAYSREETEA,small,2065
2025-06-30,GLOBAL,small,2066
2025-06-30,SAKHTISUG,small,2067
2025-06-30,ANIKINDS,small,2073
2025-06-30,STARTECK,small,2075
2025-06-30,UNIVASTU,small,2077
2025-06-30,MODIRUBBER,small,2082
2025-06-30,PONNIERODE,small,2084
2025-06-30,TERASOFT,small,2085
2025-06-30,DHARAN,small,2086
2025-06-30,UMAEXPORTS,small,2090
2025-06-30,COASTCORP,small,2096
2025-06-30,DEVIT,small,2098
2025-06-30,CCHHL,small,2101
2025-06-30,PPAP,small,2103
2025-06-30,SHREYANIND,small,2105
2025-06-30,ZODIACLOTH,small,2107
2025-06-30,STARPAPER,small,2108
2025-06-30,SURANAT&P,small,2111
2025-06-30,DGCONTENT,small,2112
2025-06-30,ESSENTIA,small,2114
2025-06-30,PLAZACABLE,small,2115
2025-06-30,BRNL,small,2116
2025-06-30,NURECA,small,2118
2025-06-30,KMSUGAR,small,2119
2025-06-30,MKPL,small,2122
2025-06-30,TRIGYN,small,2124
2025-06-30,MEGASTAR,small,2129
2025-06-30,AGSTRA,small,2130
2025-06-30,SHIVATEX,small,2132
2025-06-30,ABAN,small,2134
2025-06-30,SUPREMEINF,small,2135
2025-06-30,NDLVENTURE,small,2137
2025-06-30,SADBHAV,small,2139
2025-06-30,NITIRAJ,small,2140
2025-06-30,KRITIKA,small,2143
2025-06-30,BASML,small,2144
2025-06-30,INDOWIND,small,2145
2025-06-30,BHAGYANGR,small,2152
2025-06-30,NIRAJ,small,2154
2025-06-30,VIRINCHI,small,2155
2025-06-30,ZEELEARN,small,2158
2025-06-30,NECCLTD,small,2165
2025-06-30,SETCO,small,2166
2025-06-30,WORTH,small,2169
2025-06-30,AHLEAST,small,2171
2025-06-30,GILLANDERS,small,2172
2025-06-30,RSSOFTWARE,small,2177
2025-06-30,MHLXMIRU,small,2184
2025-06-30,MURUDCERA,small,2192
2025-06-30,RANASUG,small,2193
2025-06-30,INTENTECH,small,2196
2025-06-30,KALYANIFRG,small,2197
2025-06-30,TIPSFILMS,small,2198
2025-06-30,VISHWARAJ,small,2199
2025-06-30,GINNIFILA,small,2202
2025-06-30,USK,small,2203
2025-06-30,CORDSCABLE,small,2204
2025-06-30,SAH,small,2209
2025-06-30,UNIVPHOTO,small,2212
2025-06-30,LAL,small,2213
2025-06-30,ALPA,small,2215
2025-06-30,GULFPETRO,small,2216
2025-06-30,NATCAPSUQ,small,2221
2025-06-30,GOLDTECH,small,2222
2025-06-30,PKTEA,small,2223
2025-06-30,AMJLAND,small,2232
2025-06-30,EQUIPPP,small,2233
2025-06-30,VETO,small,2241
2025-06-30,ASPINWALL,small,2242
2025-06-30,TAINWALCHM,small,2249
2025-06-30,UNITEDTEA,small,2250
2025-06-30,DTIL,small,2259
2025-06-30,RUCHINFRA,small,2260
2025-06-30,AVROIND,small,2262
2025-06-30,PRAXIS,small,2263
2025-06-30,SHAH,small,2264
2025-06-30,RPPL,small,2270
2025-06-30,SOMICONVEY,small,2271
2025-06-30,EMMBI,small,2272
2025-06-30,AARTECH,small,2276
2025-06-30,CROWN,small,2278
2025-06-30,DUCON,small,2279
2025-06-30,JMA,small,2281
2025-06-30,OCCL,small,2286
2025-06-30,MAGNUM,small,2291
2025-06-30,OMAXAUTO,small,2293
2025-06-30,SHYAMCENT,small,2296
2025-06-30,AKSHARCHEM,small,2297
2025-06-30,KEYFINSERV,small,2298
2025-06-30,LAGNAM,small,2299
2025-06-30,RHFL,small,2309
2025-06-30,DCM,small,2311
2025-06-30,ARCHIDPLY,small,2312
2025-06-30,VIPULLTD,small,2313
2025-06-30,SONAMLTD,small,2314
2025-06-30,SUPERHOUSE,small,2316
2025-06-30,HINDCON,small,2318
2025-06-30,ALPHAGEO,small,2324
2025-06-30,GENCON,small,2325
2025-06-30,RKEC,small,2326
2025-06-30,INCREDIBLE,small,2329
2025-06-30,ISFT,small,2330
2025-06-30,SMLT,small,2338
2025-06-30,LANCORHOL,small,2339
2025-06-30,BAFNAPH,small,2341
2025-06-30,WEIZMANIND,small,2346
2025-06-30,SADBHIN,small,2347
2025-06-30,BSL,small,2348
2025-06-30,SIKKO,small,2349
2025-06-30,IVP,small,2351
2025-06-30,KREBSBIO,small,2352
2025-06-30,HINDNATGLS,small,2353
2025-06-30,SURANASOL,small,2355
2025-06-30,MUKTAARTS,small,2356
2025-06-30,INVENTURE,small,2363
2025-06-30,CORALFINAC,small,2364
2025-06-30,MAHESHWARI,small,2367
2025-06-30,INDIANCARD,small,2368
2025-06-30,INDTERRAIN,small,2373
2025-06-30,TEXMOPIPES,small,2377
2025-06-30,MAHAPEXLTD,small,2378
2025-06-30,ARVEE,small,2381
2025-06-30,COMPUSOFT,small,2382
2025-06-30,HILTON,small,2383
2025-06-30,DELPHIFX,small,2385
2025-06-30,MANAKALUCO,small,2387
2025-06-30,KESORAMIND,small,2391
2025-06-30,AARVI,small,2395
2025-06-30,HDIL,small,2398
2025-06-30,SIGIND,small,2399
2025-06-30,RAJMET,small,2405
2025-06-30,DHRUV,small,2406
2025-06-30,GVPTECH,small,2414
2025-06-30,SALSTEEL,small,2418
2025-06-30,ATALREAL,small,2420
2025-06-30,BALPHARMA,small,2424
2025-06-30,CENTEXT,small,2435
2025-06-30,PRAENG,small,2436
2025-06-30,CAPTRUST,small,2437
2025-06-30,GANGESSECU,small,2441
2025-06-30,AIROLAM,small,2442
2025-06-30,RAJSREESUG,small,2443
2025-06-30,SMARTLINK,small,2445
2025-06-30,PAR,small,2446
2025-06-30,XELPMOC,small,2447
2025-06-30,AKSHOPTFBR,small,2449
2025-06-30,TIMESGTY,small,2452
2025-06-30,INDBANK,small,2453
2025-06-30,MODTHREAD,small,2460
2025-06-30,STEELCITY,small,2462
2025-06-30,WIPL,small,2471
2025-06-30,HPIL,small,2474
2025-06-30,GTL,small,2475
2025-06-30,YAARI,small,2476
2025-06-30,PRUDMOULI,small,2478
2025-06-30,TAKE,small,2481
2025-06-30,VAISHALI,small,2487
2025-06-30,JOCIL,small,2493
2025-06-30,LOVABLE,small,2496
2025-06-30,BAGFILMS,small,2503
2025-06-30,LOTUSEYE,small,2515
2025-06-30,MANGALAM,small,2517
2025-06-30,ODIGMA,small,2518
2025-06-30,BTML,small,2522
2025-06-30,AAREYDRUGS,small,2526
2025-06-30,TPHQ,small,2528
2025-06-30,PIONEEREMB,small,2532
2025-06-30,SOMATEX,small,2535
2025-06-30,TARMAT,small,2536
2025-06-30,GAYAPROJ,small,2537
2025-06-30,MCL,small,2538
2025-06-30,OSWALSEEDS,small,2539
2025-06-30,PRITI,small,2540
2025-06-30,CUBEXTUB,small,2542
2025-06-30,SIL,small,2543
2025-06-30,BAIDFIN,small,2545
2025-06-30,SALONA,small,2548
2025-06-30,ZENITHEXPO,small,2550
2025-06-30,VASWANI,small,2551
2025-06-30,KOHINOOR,small,2556
2025-06-30,RELCHEMQ,small,2557
2025-06-30,BHANDARI,small,2563
2025-06-30,LOYALTEX,small,2564
2025-06-30,LAMBODHARA,small,2571
2025-06-30,SAMBHAAV,small,2574
2025-06-30,UMIYA-MRO,small,2575
2025-06-30,FIBERWEB,small,2577
2025-06-30,LATTEYS,small,2578
2025-06-30,ACCURACY,small,2580
2025-06-30,TRU,small,2582
2025-06-30,JHS,small,2585
2025-06-30,GLOBE,small,2588
2025-06-30,PALASHSECU,small,2590
2025-06-30,SURYALAXMI,small,2592
2025-06-30,AUSOMENT,small,2594
2025-06-30,DIGIDRIVE,small,2596
2025-06-30,FLEXITUFF,small,2598
2025-06-30,SAMPANN,small,2608
2025-06-30,MOKSH,small,2609
2025-06-30,BHARATGEAR,small,2610
2025-06-30,REGENCERAM,small,2612
2025-06-30,BEARDSELL,small,2617
2025-06-30,IL&FSTRANS,small,2618
2025-06-30,SPLIL,small,2625
2025-06-30,ARTNIRMAN,small,2630
2025-06-30,GOYALALUM,small,2633
2025-06-30,KAKATCEM,small,2634
2025-06-30,HECPROJECT,small,2636
2025-06-30,PRAKASHSTL,small,2638
2025-06-30,SECMARK,small,2641
2025-06-30,ATAM,small,2643
2025-06-30,TOTAL,small,2650
2025-06-30,DBSTOCKBRO,small,2651
2025-06-30,TOKYOPLAST,small,2652
2025-06-30,SELMC,small,2658
2025-06-30,CTE,small,2660
2025-06-30,GROBTEA,small,2662
2025-06-30,LPDC,small,2664
2025-06-30,OBCL,small,2666
2025-06-30,EXCEL,small,2667
2025-06-30,PATINTLOG,small,2668
2025-06-30,SHAHALLOYS,small,2673
2025-06-30,MITCON,small,2676
2025-06-30,GSS,small,2680
2025-06-30,AJOONI,small,2688
2025-06-30,TOUCHWOOD,small,2695
2025-06-30,AAATECH,small,2696
2025-06-30,SEMAC,small,2712
2025-06-30,HISARMETAL,small,2717
2025-06-30,MOTOGENFIN,small,2720
2025-06-30,FCONSUMER,small,2722
2025-06-30,ANMOL,small,2723
2025-06-30,FMNL,small,2733
2025-06-30,ZENITHSTL,small,2743
2025-06-30,SUNDARAM,small,2746
2025-06-30,KAVDEFENCE,small,2760
2025-06-30,ENERGYDEV,small,2762
2025-06-30,LASA,small,2764
2025-06-30,ORCHASP,small,2774
2025-06-30,SUVIDHAA,small,2775
2025-06-30,AMDIND,small,2782
2025-06-30,ALKALI,small,2789
2025-06-30,AGRITECH,small,2794
2025-06-30,NAGREEKEXP,small,2800
2025-06-30,AHLADA,small,2808
2025-06-30,CINEVISTA,small,2811
2025-06-30,ANSALAPI,small,2816
2025-06-30,AAKASH,small,2821
2025-06-30,INDSWFTLTD,small,2824
2025-06-30,PARASPETRO,small,2825
2025-06-30,ISHANCH,small,2827
2025-06-30,ORIENTLTD,small,2829
2025-06-30,BVCL,small,2830
2025-06-30,ARSSINFRA,small,2839
2025-06-30,TFL,small,2844
2025-06-30,SECURKLOUD,small,2847
2025-06-30,DELTAMAGNT,small,2858
2025-06-30,BLBLIMITED,small,2861
2025-06-30,SHEKHAWATI,small,2862
2025-06-30,NOIDATOLL,small,2866
2025-06-30,DIGJAMLMTD,small,2873
2025-06-30,3PLAND,small,2875
2025-06-30,BANKA,small,2887
2025-06-30,EROSMEDIA,small,2893
2025-06-30,BANARBEADS,small,2897
2025-06-30,SILGO,small,2899
2025-06-30,DAMODARIND,small,2900
2025-06-30,DANGEE,small,2912
2025-06-30,ORIENTALTL,small,2914
2025-06-30,AKI,small,2922
2025-06-30,BIOFILCHEM,small,2923
2025-06-30,ARSHIYA,small,2925
2025-06-30,SKIL,small,2931
2025-06-30,LCCINFOTEC,small,2942
2025-06-30,21STCENMGM,small,2944
2025-06-30,RELIABLE,small,2951
2025-06-30,ASTRON,small,2960
2025-06-30,JAIPURKURT,small,2964
2025-06-30,BANG,small,2967
2025-06-30,ATLASCYCLE,small,2974
2025-06-30,ROML,small,2975
2025-06-30,GODHA,small,2976
2025-06-30,CEREBRAINT,small,2981
2025-06-30,LEXUS,small,2986
2025-06-30,CELEBRITY,small,2987
2025-06-30,HOVS,small,2990
2025-06-30,GANGAFORGE,small,2992
2025-06-30,SHIVAMILLS,small,3007
2025-06-30,KARMAENG,small,3014
2025-06-30,PALREDTEC,small,3017
2025-06-30,AGROPHOS,small,3018
2025-06-30,NARMADA,small,3023
2025-06-30,VINNY,small,3028
2025-06-30,ARCHIES,small,3031
2025-06-30,MALUPAPER,small,3040
2025-06-30,RKDL,small,3041
2025-06-30,ADROITINFO,small,3046
2025-06-30,GOLDENTOBC,small,3051
2025-06-30,BALKRISHNA,small,3052
2025-06-30,SIMBHALS,small,3053
2025-06-30,ICDSLTD,small,3061
2025-06-30,JETFREIGHT,small,3063
2025-06-30,HBSL,small,3066
2025-06-30,SUPERSPIN,small,3082
2025-06-30,DNAMEDIA,small,3089
2025-06-30,TARAPUR,small,3090
2025-06-30,GATECH,small,3114
2025-06-30,AROGRANITE,small,3117
2025-06-30,LFIC,small,3120
2025-06-30,NIBL,small,3122
2025-06-30,KEEPLEARN,small,3136
2025-06-30,BURNPUR,small,3140
2025-06-30,MANUGRAPH,small,3142
2025-06-30,MADHUCON,small,3148
2025-06-30,TECILCHEM,small,3161
2025-06-30,SUPREMEENG,small,3162
2025-06-30,WEWIN,small,3167
2025-06-30,COUNCODOS,small,3174
2025-06-30,SEYAIND,small,3186
2025-06-30,NGIL,small,3193
2025-06-30,MASKINVEST,small,3197
2025-06-30,SAGARDEEP,small,3205
2025-06-30,PEARLPOLY,small,3218
2025-06-30,SITINET,small,3227
2025-06-30,ABMINTLLTD,small,3230
2025-06-30,TREEHOUSE,small,3232
2025-06-30,AMBICAAGAR,small,3244
2025-06-30,AKSHAR,small,3255
2025-06-30,AKASH,small,3265
2025-06-30,ADL,small,3268
2025-06-30,ROLTA,small,3276
2025-06-30,NEXTMEDIA,small,3280
2025-06-30,ASHOKAMET,small,3282
2025-06-30,KHAITANLTD,small,3283
2025-06-30,AKG,small,3289
2025-06-30,KANANIIND,small,3297
2025-06-30,PNC,small,3301
2025-06-30,LAXMICOT,small,3306
2025-06-30,BLUECOAST,small,3309
2025-06-30,TNTELE,small,3316
2025-06-30,SVPGLOB,small,3327
2025-06-30,FEL,small,3328
2025-06-30,MOHITIND,small,3333
2025-06-30,ROLLT,small,3334
2025-06-30,BINANIIND,small,3335
2025-06-30,NORBTEAEXP,small,3337
2025-06-30,SRPL,small,3346
2025-06-30,MITTAL,small,3366
2025-06-30,NKIND,small,3367
2025-06-30,KRIDHANINF,small,3376
2025-06-30,MADHAV,small,3380
2025-06-30,DIL,small,3384
2025-06-30,SHRENIK,small,3385
2025-06-30,BOHRAIND,small,3388
2025-06-30,MEP,small,3394
2025-06-30,HYBRIDFIN,small,3412
2025-06-30,SGL,small,3414
2025-06-30,BLUECHIP,small,3436
2025-06-30,NAGREEKCAP,small,3452
2025-06-30,ANKITMETAL,small,3457
2025-06-30,KHANDSE,small,3461
2025-06-30,FLFL,small,3478
2025-06-30,VIJIFIN,small,3484
2025-06-30,CALSOFT,small,3485
2025-06-30,VINEETLAB,small,3487
2025-06-30,MFML,small,3488
2025-06-30,MARSHALL,small,3490
2025-06-30,LIBAS,small,3494
2025-06-30,WILLAMAGOR,small,3499
2025-06-30,SUMEETINDS,small,3501
2025-06-30,TGBHOTELS,small,3522
2025-06-30,INFOMEDIA,small,3524
2025-06-30,HAVISHA,small,3532
2025-06-30,SANWARIA,small,3554
2025-06-30,KAUSHALYA,small,3573
2025-06-30,KSHITIJPOL,small,3580
2025-06-30,SANGINITA,small,3629
2025-06-30,GTECJAINX,small,3630
2025-06-30,TECHIN,small,3632
2025-06-30,GOENKA,small,3642
2025-06-30,PODDARHOUS,small,3653
2025-06-30,GAYAHWS,small,3677
2025-06-30,CYBERMEDIA,small,3684
2025-06-30,TVVISION,small,3685
2025-06-30,GUJRAFFIA,small,3705
2025-06-30,VIVIDHA,small,3709
2025-06-30,GFSTEELS,small,3717
2025-06-30,ACEINTEG,small,3724
2025-06-30,MORARJEE,small,3725
2025-06-30,RETAIL,small,3764
2025-06-30,HEADSUP,small,3794
2025-06-30,UNIINFO,small,3802
2025-06-30,EDUCOMP,small,3833
2025-06-30,TIJARIA,small,3837
2025-06-30,GLOBALE,small,3877
2025-06-30,IMPEXFERRO,small,3880
2025-06-30,LYPSAGEMS,small,3886
2025-06-30,RADAAN,small,3901
2025-06-30,SUULD,small,3913
2025-06-30,SILLYMONKS,small,3950
2025-06-30,COMPINFO,small,3980
2025-06-30,ANTGRAPHIC,small,3981
2025-06-30,TCIFINANCE,small,4003
2025-06-30,SHANTI,small,4005
2025-06-30,GLFL,small,4011
2025-06-30,ONELIFECAP,small,4031
2025-06-30,MTEDUCARE,small,4037
2025-06-30,SHYAMTEL,small,4055
2025-06-30,NIRAJISPAT,small,4059
2025-06-30,UMESLTD,small,4075
2025-06-30,WINSOME,small,4090
2025-06-30,VCL,small,4099
2025-06-30,OMKARCHEM,small,4120
2025-06-30,ARENTERP,small,4129
2025-06-30,CREATIVEYE,small,4137
2025-06-30,EUROTEXIND,small,4226
2025-06-30,UNIVAFOODS,small,4229
2025-06-30,DCMFINSERV,small,4237
2025-06-30,KALYANI,small,4244
2025-06-30,ORTINGLOBE,small,4318
2025-06-30,PREMIER,small,4330
2025-06-30,ALPSINDUS,small,4352
2025-06-30,FSC,small,4423
2025-06-30,SETUINFRA,small,4460
2025-06-30,SABEVENTS,small,4570
2025-06-30,CMICABLES,small,4592
2025-06-30,ORTEL,small,4604
2025-06-30,BGLOBAL,small,4663
2025-06-30,LAKPRE,small,4686
2025-06-30,QUINTEGRA,small,4723
2025-06-30,RAJVIR,small,4754
2025-06-30,SANCO,small,4794
2025-06-30,GANGOTRI,small,4889
2025-06-30,CURAA,small,4921
2025-12-31,RELIANCE,large,1
2025-12-31,HDFCBANK,large,2
2025-12-31,BHARTIARTL,large,3
2025-12-31,TCS,large,4
2025-12-31,ICICIBANK,large,5
2025-12-31,SBIN,large,6
2025-12-31,INFY,large,7
2025-12-31,BAJFINANCE,large,8
2025-12-31,LICI,large,9
2025-12-31,HINDUNILVR,large,10
2025-12-31,LT,large,11
2025-12-31,ITC,large,12
2025-12-31,MARUTI,large,13
2025-12-31,M&M,large,14
2025-12-31,HCLTECH,large,15
2025-12-31,KOTAKBANK,large,16
2025-12-31,SUNPHARMA,large,17
2025-12-31,AXISBANK,large,18
2025-12-31,ULTRACEMCO,large,19
2025-12-31,BAJAJFINSV,large,20
2025-12-31,TITAN,large,21
2025-12-31,NTPC,large,22
2025-12-31,HAL,large,23
2025-12-31,ADANIPORTS,large,24
2025-12-31,ONGC,large,25
2025-12-31,ETERNAL,large,26
2025-12-31,BEL,large,27
2025-12-31,ADANIENT,large,28
2025-12-31,DMART,large,29
2025-12-31,JSWSTEEL,large,30
2025-12-31,ADANIPOWER,large,31
2025-12-31,WIPRO,large,32
2025-12-31,POWERGRID,large,33
2025-12-31,ASIANPAINT,large,34
2025-12-31,BAJAJ-AUTO,large,35
2025-12-31,COALINDIA,large,36
2025-12-31,NESTLEIND,large,37
2025-12-31,INDIGO,large,38
2025-12-31,IOC,large,39
2025-12-31,TATASTEEL,large,40
2025-12-31,HINDZINC,large,41
2025-12-31,JIOFIN,large,42
2025-12-31,HYUNDAI,large,43
2025-12-31,GRASIM,large,44
2025-12-31,SBILIFE,large,45
2025-12-31,VEDL,large,46
2025-12-31,DLF,large,47
2025-12-31,EICHERMOT,large,48
2025-12-31,TRENT,large,49
2025-12-31,HINDALCO,large,50
2025-12-31,DIVISLAB,large,51
2025-12-31,HDFCLIFE,large,52
2025-12-31,LTIM,large,53
2025-12-31,IRFC,large,54
2025-12-31,ADANIGREEN,large,55
2025-12-31,VBL,large,56
2025-12-31,TVSMOTOR,large,57
2025-12-31,PIDILITIND,large,58
2025-12-31,BPCL,large,59
2025-12-31,TECHM,large,60
2025-12-31,BAJAJHLDNG,large,61
2025-12-31,BRITANNIA,large,62
2025-12-31,AMBUJACEM,large,63
2025-12-31,TATACAP,large,64
2025-12-31,TMPV,large,65
2025-12-31,BANKBARODA,large,66
2025-12-31,CHOLAFIN,large,67
2025-12-31,SHRIRAMFIN,large,68
2025-12-31,TMCV,large,69
2025-12-31,PNB,large,70
2025-12-31,ICICIAMC,large,71
2025-12-31,PFC,large,72
2025-12-31,SOLARINDS,large,73
2025-12-31,MUTHOOTFIN,large,74
2025-12-31,TATAPOWER,large,75
2025-12-31,CIPLA,large,76
2025-12-31,TORNTPHARM,large,77
2025-12-31,GODREJCP,large,78
2025-12-31,LODHA,large,79
2025-12-31,HDFCAMC,large,80
2025-12-31,GAIL,large,81
2025-12-31,CANBK,large,82
2025-12-31,MAXHEALTH,large,83
2025-12-31,ENRIN,large,84
2025-12-31,SIEMENS,large,85
2025-12-31,MAZDOCK,large,86
2025-12-31,BOSCHLTD,large,87
2025-12-31,ABB,large,88
2025-12-31,MOTHERSON,large,89
2025-12-31,CUMMINSIND,large,90
2025-12-31,TATACONSUM,large,91
2025-12-31,CGPOWER,large,92
2025-12-31,LGEINDIA,large,93
2025-12-31,POLYCAB,large,94
2025-12-31,UNIONBANK,large,95
2025-12-31,ADANIENSOL,large,96
2025-12-31,APOLLOHOSP,large,97
2025-12-31,INDHOTEL,large,98
2025-12-31,HEROMOTOCO,large,99
2025-12-31,DRREDDY,large,100
2025-12-31,SHREECEM,mid,101
2025-12-31,JINDALSTEL,mid,102
2025-12-31,IDBI,mid,103
2025-12-31,SWIGGY,mid,104
2025-12-31,BSE,mid,105
2025-12-31,MANKIND,mid,106
2025-12-31,INDIANB,mid,107
2025-12-31,INDUSTOWER,mid,108
2025-12-31,UNITDSPR,mid,109
2025-12-31,GMRAIRPORT,mid,110
2025-12-31,RECLTD,mid,111
2025-12-31,ZYDUSLIFE,mid,112
2025-12-31,ICICIGI,mid,113
2025-12-31,GROWW,mid,114
2025-12-31,DIXON,mid,115
2025-12-31,IDEA,mid,116
2025-12-31,HAVELLS,mid,117
2025-12-31,MARICO,mid,118
2025-12-31,HINDPETRO,mid,119
2025-12-31,WAAREEENER,mid,120
2025-12-31,BAJAJHFL,mid,121
2025-12-31,DABUR,mid,122
2025-12-31,LUPIN,mid,123
2025-12-31,JSWENERGY,mid,124
2025-12-31,ICICIPRULI,mid,125
2025-12-31,PERSISTENT,mid,126
2025-12-31,BHARTIHEXA,mid,127
2025-12-31,NAUKRI,mid,128
2025-12-31,SRF,mid,129
2025-12-31,BHEL,mid,130
2025-12-31,POWERINDIA,mid,131
2025-12-31,MEESHO,mid,132
2025-12-31,NTPCGREEN,mid,133
2025-12-31,NHPC,mid,134
2025-12-31,POLICYBZR,mid,135
2025-12-31,SBICARD,mid,136
2025-12-31,ASHOKLEY,mid,137
2025-12-31,SUZLON,mid,138
2025-12-31,ABCAPITAL,mid,139
2025-12-31,PAYTM,mid,140
2025-12-31,IOB,mid,141
2025-12-31,OFSS,mid,142
2025-12-31,LENSKART,mid,143
2025-12-31,GVT&D,mid,144
2025-12-31,RVNL,mid,145
2025-12-31,PRESTIGE,mid,146
2025-12-31,LLOYDSME,mid,147
2025-12-31,UNOMINDA,mid,148
2025-12-31,FORTIS,mid,149
2025-12-31,NYKAA,mid,150
2025-12-31,OIL,mid,151
2025-12-31,ATGL,mid,152
2025-12-31,COROMANDEL,mid,153
2025-12-31,GICRE,mid,154
2025-12-31,YESBANK,mid,155
2025-12-31,VMM,mid,156
2025-12-31,-,mid,157
2025-12-31,TORNTPOWER,mid,158
2025-12-31,AUROPHARMA,mid,159
2025-12-31,NMDC,mid,160
2025-12-31,ALKEM,mid,161
2025-12-31,BERGEPAINT,mid,162
2025-12-31,MRF,mid,163
2025-12-31,PATANJALI,mid,164
2025-12-31,GODREJPROP,mid,165
2025-12-31,HDBFS,mid,166
2025-12-31,LTF,mid,167
2025-12-31,JSWINFRA,mid,168
2025-12-31,SCHAEFFLER,mid,169
2025-12-31,INDUSINDBK,mid,170
2025-12-31,JSL,mid,171
2025-12-31,AUBANK,mid,172
2025-12-31,COLPAL,mid,173
2025-12-31,OBEROIRLTY,mid,174
2025-12-31,BHARATFORG,mid,175
2025-12-31,FACT,mid,176
2025-12-31,COFORGE,mid,177
2025-12-31,UPL,mid,178
2025-12-31,PHOENIXLTD,mid,179
2025-12-31,BANKINDIA,mid,180
2025-12-31,TIINDIA,mid,181
2025-12-31,IRCTC,mid,182
2025-12-31,BDL,mid,183
2025-12-31,IDFCFIRSTB,mid,184
2025-12-31,PIIND,mid,185
2025-12-31,MOTILALOFS,mid,186
2025-12-31,GLENMARK,mid,187
2025-12-31,MFSL,mid,188
2025-12-31,SAIL,mid,189
2025-12-31,FEDERALBNK,mid,190
2025-12-31,NAM-INDIA,mid,191
2025-12-31,MPHASIS,mid,192
2025-12-31,KALYANKJIL,mid,193
2025-12-31,LINDEINDIA,mid,194
2025-12-31,SUNDARMFIN,mid,195
2025-12-31,SUPREMEIND,mid,196
2025-12-31,BIOCON,mid,197
2025-12-31,TATACOMM,mid,198
2025-12-31,LAURUSLABS,mid,199
2025-12-31,AIIL,mid,200
2025-12-31,GODFRYPHLP,mid,201
2025-12-31,JKCEMENT,mid,202
2025-12-31,UBL,mid,203
2025-12-31,APLAPOLLO,mid,204
2025-12-31,PAGEIND,mid,205
2025-12-31,GLAXO,mid,206
2025-12-31,BALKRISIND,mid,207
2025-12-31,ITCHOTELS,mid,208
2025-12-31,COCHINSHIP,mid,209
2025-12-31,PREMIERENE,mid,210
2025-12-31,HEXT,mid,211
2025-12-31,LTTS,mid,212
2025-12-31,VOLTAS,mid,213
2025-12-31,HUDCO,mid,215
2025-12-31,360ONE,mid,216
2025-12-31,MAHABANK,mid,217
2025-12-31,PGHH,mid,218
2025-12-31,PETRONET,mid,219
2025-12-31,IREDA,mid,220
2025-12-31,ANTHEM,mid,221
2025-12-31,CONCOR,mid,222
2025-12-31,M&MFIN,mid,223
2025-12-31,NATIONALUM,mid,224
2025-12-31,DALBHARAT,mid,225
2025-12-31,JUBLFOOD,mid,226
2025-12-31,KAYNES,mid,227
2025-12-31,ESCORTS,mid,228
2025-12-31,RADICO,mid,229
2025-12-31,FLUOROCHEM,mid,230
2025-12-31,ENDURANCE,mid,231
2025-12-31,KEI,mid,232
2025-12-31,ASTRAL,mid,233
2025-12-31,THERMAX,mid,234
2025-12-31,PWL,mid,235
2025-12-31,UCOBANK,mid,236
2025-12-31,BLUESTARCO,mid,237
2025-12-31,NH,mid,238
2025-12-31,TATAINVEST,mid,239
2025-12-31,GODREJIND,mid,240
2025-12-31,POONAWALLA,mid,241
2025-12-31,CRISIL,mid,242
2025-12-31,KPRMILL,mid,243
2025-12-31,CHOLAHLDNG,mid,244
2025-12-31,3MINDIA,mid,245
2025-12-31,IPCALAB,mid,246
2025-12-31,PIRAMALFIN,mid,247
2025-12-31,APARINDS,mid,248
2025-12-31,SJVN,mid,249
2025-12-31,MEDANTA,mid,250
2025-12-31,ACC,small,251
2025-12-31,TATAELXSI,small,252
2025-12-31,NLCINDIA,small,253
2025-12-31,AWL,small,254
2025-12-31,CENTRALBK,small,255
2025-12-31,KPITTECH,small,256
2025-12-31,CDSL,small,257
2025-12-31,DELHIVERY,small,258
2025-12-31,ASTERDM,small,259
2025-12-31,EXIDEIND,small,260
2025-12-31,GODIGIT,small,261
2025-12-31,HONAUT,small,262
2025-12-31,AJANTPHARM,small,263
2025-12-31,METROBRAND,small,264
2025-12-31,AIAENG,small,265
2025-12-31,COHANCE,small,266
2025-12-31,LICHSGFIN,small,267
2025-12-31,GILLETTE,small,268
2025-12-31,GLAND,small,269
2025-12-31,APOLLOTYRE,small,270
2025-12-31,NIACL,small,271
2025-12-31,NBCC,small,272
2025-12-31,ITI,small,273
2025-12-31,HINDCOPPER,small,274
2025-12-31,GRSE,small,275
2025-12-31,MSUMI,small,276
2025-12-31,GUJGASLTD,small,277
2025-12-31,IGL,small,279
2025-12-31,SONACOMS,small,280
2025-12-31,AEGISVOPAK,small,281
2025-12-31,KIMS,small,282
2025-12-31,TATATECH,small,283
2025-12-31,PINELABS,small,284
2025-12-31,IKS,small,285
2025-12-31,STARHEALTH,small,287
2025-12-31,JBCHEPHARM,small,288
2025-12-31,TVSHLTD,small,289
2025-12-31,IRB,small,290
2025-12-31,NAVINFLUOR,small,291
2025-12-31,SUMICHEM,small,292
2025-12-31,AFFLE,small,293
2025-12-31,AEGISLOG,small,294
2025-12-31,SYNGENE,small,295
2025-12-31,BANDHANBNK,small,296
2025-12-31,EMCURE,small,297
2025-12-31,LALPATHLAB,small,299
2025-12-31,AMBER,small,300
2025-12-31,PPLPHARMA,small,301
2025-12-31,ZFCVINDIA,small,302
2025-12-31,NUVAMA,small,303
2025-12-31,MRPL,small,304
2025-12-31,RAMCOCEM,small,305
2025-12-31,SHYAMMETL,small,306
2025-12-31,EMAMILTD,small,307
2025-12-31,FSL,small,308
2025-12-31,INOXWIND,small,309
2025-12-31,DEEPAKNTR,small,310
2025-12-31,EIHOTEL,small,311
2025-12-31,WOCKPHARMA,small,312
2025-12-31,PTCIL,small,313
2025-12-31,PFIZER,small,314
2025-12-31,ANANDRATHI,small,315
2025-12-31,KIOCL,small,316
2025-12-31,MANAPPURAM,small,317
2025-12-31,PNBHOUSING,small,318
2025-12-31,BRIGADE,small,319
2025-12-31,ABSLAMC,small,321
2025-12-31,TIMKEN,small,323
2025-12-31,HSCL,small,324
2025-12-31,FORCEMOT,small,325
2025-12-31,WELCORP,small,326
2025-12-31,ANGELONE,small,327
2025-12-31,TATACHEM,small,328
2025-12-31,ASAHIINDIA,small,329
2025-12-31,ASTRAZEN,small,330
2025-12-31,ERIS,small,331
2025-12-31,CESC,small,332
2025-12-31,HBLENGINE,small,333
2025-12-31,SUNTV,small,334
2025-12-31,KARURVYSYA,small,335
2025-12-31,SAGILITY,small,336
2025-12-31,JYOTICNC,small,337
2025-12-31,KEC,small,338
2025-12-31,AADHARHFC,small,339
2025-12-31,IIFL,small,340
2025-12-31,REDINGTON,small,341
2025-12-31,HATSUN,small,342
2025-12-31,CREDITACC,small,343
2025-12-31,URBANCO,small,344
2025-12-31,JSWHL,small,345
2025-12-31,PSB,small,346
2025-12-31,ONESOURCE,small,347
2025-12-31,KPIL,small,348
2025-12-31,ATHERENERG,small,349
2025-12-31,SUNDRMFAST,small,350
2025-12-31,ABREL,small,351
2025-12-31,OLAELEC,small,352
2025-12-31,CHALET,small,353
2025-12-31,ANANTRAJ,small,354
2025-12-31,CHAMBLFERT,small,355
2025-12-31,ECLERX,small,356
2025-12-31,CASTROLIND,small,357
2025-12-31,SCHNEIDER,small,358
2025-12-31,POLYMED,small,359
2025-12-31,DCMSHRIRAM,small,360
2025-12-31,DEVYANI,small,361
2025-12-31,BASF,small,362
2025-12-31,TENNIND,small,363
2025-12-31,KANSAINER,small,364
2025-12-31,NEULANDLAB,small,365
2025-12-31,CROMPTON,small,366
2025-12-31,CAMS,small,367
2025-12-31,EIDPARRY,small,368
2025-12-31,KFINTECH,small,369
2025-12-31,RPOWER,small,370
2025-12-31,BIKAJI,small,371
2025-12-31,KAJARIACER,small,372
2025-12-31,ATUL,small,373
2025-12-31,SARDAEN,small,374
2025-12-31,APLLTD,small,375
2025-12-31,DEEPAKFERT,small,376
2025-12-31,FIRSTCRY,small,377
2025-12-31,JSWCEMENT,small,378
2025-12-31,SAILIFE,small,379
2025-12-31,CGCL,small,380
2025-12-31,ARE&M,small,381
2025-12-31,GRINDWELL,small,382
2025-12-31,VINATIORGA,small,383
2025-12-31,MAHSCOOTER,small,384
2025-12-31,JUBLPHARMA,small,385
2025-12-31,ZENSARTECH,small,386
2025-12-31,FIVESTAR,small,387
2025-12-31,TRITURBINE,small,388
2025-12-31,RBLBANK,small,389
2025-12-31,CARBORUNIV,small,390
2025-12-31,GSPL,small,391
2025-12-31,RATNAMANI,small,392
2025-12-31,PGEL,small,393
2025-12-31,NAVA,small,394
2025-12-31,VENTIVE,small,395
2025-12-31,CUB,small,396
2025-12-31,CENTURYPLY,small,397
2025-12-31,BEML,small,398
2025-12-31,MANYAVAR,small,399
2025-12-31,ABLBL,small,400
2025-12-31,NETWEB,small,401
2025-12-31,TBOTEK,small,402
2025-12-31,CONCORDBIO,small,403
2025-12-31,CPPLUS,small,404
2025-12-31,TRAVELFOOD,small,405
2025-12-31,UTIAMC,small,406
2025-12-31,SOBHA,small,407
2025-12-31,LMW,small,408
2025-12-31,ACMESOLAR,small,409
2025-12-31,IRCON,small,410
2025-12-31,GABRIEL,small,411
2025-12-31,GMDCLTD,small,412
2025-12-31,CRAFTSMAN,small,413
2025-12-31,CHOICEIN,small,414
2025-12-31,ELGIEQUIP,small,415
2025-12-31,NATCOPHARM,small,416
2025-12-31,VGUARD,small,417
2025-12-31,APTUS,small,418
2025-12-31,CIEINDIA,small,419
2025-12-31,SIGNATURE,small,420
2025-12-31,TECHNOE,small,421
2025-12-31,WHIRLPOOL,small,422
2025-12-31,JMFINANCIL,small,423
2025-12-31,GPIL,small,424
2025-12-31,AFCONS,small,425
2025-12-31,AKZOINDIA,small,426
2025-12-31,ABDL,small,427
2025-12-31,CAPLIPOINT,small,428
2025-12-31,DATAPATTNS,small,429
2025-12-31,IGIL,small,430
2025-12-31,DOMS,small,431
2025-12-31,LTFOODS,small,432
2025-12-31,KIRLOSBROS,small,433
2025-12-31,AGARWALEYE,small,434
2025-12-31,JBMA,small,435
2025-12-31,RRKABEL,small,436
2025-12-31,GESHIP,small,437
2025-12-31,GALLANTT,small,438
2025-12-31,IFCI,small,439
2025-12-31,NIVABUPA,small,440
2025-12-31,INDIAMART,small,441
2025-12-31,PARADEEP,small,442
2025-12-31,CEATLTD,small,443
2025-12-31,TRIDENT,small,444
2025-12-31,RAINBOW,small,445
2025-12-31,INTELLECT,small,446
2025-12-31,SYRMA,small,447
2025-12-31,FINEORG,small,448
2025-12-31,BATAINDIA,small,449
2025-12-31,NUVOCO,small,450
2025-12-31,SWANCORP,small,451
2025-12-31,KIRLOSENG,small,452
2025-12-31,BLS,small,453
2025-12-31,AARTIIND,small,454
2025-12-31,THELEELA,small,455
2025-12-31,EMMVEE,small,456
2025-12-31,SPLPETRO,small,457
2025-12-31,BLUEDART,small,458
2025-12-31,ZYDUSWELL,small,459
2025-12-31,KSB,small,460
2025-12-31,PCBL,small,461
2025-12-31,JWL,small,462
2025-12-31,CEMPRO,small,463
2025-12-31,ZENTEC,small,464
2025-12-31,JAINREC,small,465
2025-12-31,IEX,small,466
2025-12-31,GODREJAGRO,small,467
2025-12-31,BBTC,small,468
2025-12-31,CYIENT,small,469
2025-12-31,INDGN,small,470
2025-12-31,AAVAS,small,471
2025-12-31,MINDACORP,small,472
2025-12-31,BELRISE,small,473
2025-12-31,CELLO,small,474
2025-12-31,JPPOWER,small,475
2025-12-31,TARIL,small,476
2025-12-31,NEWGEN,small,477
2025-12-31,ANURAS,small,478
2025-12-31,GRANULES,small,479
2025-12-31,HOMEFIRST,small,480
2025-12-31,GRAVITA,small,481
2025-12-31,MGL,small,482
2025-12-31,USHAMART,small,483
2025-12-31,TEGA,small,484
2025-12-31,LEMONTREE,small,485
2025-12-31,VTL,small,486
2025-12-31,NCC,small,487
2025-12-31,FINCABLES,small,488
2025-12-31,ACE,small,489
2025-12-31,SKFINDUS,small,490
2025-12-31,EMBDL,small,491
2025-12-31,ELECON,small,492
2025-12-31,JINDALSAW,small,493
2025-12-31,WELSPUNLIV,small,495
2025-12-31,NSLNISP,small,496
2025-12-31,ACUTAAS,small,497
2025-12-31,RITES,small,498
2025-12-31,CCL,small,499
2025-12-31,FINPIPE,small,500
2025-12-31,SAMMAANCAP,small,501
2025-12-31,INGERRAND,small,502
2025-12-31,INDIACEM,small,503
2025-12-31,BLUEJET,small,504
2025-12-31,CARTRADE,small,505
2025-12-31,CHENNPETRO,small,506
2025-12-31,TSFINV,small,507
2025-12-31,SBFC,small,508
2025-12-31,CANHLIFE,small,509
2025-12-31,RAILTEL,small,510
2025-12-31,CLEAN,small,511
2025-12-31,TITAGARH,small,512
2025-12-31,JYOTHYLAB,small,513
2025-12-31,SHRIPISTON,small,514
2025-12-31,ALIVUS,small,515
2025-12-31,ENGINERSIN,small,516
2025-12-31,J&KBANK,small,517
2025-12-31,OLECTRA,small,518
2025-12-31,GRINFRA,small,519
2025-12-31,SANOFI,small,520
2025-12-31,JUBLINGREA,small,521
2025-12-31,SANOFICONR,small,522
2025-12-31,EUREKAFORB,small,523
2025-12-31,WAAREERTL,small,524
2025-12-31,RELAXO,small,525
2025-12-31,PRUDENT,small,526
2025-12-31,VIKRAMSOLR,small,527
2025-12-31,TTML,small,528
2025-12-31,CANFINHOME,small,529
2025-12-31,BSOFT,small,530
2025-12-31,GRAPHITE,small,531
2025-12-31,JKTYRE,small,532
2025-12-31,BLACKBUCK,small,533
2025-12-31,ZEEL,small,534
2025-12-31,SAFARI,small,535
2025-12-31,INOXINDIA,small,536
2025-12-31,HFCL,small,537
2025-12-31,RUBICON,small,538
2025-12-31,PVRINOX,small,539
2025-12-31,JKLAKSHMI,small,540
2025-12-31,SCI,small,541
2025-12-31,VIJAYA,small,542
2025-12-31,PRIVISCL,small,543
2025-12-31,SONATSOFTW,small,544
2025-12-31,AETHER,small,545
2025-12-31,AZAD,small,546
2025-12-31,NAZARA,small,547
2025-12-31,EDELWEISS,small,548
2025-12-31,METROPOLIS,small,549
2025-12-31,IXIGO,small,550
2025-12-31,LLOYDSENT,small,551
2025-12-31,BALRAMCHIN,small,552
2025-12-31,VESUVIUS,small,553
2025-12-31,WESTLIFE,small,554
2025-12-31,RKFORGE,small,555
2025-12-31,GENUSPOWER,small,556
2025-12-31,STARCEMENT,small,557
2025-12-31,HEG,small,558
2025-12-31,PGHL,small,559
2025-12-31,TIMETECHNO,small,560
2025-12-31,RELINFRA,small,561
2025-12-31,TEJASNET,small,562
2025-12-31,ALKYLAMINE,small,563
2025-12-31,SHAILY,small,564
2025-12-31,BANCOINDIA,small,565
2025-12-31,AVANTIFEED,small,567
2025-12-31,IIFLCAPS,small,568
2025-12-31,SHAKTIPUMP,small,569
2025-12-31,ASKAUTOLTD,small,570
2025-12-31,MEDPLUS,small,571
2025-12-31,SKFINDIA,small,572
2025-12-31,ABFRL,small,573
2025-12-31,MMTC,small,574
2025-12-31,SUDARSCHEM,small,575
2025-12-31,RHIM,small,576
2025-12-31,AEQUS,small,577
2025-12-31,INDIASHLTR,small,578
2025-12-31,JLHL,small,579
2025-12-31,ASTRAMICRO,small,580
2025-12-31,TDPOWERSYS,small,581
2025-12-31,KPIGREEN,small,582
2025-12-31,TRANSRAILL,small,583
2025-12-31,BIRLACORPN,small,585
2025-12-31,SAPPHIRE,small,586
2025-12-31,MAPMYINDIA,small,587
2025-12-31,UJJIVANSFB,small,588
2025-12-31,HCG,small,589
2025-12-31,NESCO,small,590
2025-12-31,HAPPYFORGE,small,591
2025-12-31,HONASA,small,592
2025-12-31,KRBL,small,593
2025-12-31,JSLL,small,594
2025-12-31,VARROC,small,595
2025-12-31,SANSERA,small,596
2025-12-31,LATENTVIEW,small,597
2025-12-31,BLUESTONE,small,598
2025-12-31,WABAG,small,599
2025-12-31,TI,small,600
2025-12-31,ALOKINDS,small,602
2025-12-31,SANDUMA,small,603
2025-12-31,TTKPRESTIG,small,604
2025-12-31,MARKSANS,small,605
2025-12-31,TCI,small,606
2025-12-31,LLOYDSENGG,small,607
2025-12-31,BBOX,small,608
2025-12-31,POWERMECH,small,609
2025-12-31,ORKLAINDIA,small,610
2025-12-31,SOUTHBANK,small,611
2025-12-31,LOTUSDEV,small,612
2025-12-31,JAIBALAJI,small,613
2025-12-31,SAREGAMA,small,614
2025-12-31,PCJEWELLER,small,616
2025-12-31,LUMAXTECH,small,617
2025-12-31,CORONA,small,618
2025-12-31,TANLA,small,619
2025-12-31,DBREALTY,small,620
2025-12-31,MANORAMA,small,621
2025-12-31,ARVIND,small,622
2025-12-31,APOLLO,small,624
2025-12-31,PNGJL,small,625
2025-12-31,MAHSEAMLES,small,626
2025-12-31,HAPPSTMNDS,small,627
2025-12-31,CAMPUS,small,628
2025-12-31,RELIGARE,small,629
2025-12-31,GMRP&UI,small,630
2025-12-31,BECTORFOOD,small,631
2025-12-31,WEWORK,small,632
2025-12-31,RCF,small,633
2025-12-31,ESABINDIA,small,634
2025-12-31,VOLTAMP,small,635
2025-12-31,STAR,small,636
2025-12-31,GALAXYSURF,small,637
2025-12-31,MAHLIFE,small,638
2025-12-31,GPPL,small,639
2025-12-31,OSWALPUMPS,small,640
2025-12-31,SHARDACROP,small,641
2025-12-31,DODLA,small,642
2025-12-31,NETWORK18,small,643
2025-12-31,DIACABS,small,644
2025-12-31,GRWRHITECH,small,645
2025-12-31,CERA,small,646
2025-12-31,KIRLPNU,small,647
2025-12-31,BORORENEW,small,648
2025-12-31,KALPATARU,small,649
2025-12-31,TRIVENI,small,650
2025-12-31,GSFC,small,651
2025-12-31,GARFIBRES,small,652
2025-12-31,ACI,small,653
2025-12-31,SHILPAMED,small,654
2025-12-31,DBL,small,655
2025-12-31,MAXESTATES,small,656
2025-12-31,THOMASCOOK,small,657
2025-12-31,SUDEEPPHRM,small,658
2025-12-31,AARTIPHARM,small,659
2025-12-31,GNFC,small,660
2025-12-31,THANGAMAYL,small,661
2025-12-31,PRSMJOHNSN,small,662
2025-12-31,RUSTOMJEE,small,663
2025-12-31,AKUMS,small,664
2025-12-31,AJAXENGG,small,665
2025-12-31,ETHOSLTD,small,666
2025-12-31,PNCINFRA,small,667
2025-12-31,PFOCUS,small,668
2025-12-31,FDC,small,669
2025-12-31,REDTAPE,small,670
2025-12-31,TMB,small,671
2025-12-31,TIPSMUSIC,small,672
2025-12-31,ATLANTAELE,small,673
2025-12-31,EPIGRAL,small,674
2025-12-31,V2RETAIL,small,675
2025-12-31,INOXGREEN,small,676
2025-12-31,SFL,small,677
2025-12-31,MASTEK,small,678
2025-12-31,BALUFORGE,small,679
2025-12-31,RTNINDIA,small,680
2025-12-31,MOIL,small,681
2025-12-31,GANESHHOU,small,682
2025-12-31,WELENT,small,683
2025-12-31,RAYMONDLSL,small,684
2025-12-31,ISGEC,small,685
2025-12-31,PRAJIND,small,686
2025-12-31,RATEGAIN,small,687
2025-12-31,MIDHANI,small,688
2025-12-31,KTKBANK,small,689
2025-12-31,YATHARTH,small,690
2025-12-31,CSBBANK,small,691
2025-12-31,EPL,small,692
2025-12-31,AURIONPRO,small,693
2025-12-31,JUSTDIAL,small,694
2025-12-31,MHRIL,small,695
2025-12-31,THYROCARE,small,696
2025-12-31,ARVINDFASN,small,697
2025-12-31,EQUITASBNK,small,699
2025-12-31,ELLEN,small,700
2025-12-31,CMSINFO,small,701
2025-12-31,PGIL,small,702
2025-12-31,DHANUKA,small,703
2025-12-31,SYMPHONY,small,704
2025-12-31,QPOWER,small,705
2025-12-31,CUPID,small,706
2025-12-31,AHLUCONT,small,707
2025-12-31,IFBIND,small,708
2025-12-31,PARKHOSPS,small,709
2025-12-31,BAJAJELEC,small,710
2025-12-31,JKPAPER,small,711
2025-12-31,PRICOLLTD,small,712
2025-12-31,HNDFDS,small,713
2025-12-31,AVALON,small,714
2025-12-31,SURYAROSNI,small,715
2025-12-31,PURVA,small,716
2025-12-31,UTLSOLAR,small,717
2025-12-31,AVL,small,718
2025-12-31,RTNPOWER,small,719
2025-12-31,RENUKA,small,720
2025-12-31,GREENLAM,small,721
2025-12-31,SUPRAJIT,small,722
2025-12-31,JAYNECOIND,small,723
2025-12-31,VMART,small,724
2025-12-31,IONEXCHANG,small,725
2025-12-31,SUNTECK,small,726
2025-12-31,JUNIPER,small,727
2025-12-31,WAKEFIT,small,728
2025-12-31,HGINFRA,small,729
2025-12-31,ICRA,small,730
2025-12-31,SUBROS,small,731
2025-12-31,AXISCADES,small,732
2025-12-31,CRAMC,small,733
2025-12-31,RALLIS,small,734
2025-12-31,GOKEX,small,735
2025-12-31,GULFOILLUB,small,736
2025-12-31,MTARTECH,small,737
2025-12-31,CHEMPLASTS,small,738
2025-12-31,ASHAPURMIN,small,739
2025-12-31,SWSOLAR,small,740
2025-12-31,SHARDAMOTR,small,741
2025-12-31,MANINFRA,small,742
2025-12-31,PICCADIL,small,743
2025-12-31,INDIAGLYCO,small,744
2025-12-31,VIPIND,small,745
2025-12-31,ELECTCAST,small,746
2025-12-31,TIIL,small,747
2025-12-31,PILANIINVS,small,748
2025-12-31,SMARTWORKS,small,749
2025-12-31,IMFA,small,750
2025-12-31,SUPRIYA,small,751
2025-12-31,PARAS,small,752
2025-12-31,GHCL,small,753
2025-12-31,SAATVIKGL,small,754
2025-12-31,MASFIN,small,755
2025-12-31,TEXRAIL,small,756
2025-12-31,SKIPPER,small,757
2025-12-31,RAJESHEXPO,small,758
2025-12-31,STLTECH,small,759
2025-12-31,SENCO,small,760
2025-12-31,FISCHER,small,761
2025-12-31,STYL,small,762
2025-12-31,KSCL,small,763
2025-12-31,EMUDHRA,small,764
2025-12-31,ICIL,small,765
2025-12-31,SHOPERSTOP,small,766
2025-12-31,INDIGOPNTS,small,767
2025-12-31,FIEMIND,small,768
2025-12-31,TVSSCS,small,769
2025-12-31,RESPONIND,small,770
2025-12-31,BANSALWIRE,small,771
2025-12-31,LXCHEM,small,772
2025-12-31,CRIZAC,small,773
2025-12-31,AGI,small,774
2025-12-31,CAPILLARY,small,775
2025-12-31,KNRCON,small,776
2025-12-31,UNIMECH,small,777
2025-12-31,GMMPFAUDLR,small,778
2025-12-31,ASHOKA,small,779
2025-12-31,DYNAMATECH,small,780
2025-12-31,E2E,small,781
2025-12-31,GOKULAGRO,small,782
2025-12-31,FEDFINA,small,783
2025-12-31,KINGFA,small,784
2025-12-31,OPTIEMUS,small,785
2025-12-31,KRN,small,786
2025-12-31,DATAMATICS,small,787
2025-12-31,WEBELSOLAR,small,788
2025-12-31,EMIL,small,789
2025-12-31,PTC,small,790
2025-12-31,ROUTE,small,791
2025-12-31,ITDC,small,792
2025-12-31,RSYSTEMS,small,793
2025-12-31,ZAGGLE,small,794
2025-12-31,GAEL,small,795
2025-12-31,SIS,small,796
2025-12-31,SEQUENT,small,797
2025-12-31,PDSL,small,798
2025-12-31,SMLMAH,small,799
2025-12-31,HCC,small,800
2025-12-31,ENTERO,small,801
2025-12-31,VRLLOG,small,802
2025-12-31,SUNFLAG,small,803
2025-12-31,INFIBEAM,small,804
2025-12-31,SHILCTECH,small,805
2025-12-31,SWARAJENG,small,806
2025-12-31,JSFB,small,807
2025-12-31,JKIL,small,808
2025-12-31,CARERATING,small,809
2025-12-31,MIDWESTLTD,small,810
2025-12-31,ANUP,small,811
2025-12-31,GREAVESCOT,small,812
2025-12-31,SUVEN,small,814
2025-12-31,SKYGOLD,small,815
2025-12-31,REFEX,small,816
2025-12-31,LGBBROSLTD,small,817
2025-12-31,TARC,small,818
2025-12-31,NIITMTS,small,819
2025-12-31,DBCORP,small,820
2025-12-31,INNOVACAP,small,821
2025-12-31,NEPHROPLUS,small,823
2025-12-31,DCBBANK,small,826
2025-12-31,BALAMINES,small,827
2025-12-31,SJS,small,828
2025-12-31,NACLIND,small,829
2025-12-31,CIGNITITEC,small,830
2025-12-31,BOSCH-HCIL,small,832
2025-12-31,NFL,small,833
2025-12-31,SPARC,small,834
2025-12-31,INDIQUBE,small,835
2025-12-31,BANARISUG,small,836
2025-12-31,SHREEJISPG,small,837
2025-12-31,VSTTILLERS,small,839
2025-12-31,INDRAMEDCO,small,840
2025-12-31,PACEDIGITK,small,841
2025-12-31,VSTIND,small,842
2025-12-31,RAIN,small,843
2025-12-31,SAMHI,small,844
2025-12-31,HEIDELBERG,small,846
2025-12-31,CEIGALL,small,847
2025-12-31,HERITGFOOD,small,849
2025-12-31,STYRENIX,small,850
2025-12-31,BHARATRAS,small,852
2025-12-31,ORIENTCEM,small,853
2025-12-31,AARTIDRUGS,small,854
2025-12-31,GUJTHEM,small,855
2025-12-31,ORIENTELEC,small,856
2025-12-31,GOPAL,small,857
2025-12-31,RBA,small,858
2025-12-31,SGMART,small,859
2025-12-31,LUMAXIND,small,860
2025-12-31,ZOTA,small,861
2025-12-31,AVANTEL,small,863
2025-12-31,EIEL,small,865
2025-12-31,HUBTOWN,small,866
2025-12-31,KITEX,small,867
2025-12-31,RAYMONDREL,small,869
2025-12-31,SANATHAN,small,870
2025-12-31,NORTHARC,small,871
2025-12-31,JAMNAAUTO,small,872
2025-12-31,GUJALKALI,small,873
2025-12-31,AWFIS,small,874
2025-12-31,DCAL,small,875
2025-12-31,GOLDIAM,small,876
2025-12-31,MOSCHIP,small,877
2025-12-31,RAMKY,small,878
2025-12-31,JTEKTINDIA,small,879
2025-12-31,HEMIPROP,small,880
2025-12-31,63MOONS,small,881
2025-12-31,MARATHON,small,883
2025-12-31,KIRLOSIND,small,884
2025-12-31,SHANTIGEAR,small,885
2025-12-31,SINDHUTRAD,small,886
2025-12-31,BOROLTD,small,887
2025-12-31,CAMLINFINE,small,888
2025-12-31,UFLEX,small,889
2025-12-31,VAIBHAVGBL,small,890
2025-12-31,RPGLIFE,small,891
2025-12-31,RAYMOND,small,892
2025-12-31,ORCHPHARMA,small,893
2025-12-31,LUXIND,small,894
2025-12-31,MPSLTD,small,895
2025-12-31,MCLOUD,small,896
2025-12-31,TRUALT,small,897
2025-12-31,AJMERA,small,898
2025-12-31,GOODLUCK,small,899
2025-12-31,VADILALIND,small,900
2025-12-31,EBGNG,small,901
2025-12-31,QUESS,small,902
2025-12-31,WONDERLA,small,903
2025-12-31,GREENPLY,small,905
2025-12-31,NEOGEN,small,906
2025-12-31,KOLTEPATIL,small,907
2025-12-31,INTERARCH,small,908
2025-12-31,PRECWIRE,small,909
2025-12-31,JINDWORLD,small,910
2025-12-31,SWANDEF,small,911
2025-12-31,MBAPL,small,912
2025-12-31,ARSSBL,small,913
2025-12-31,MEDIASSIST,small,914
2025-12-31,NPST,small,916
2025-12-31,CENTUM,small,917
2025-12-31,HARSHA,small,919
2025-12-31,GOCOLORS,small,920
2025-12-31,NSIL,small,922
2025-12-31,GKENERGY,small,923
2025-12-31,INDOSTAR,small,924
2025-12-31,KSL,small,925
2025-12-31,POCL,small,926
2025-12-31,SHAREINDIA,small,927
2025-12-31,ROLEXRINGS,small,928
2025-12-31,ADVENZYMES,small,929
2025-12-31,GUFICBIO,small,930
2025-12-31,JISLJALEQS,small,931
2025-12-31,MSTCLTD,small,932
2025-12-31,UNICHEMLAB,small,933
2025-12-31,JUBLCPL,small,934
2025-12-31,ROSSARI,small,935
2025-12-31,CYIENTDLM,small,936
2025-12-31,SUNCLAY,small,937
2025-12-31,RPEL,small,938
2025-12-31,BALMLAWRIE,small,939
2025-12-31,ARTEMISMED,small,940
2025-12-31,PRINCEPIPE,small,941
2025-12-31,FOSECOIND,small,942
2025-12-31,PITTIENG,small,943
2025-12-31,DPABHUSHAN,small,944
2025-12-31,SSWL,small,945
2025-12-31,SGLTL,small,946
2025-12-31,INDOTHAI,small,947
2025-12-31,BHAGCHEM,small,948
2025-12-31,BAJAJCON,small,949
2025-12-31,GREENPANEL,small,950
2025-12-31,BBL,small,952
2025-12-31,NAVNETEDUL,small,953
2025-12-31,PROTEAN,small,954
2025-12-31,VISHNU,small,955
2025-12-31,SAMBHV,small,956
2025-12-31,PARAGMILK,small,957
2025-12-31,BOMDYEING,small,958
2025-12-31,UEL,small,959
2025-12-31,SENORES,small,960
2025-12-31,HLEGLAS,small,962
2025-12-31,HIKAL,small,963
2025-12-31,KIRIINDUS,small,964
2025-12-31,FLAIR,small,965
2025-12-31,KKCL,small,966
2025-12-31,MAHLOG,small,967
2025-12-31,EPACK,small,969
2025-12-31,ARKADE,small,970
2025-12-31,PENIND,small,971
2025-12-31,PSPPROJECT,small,972
2025-12-31,KRISHANA,small,973
2025-12-31,STYLAMIND,small,974
2025-12-31,PARKHOTELS,small,975
2025-12-31,GATEWAY,small,976
2025-12-31,PRABHA,small,977
2025-12-31,IMAGICAA,small,978
2025-12-31,GLOBUSSPR,small,979
2025-12-31,JASH,small,980
2025-12-31,PAISALO,small,982
2025-12-31,DDEVPLSTIK,small,984
2025-12-31,PATELENG,small,985
2025-12-31,WSTCSTPAPR,small,986
2025-12-31,GANECOS,small,987
2025-12-31,KDDL,small,988
2025-12-31,MAITHANALL,small,989
2025-12-31,POLYPLEX,small,990
2025-12-31,DEEPINDS,small,991
2025-12-31,SAGCEM,small,992
2025-12-31,SIYSIL,small,993
2025-12-31,EUROPRATIK,small,994
2025-12-31,EASEMYTRIP,small,996
2025-12-31,HPL,small,997
2025-12-31,ASHIANA,small,998
2025-12-31,TCPLPACK,small,999
2025-12-31,BRIGHOTEL,small,1000
2025-12-31,EFCIL,small,1001
2025-12-31,SANDHAR,small,1002
2025-12-31,SHK,small,1003
2025-12-31,TFCILTD,small,1004
2025-12-31,RAMRAT,small,1005
2025-12-31,SUNDROP,small,1007
2025-12-31,ORISSAMINE,small,1008
2025-12-31,VEEDOL,small,1009
2025-12-31,TEAMLEASE,small,1010
2025-12-31,AGIIL,small,1011
2025-12-31,NOCIL,small,1012
2025-12-31,SOLARA,small,1013
2025-12-31,EMSLIMITED,small,1015
2025-12-31,MANINDS,small,1016
2025-12-31,PREMEXPLN,small,1017
2025-12-31,TIRUMALCHM,small,1018
2025-12-31,SANGHVIMOV,small,1019
2025-12-31,FMGOETZE,small,1020
2025-12-31,VIMTALABS,small,1021
2025-12-31,SBCL,small,1022
2025-12-31,FCL,small,1023
2025-12-31,MUTHOOTMF,small,1024
2025-12-31,MARINE,small,1025
2025-12-31,ARVSMART,small,1026
2025-12-31,KPEL,small,1027
2025-12-31,GIPCL,small,1028
2025-12-31,PRAKASH,small,1029
2025-12-31,SABTNL,small,1030
2025-12-31,RPSGVENT,small,1031
2025-12-31,TATVA,small,1032
2025-12-31,IOLCP,small,1033
2025-12-31,BAJAJHIND,small,1034
2025-12-31,BFUTILITIE,small,1035
2025-12-31,RAMCOIND,small,1037
2025-12-31,TVSSRICHAK,small,1038
2025-12-31,EPACKPEB,small,1039
2025-12-31,BCG,small,1040
2025-12-31,POKARNA,small,1041
2025-12-31,EVEREADY,small,1042
2025-12-31,CARRARO,small,1043
2025-12-31,NRBBEARING,small,1044
2025-12-31,HONDAPOWER,small,1045
2025-12-31,MOREPENLAB,small,1046
2025-12-31,HIRECT,small,1047
2025-12-31,VENUSPIPES,small,1048
2025-12-31,SOTL,small,1049
2025-12-31,JTLIND,small,1051
2025-12-31,MTNL,small,1052
2025-12-31,RELTD,small,1053
2025-12-31,ALEMBICLTD,small,1054
2025-12-31,DIGITIDE,small,1055
2025-12-31,SAKSOFT,small,1058
2025-12-31,UTKARSHBNK,small,1059
2025-12-31,NUCLEUS,small,1060
2025-12-31,SERVOTECH,small,1061
2025-12-31,HMT,small,1062
2025-12-31,AUTOAXLES,small,1063
2025-12-31,LAOPALA,small,1064
2025-12-31,DCXINDIA,small,1065
2025-12-31,HINDWAREAP,small,1066
2025-12-31,INDOCO,small,1067
2025-12-31,SOLARWORLD,small,1068
2025-12-31,WINDMACHIN,small,1069
2025-12-31,TAJGVK,small,1070
2025-12-31,SIRCA,small,1071
2025-12-31,NITCO,small,1072
2025-12-31,UNIVCABLES,small,1073
2025-12-31,VIKRAN,small,1074
2025-12-31,VSSL,small,1075
2025-12-31,KALAMANDIR,small,1076
2025-12-31,KRSNAA,small,1078
2025-12-31,CARYSIL,small,1080
2025-12-31,TCIEXP,small,1081
2025-12-31,SDBL,small,1082
2025-12-31,KMEW,small,1083
2025-12-31,KCP,small,1084
2025-12-31,BEPL,small,1086
2025-12-31,HATHWAY,small,1087
2025-12-31,MONARCH,small,1088
2025-12-31,DALMIASUG,small,1089
2025-12-31,REPCOHOME,small,1090
2025-12-31,ADFFOODS,small,1092
2025-12-31,PANACEABIO,small,1093
2025-12-31,JAYKAY,small,1094
2025-12-31,GRMOVER,small,1095
2025-12-31,DIAMONDYD,small,1096
2025-12-31,CAPACITE,small,1097
2025-12-31,XPROINDIA,small,1098
2025-12-31,ROSSTECH,small,1099
2025-12-31,FILATEX,small,1100
2025-12-31,SMSPHARMA,small,1101
2025-12-31,JINDALPOLY,small,1102
2025-12-31,TASTYBITE,small,1104
2025-12-31,HGS,small,1105
2025-12-31,AEROFLEX,small,1106
2025-12-31,JAICORPLTD,small,1108
2025-12-31,MOLDTKPAC,small,1109
2025-12-31,COSMOFIRST,small,1110
2025-12-31,PFS,small,1111
2025-12-31,MBEL,small,1112
2025-12-31,BAJEL,small,1113
2025-12-31,KSHINTL,small,1115
2025-12-31,INSECTICID,small,1116
2025-12-31,SHALBY,small,1117
2025-12-31,NDRAUTO,small,1118
2025-12-31,FINOPB,small,1120
2025-12-31,ORIENTHOT,small,1121
2025-12-31,STYLEBAAZA,small,1122
2025-12-31,SCILAL,small,1123
2025-12-31,NILKAMAL,small,1124
2025-12-31,LANDMARK,small,1125
2025-12-31,EIHAHOTELS,small,1126
2025-12-31,IPL,small,1127
2025-12-31,SUMMITSEC,small,1128
2025-12-31,FUSION,small,1129
2025-12-31,SEAMECLTD,small,1130
2025-12-31,MAYURUNIQ,small,1131
2025-12-31,RML,small,1132
2025-12-31,YATRA,small,1133
2025-12-31,STEELCAS,small,1134
2025-12-31,GENESYS,small,1135
2025-12-31,GVPIL,small,1137
2025-12-31,KICL,small,1138
2025-12-31,SIMPLEXINF,small,1139
2025-12-31,SPECTRUM,small,1141
2025-12-31,SULA,small,1144
2025-12-31,SGFIN,small,1145
2025-12-31,CANTABIL,small,1146
2025-12-31,DELTACORP,small,1147
2025-12-31,STUDDS,small,1148
2025-12-31,SASKEN,small,1149
2025-12-31,RANEHOLDIN,small,1150
2025-12-31,SANGAMIND,small,1151
2025-12-31,HINDOILEXP,small,1152
2025-12-31,SPANDANA,small,1153
2025-12-31,STOVEKRAFT,small,1154
2025-12-31,GEOJITFSL,small,1155
2025-12-31,IDEAFORGE,small,1156
2025-12-31,ACCELYA,small,1158
2025-12-31,RPTECH,small,1159
2025-12-31,VENKEYS,small,1160
2025-12-31,TIL,small,1161
2025-12-31,YASHO,small,1162
2025-12-31,WEL,small,1164
2025-12-31,DOLLAR,small,1165
2025-12-31,INDIANHUME,small,1166
2025-12-31,DREDGECORP,small,1167
2025-12-31,MOL,small,1168
2025-12-31,DCW,small,1169
2025-12-31,AMRUTANJAN,small,1170
2025-12-31,THEJO,small,1171
2025-12-31,UGROCAP,small,1172
2025-12-31,HITECH,small,1173
2025-12-31,MANGLMCEM,small,1175
2025-12-31,SHRINGARMS,small,1176
2025-12-31,WHEELS,small,1177
2025-12-31,APCOTEXIND,small,1178
2025-12-31,SYSTMTXC,small,1179
2025-12-31,VERANDA,small,1180
2025-12-31,GMBREW,small,1182
2025-12-31,SEPC,small,1183
2025-12-31,MOBIKWIK,small,1184
2025-12-31,PIXTRANS,small,1185
2025-12-31,UNIPARTS,small,1187
2025-12-31,RAJRATAN,small,1188
2025-12-31,VINCOFE,small,1189
2025-12-31,INDNIPPON,small,1191
2025-12-31,MUKANDLTD,small,1193
2025-12-31,SOMANYCERA,small,1194
2025-12-31,DYCL,small,1196
2025-12-31,NELCO,small,1197
2025-12-31,DIVGIITTS,small,1198
2025-12-31,MSPL,small,1199
2025-12-31,KERNEX,small,1200
2025-12-31,WAAREEINDO,small,1201
2025-12-31,NITINSPIN,small,1203
2025-12-31,BGRENERGY,small,1204
2025-12-31,WINDLAS,small,1205
2025-12-31,RAMCOSYS,small,1207
2025-12-31,SPAL,small,1208
2025-12-31,RMDRIP,small,1209
2025-12-31,GTLINFRA,small,1210
2025-12-31,ASALCBR,small,1211
2025-12-31,NIBE,small,1212
2025-12-31,SPIC,small,1213
2025-12-31,LAXMIDENTL,small,1215
2025-12-31,PANAMAPET,small,1217
2025-12-31,INDOTECH,small,1218
2025-12-31,ALLTIME,small,1219
2025-12-31,VIDHIING,small,1220
2025-12-31,WENDT,small,1221
2025-12-31,UNITECH,small,1222
2025-12-31,MOTISONS,small,1223
2025-12-31,DEEDEV,small,1224
2025-12-31,ADOR,small,1225
2025-12-31,GARUDA,small,1226
2025-12-31,VINDHYATEL,small,1229
2025-12-31,PRECAM,small,1230
2025-12-31,ASTEC,small,1231
2025-12-31,EXICOM,small,1232
2025-12-31,TALBROAUTO,small,1233
2025-12-31,IFGLEXPOR,small,1234
2025-12-31,BLSE,small,1235
2025-12-31,RHETAN,small,1236
2025-12-31,BFINVEST,small,1237
2025-12-31,NAVKARCORP,small,1238
2025-12-31,SPMLINFRA,small,1239
2025-12-31,JYOTISTRUC,small,1240
2025-12-31,JGCHEM,small,1241
2025-12-31,GOCLCORP,small,1242
2025-12-31,HUHTAMAKI,small,1243
2025-12-31,QUICKHEAL,small,1244
2025-12-31,PNBGILTS,small,1246
2025-12-31,JINDRILL,small,1247
2025-12-31,DLINKINDIA,small,1248
2025-12-31,SOLEX,small,1249
2025-12-31,BLISSGVS,small,1251
2025-12-31,SANSTAR,small,1252
2025-12-31,SANGHIIND,small,1253
2025-12-31,EXPLEOSOL,small,1254
2025-12-31,SESHAPAPER,small,1257
2025-12-31,DEN,small,1258
2025-12-31,TTKHLTCARE,small,1259
2025-12-31,DAMCAPITAL,small,1260
2025-12-31,ARMANFIN,small,1261
2025-12-31,ARIHANTSUP,small,1262
2025-12-31,SATIN,small,1263
2025-12-31,RAMASTEEL,small,1264
2025-12-31,BETA,small,1265
2025-12-31,MUFIN,small,1266
2025-12-31,RAJOOENG,small,1267
2025-12-31,DOLPHIN,small,1268
2025-12-31,STANLEY,small,1269
2025-12-31,JNKINDIA,small,1270
2025-12-31,TARSONS,small,1271
2025-12-31,HIMATSEIDE,small,1272
2025-12-31,MMFL,small,1273
2025-12-31,TINNARUBR,small,1276
2025-12-31,UDS,small,1277
2025-12-31,SYNCOMF,small,1278
2025-12-31,IGARASHI,small,1279
2025-12-31,PAUSHAKLTD,small,1280
2025-12-31,GREENPOWER,small,1281
2025-12-31,PUNJABCHEM,small,1282
2025-12-31,SURAKSHA,small,1283
2025-12-31,MASTERTR,small,1284
2025-12-31,SHANTIGOLD,small,1285
2025-12-31,APOLLOPIPE,small,1286
2025-12-31,IKIO,small,1287
2025-12-31,AWHCL,small,1288
2025-12-31,STALLION,small,1289
2025-12-31,LGHL,small,1290
2025-12-31,ECOSMOBLTY,small,1291
2025-12-31,JAGRAN,small,1292
2025-12-31,RUPA,small,1293
2025-12-31,OMAXE,small,1294
2025-12-31,SHRIRAMPPS,small,1295
2025-12-31,IVALUE,small,1296
2025-12-31,HESTERBIO,small,1297
2025-12-31,QUADFUTURE,small,1298
2025-12-31,SMCGLOBAL,small,1300
2025-12-31,HMAAGRO,small,1301
2025-12-31,FINKURVE,small,1302
2025-12-31,JAGSNPHARM,small,1303
2025-12-31,PLATIND,small,1304
2025-12-31,ORIENTTECH,small,1306
2025-12-31,EKC,small,1307
2025-12-31,ANDHRAPAP,small,1309
2025-12-31,SALASAR,small,1310
2025-12-31,ESAFSFB,small,1311
2025-12-31,CONFIPET,small,1312
2025-12-31,CENTRUM,small,1313
2025-12-31,DOLATALGO,small,1314
2025-12-31,ROTO,small,1315
2025-12-31,NIITLTD,small,1316
2025-12-31,GPTINFRA,small,1320
2025-12-31,SURYODAY,small,1321
2025-12-31,BIRLANU,small,1322
2025-12-31,RISHABH,small,1323
2025-12-31,ASIANENE,small,1324
2025-12-31,GANDHAR,small,1326
2025-12-31,EXCELINDUS,small,1328
2025-12-31,BAJAJHCARE,small,1329
2025-12-31,ALICON,small,1330
2025-12-31,MANAKCOAT,small,1331
2025-12-31,CLSEL,small,1332
2025-12-31,RAJRILTD,small,1333
2025-12-31,INDORAMA,small,1334
2025-12-31,PARACABLES,small,1335
2025-12-31,VPRPL,small,1337
2025-12-31,SALZERELEC,small,1338
2025-12-31,SIGACHI,small,1339
2025-12-31,ALLDIGI,small,1341
2025-12-31,BLKASHYAP,small,1342
2025-12-31,INFOBEAN,small,1343
2025-12-31,GODAVARIB,small,1344
2025-12-31,UNIECOM,small,1347
2025-12-31,JARO,small,1349
2025-12-31,SURAJEST,small,1350
2025-12-31,CIFL,small,1351
2025-12-31,MONTECARLO,small,1352
2025-12-31,MADRASFERT,small,1353
2025-12-31,HARIOMPIPE,small,1354
2025-12-31,SPORTKING,small,1355
2025-12-31,SUMEETINDS,small,1356
2025-12-31,DECCANCE,small,1357
2025-12-31,HITECHGEAR,small,1359
2025-12-31,GNA,small,1360
2025-12-31,RIIL,small,1361
2025-12-31,ASIANTILES,small,1362
2025-12-31,IMPAL,small,1363
2025-12-31,IGPL,small,1364
2025-12-31,BSHSL,small,1365
2025-12-31,RGL,small,1366
2025-12-31,SHREDIGCEM,small,1367
2025-12-31,SIGNPOST,small,1369
2025-12-31,BALAJITELE,small,1371
2025-12-31,ATULAUTO,small,1372
2025-12-31,AGARIND,small,1373
2025-12-31,DIFFNKG,small,1374
2025-12-31,ONEPOINT,small,1376
2025-12-31,CAPITALSFB,small,1377
2025-12-31,YUKEN,small,1378
2025-12-31,AURUM,small,1379
2025-12-31,RICOAUTO,small,1380
2025-12-31,ADVENTHTL,small,1381
2025-12-31,BUTTERFLY,small,1382
2025-12-31,MICEL,small,1383
2025-12-31,FAZE3Q,small,1384
2025-12-31,BHARATWIRE,small,1385
2025-12-31,VASCONEQ,small,1386
2025-12-31,WALCHANNAG,small,1387
2025-12-31,TEXINFRA,small,1388
2025-12-31,WCIL,small,1389
2025-12-31,HERANBA,small,1390
2025-12-31,BOROSCI,small,1393
2025-12-31,HEUBACHIND,small,1394
2025-12-31,GPTHEALTH,small,1395
2025-12-31,IRMENERGY,small,1396
2025-12-31,LEMERITE,small,1397
2025-12-31,SHREEPUSHK,small,1399
2025-12-31,MEIL,small,1400
2025-12-31,GTPL,small,1401
2025-12-31,ROHLTD,small,1402
2025-12-31,VHL,small,1403
2025-12-31,DSSL,small,1405
2025-12-31,BAJAJINDEF,small,1406
2025-12-31,TBZ,small,1407
2025-12-31,STLNETWORK,small,1408
2025-12-31,ARISINFRA,small,1409
2025-12-31,CONTROLPR,small,1412
2025-12-31,JINDALPHOT,small,1413
2025-12-31,ALLCARGO,small,1414
2025-12-31,ELECTHERM,small,1415
2025-12-31,ABINFRA,small,1416
2025-12-31,SRM,small,1418
2025-12-31,KRISHNADEF,small,1419
2025-12-31,KROSS,small,1420
2025-12-31,AMNPLST,small,1422
2025-12-31,WEALTH,small,1423
2025-12-31,ZUARI,small,1424
2025-12-31,KELLTONTEC,small,1425
2025-12-31,STEELXIND,small,1426
2025-12-31,RACLGEAR,small,1427
2025-12-31,ANTELOPUS,small,1428
2025-12-31,PASHUPATI,small,1429
2025-12-31,ICEMAKE,small,1430
2025-12-31,BLUSPRING,small,1432
2025-12-31,MANALIPETC,small,1433
2025-12-31,DVL,small,1434
2025-12-31,BCLIND,small,1436
2025-12-31,DPSCLTD,small,1437
2025-12-31,NELCAST,small,1439
2025-12-31,EIMCOELECO,small,1440
2025-12-31,MEGASOFT,small,1442
2025-12-31,OAL,small,1443
2025-12-31,STERTOOLS,small,1445
2025-12-31,SAURASHCEM,small,1446
2025-12-31,GEMAROMA,small,1447
2025-12-31,GRPLTD,small,1448
2025-12-31,EXCELSOFT,small,1449
2025-12-31,PROSTARM,small,1450
2025-12-31,IZMO,small,1451
2025-12-31,MATRIMONY,small,1453
2025-12-31,SWELECTES,small,1454
2025-12-31,PDMJEPAPER,small,1455
2025-12-31,AYMSYNTEX,small,1456
2025-12-31,OMINFRAL,small,1457
2025-12-31,VIDYAWIRES,small,1459
2025-12-31,5PAISA,small,1460
2025-12-31,PENINLAND,small,1461
2025-12-31,ESTER,small,1462
2025-12-31,BIL,small,1463
2025-12-31,MAMATA,small,1464
2025-12-31,AFSL,small,1465
2025-12-31,TNPL,small,1466
2025-12-31,GANESHCP,small,1467
2025-12-31,AVTNPL,small,1469
2025-12-31,KOKUYOCMLN,small,1470
2025-12-31,MAXIND,small,1471
2025-12-31,ANDHRSUGAR,small,1472
2025-12-31,LINCOLN,small,1473
2025-12-31,CREST,small,1474
2025-12-31,THEMISMED,small,1475
2025-12-31,CNL,small,1477
2025-12-31,RNBDENIMS,small,1478
2025-12-31,CENTENKA,small,1479
2025-12-31,ARIHANTCAP,small,1481
2025-12-31,DHANBANK,small,1482
2025-12-31,UNIENTER,small,1483
2025-12-31,SCODATUBES,small,1484
2025-12-31,INDOFARM,small,1485
2025-12-31,SBC,small,1486
2025-12-31,CEWATER,small,1487
2025-12-31,RADHIKAJWE,small,1488
2025-12-31,INNOVANA,small,1490
2025-12-31,GKWLIMITED,small,1491
2025-12-31,NDTV,small,1492
2025-12-31,FAIRCHEMOR,small,1493
2025-12-31,KHAICHEM,small,1494
2025-12-31,AEROENTER,small,1499
2025-12-31,INDOAMIN,small,1500
2025-12-31,DHARMAJ,small,1502
2025-12-31,BHARATSE,small,1503
2025-12-31,GALAPREC,small,1504
2025-12-31,OSWALGREEN,small,1505
2025-12-31,DENTA,small,1507
2025-12-31,SRHHYPOLTD,small,1510
2025-12-31,GANDHITUBE,small,1511
2025-12-31,FABTECH,small,1512
2025-12-31,KRISHIVAL,small,1514
2025-12-31,UTTAMSUGAR,small,1515
2025-12-31,XCHANGING,small,1516
2025-12-31,JPOLYINVST,small,1517
2025-12-31,OSWALAGRO,small,1518
2025-12-31,MVGJL,small,1521
2025-12-31,ADSL,small,1522
2025-12-31,HEXATRADEX,small,1525
2025-12-31,GULPOLY,small,1526
2025-12-31,SILVERTUC,small,1527
2025-12-31,JAYBARMARU,small,1528
2025-12-31,KUANTUM,small,1529
2025-12-31,TNPETRO,small,1530
2025-12-31,GICHSGFIN,small,1531
2025-12-31,PRIMESECU,small,1532
2025-12-31,IFBAGRO,small,1533
2025-12-31,BIRLAMONEY,small,1535
2025-12-31,PVSL,small,1536
2025-12-31,NCLIND,small,1537
2025-12-31,SASTASUNDR,small,1539
2025-12-31,ELIN,small,1540
2025-12-31,SKMEGGPROD,small,1541
2025-12-31,VAKRANGEE,small,1542
2025-12-31,ZUARIIND,small,1543
2025-12-31,EVERESTIND,small,1544
2025-12-31,LIKHITHA,small,1547
2025-12-31,REGAAL,small,1548
2025-12-31,TVSELECT,small,1549
2025-12-31,UFBL,small,1550
2025-12-31,ABCOTS,small,1552
2025-12-31,MACPOWER,small,1553
2025-12-31,VALIANTORG,small,1554
2025-12-31,TEMBO,small,1556
2025-12-31,KABRAEXTRU,small,1560
2025-12-31,ARROWGREEN,small,1562
2025-12-31,BESTAGRO,small,1564
2025-12-31,DISHTV,small,1565
2025-12-31,CCCL,small,1566
2025-12-31,TVTODAY,small,1570
2025-12-31,KOTHARIPET,small,1571
2025-12-31,CHEMFAB,small,1573
2025-12-31,SANDESH,small,1574
2025-12-31,DHAMPURSUG,small,1575
2025-12-31,ANUHPHR,small,1578
2025-12-31,BLAL,small,1579
2025-12-31,MAHASTEEL,small,1581
2025-12-31,SVLL,small,1585
2025-12-31,MUNJALAU,small,1586
2025-12-31,SUYOG,small,1587
2025-12-31,AVADHSUGAR,small,1588
2025-12-31,JPASSOCIAT,small,1589
2025-12-31,NGLFINE,small,1590
2025-12-31,SNOWMAN,small,1591
2025-12-31,JITFINFRA,small,1593
2025-12-31,DHUNINV,small,1594
2025-12-31,KRYSTAL,small,1595
2025-12-31,ORICONENT,small,1596
2025-12-31,STEL,small,1597
2025-12-31,SGIL,small,1598
2025-12-31,WANBURY,small,1600
2025-12-31,CHEMCON,small,1601
2025-12-31,BHAGERIA,small,1602
2025-12-31,ASAL,small,1603
2025-12-31,SARLAPOLY,small,1604
2025-12-31,BIGBLOC,small,1605
2025-12-31,COFFEEDAY,small,1606
2025-12-31,ATL,small,1607
2025-12-31,VLSFINANCE,small,1608
2025-12-31,GKSL,small,1611
2025-12-31,RATNAVEER,small,1612
2025-12-31,AMBIKCO,small,1615
2025-12-31,UNITEDPOLY,small,1618
2025-12-31,VHLTD,small,1619
2025-12-31,ARFIN,small,1622
2025-12-31,INDOBORAX,small,1625
2025-12-31,ADVANCE,small,1626
2025-12-31,ELDEHSG,small,1627
2025-12-31,SAKAR,small,1628
2025-12-31,NINSYS,small,1629
2025-12-31,MALLCOM,small,1630
2025-12-31,BODALCHEM,small,1631
2025-12-31,MUKKA,small,1632
2025-12-31,MUFTI,small,1635
2025-12-31,KAMATHOTEL,small,1636
2025-12-31,SATIA,small,1638
2025-12-31,DWARKESH,small,1639
2025-12-31,KECL,small,1640
2025-12-31,NAHARSPING,small,1641
2025-12-31,KAMDHENU,small,1642
2025-12-31,RITCO,small,1643
2025-12-31,APEX,small,1646
2025-12-31,KOPRAN,small,1647
2025-12-31,MAGADSUGAR,small,1649
2025-12-31,PATELRMART,small,1652
2025-12-31,20MICRONS,small,1653
2025-12-31,RUBYMILLS,small,1654
2025-12-31,GHCLTEXTIL,small,1655
2025-12-31,PROZONER,small,1658
2025-12-31,STCINDIA,small,1659
2025-12-31,LINC,small,1661
2025-12-31,TREL,small,1663
2025-12-31,KSOLVES,small,1665
2025-12-31,RUSHIL,small,1668
2025-12-31,LAXMIINDIA,small,1669
2025-12-31,GEECEE,small,1670
2025-12-31,NBIFIN,small,1671
2025-12-31,HLVLTD,small,1672
2025-12-31,THEINVEST,small,1674
2025-12-31,PVP,small,1675
2025-12-31,PPL,small,1676
2025-12-31,RSWM,small,1677
2025-12-31,DMCC,small,1678
2025-12-31,SHIVALIK,small,1681
2025-12-31,MWL,small,1682
2025-12-31,RKSWAMY,small,1683
2025-12-31,NAHARPOLY,small,1684
2025-12-31,VENUSREM,small,1685
2025-12-31,SUBEXLTD,small,1686
2025-12-31,SARVESHWAR,small,1689
2025-12-31,SEJALLTD,small,1691
2025-12-31,REPRO,small,1692
2025-12-31,ZEEMEDIA,small,1693
2025-12-31,GLOSTERLTD,small,1694
2025-12-31,MINDTECK,small,1695
2025-12-31,NRAIL,small,1696
2025-12-31,AHCL,small,1697
2025-12-31,HARDWYN,small,1698
2025-12-31,DREAMFOLKS,small,1700
2025-12-31,ONWARDTEC,small,1702
2025-12-31,SHREERAMA,small,1704
2025-12-31,ACL,small,1706
2025-12-31,JAYAGROGN,small,1707
2025-12-31,APTECHT,small,1708
2025-12-31,MANBA,small,1709
2025-12-31,MAANALU,small,1711
2025-12-31,EMKAY,small,1712
2025-12-31,URJA,small,1714
2025-12-31,IRIS,small,1715
2025-12-31,VISAKAIND,small,1716
2025-12-31,MMP,small,1717
2025-12-31,PARSVNATH,small,1718
2025-12-31,HINDCOMPOS,small,1719
2025-12-31,ENIL,small,1720
2025-12-31,PAKKA,small,1721
2025-12-31,GFLLIMITED,small,1722
2025-12-31,MENONBE,small,1723
2025-12-31,CSLFINANCE,small,1725
2025-12-31,MIRCELECTR,small,1726
2025-12-31,CHEVIOT,small,1728
2025-12-31,INDSWFTLAB,small,1729
2025-12-31,GCSL,small,1733
2025-12-31,SCHAND,small,1735
2025-12-31,KILITCH,small,1738
2025-12-31,KRITI,small,1740
2025-12-31,DBEIL,small,1741
2025-12-31,SICALLOG,small,1742
2025-12-31,VERTOZ,small,1743
2025-12-31,FOODSIN,small,1744
2025-12-31,ASIANHOTNR,small,1747
2025-12-31,MODIS,small,1749
2025-12-31,GANESHBE,small,1752
2025-12-31,IGCL,small,1753
2025-12-31,BORANA,small,1754
2025-12-31,SHALPAINTS,small,1756
2025-12-31,SBGLP,small,1757
2025-12-31,TOLINS,small,1758
2025-12-31,ONMOBILE,small,1761
2025-12-31,GLOTTIS,small,1762
2025-12-31,IRISDOREME,small,1764
2025-12-31,NILASPACES,small,1765
2025-12-31,SILINV,small,1767
2025-12-31,SPECIALITY,small,1768
2025-12-31,OCCLLTD,small,1769
2025-12-31,INTLCONV,small,1772
2025-12-31,SUTLEJTEX,small,1774
2025-12-31,RPPINFRA,small,1775
2025-12-31,PYRAMID,small,1777
2025-12-31,PRIMO,small,1778
2025-12-31,FOCUS,small,1779
2025-12-31,TARACHAND,small,1780
2025-12-31,DCMSRIND,small,1781
2025-12-31,CONSOFINVT,small,1782
2025-12-31,KRONOX,small,1783
2025-12-31,KAYA,small,1784
2025-12-31,RADIANTCMS,small,1786
2025-12-31,HMVL,small,1788
2025-12-31,ESSARSHPNG,small,1789
2025-12-31,ZODIAC,small,1792
2025-12-31,EMAMIPAP,small,1793
2025-12-31,DIGISPICE,small,1795
2025-12-31,EIFFL,small,1796
2025-12-31,MBLINFRA,small,1797
2025-12-31,COMSYN,small,1801
2025-12-31,SURAJLTD,small,1802
2025-12-31,PRECOT,small,1804
2025-12-31,TPLPLASTEH,small,1806
2025-12-31,RBZJEWEL,small,1809
2025-12-31,HERCULES,small,1811
2025-12-31,HILINFRA,small,1813
2025-12-31,RAMAPHO,small,1815
2025-12-31,ORIENTPPR,small,1816
2025-12-31,GVKPIL,small,1818
2025-12-31,LIBERTSHOE,small,1819
2025-12-31,BELLACASA,small,1821
2025-12-31,BMWVENTLTD,small,1823
2025-12-31,KAPSTON,small,1825
2025-12-31,ADVANIHOTR,small,1826
2025-12-31,DBOL,small,1827
2025-12-31,MUNJALSHOW,small,1831
2025-12-31,TRACXN,small,1833
2025-12-31,ORBTEXP,small,1834
2025-12-31,SREEL,small,1835
2025-12-31,MODINATUR,small,1837
2025-12-31,MAZDA,small,1838
2025-12-31,GUJAPOLLO,small,1839
2025-12-31,HTMEDIA,small,1840
2025-12-31,TRANSWORLD,small,1842
2025-12-31,VISASTEEL,small,1843
2025-12-31,PTL,small,1844
2025-12-31,AVONMORE,small,1848
2025-12-31,WSI,small,1850
2025-12-31,SUKHJITS,small,1852
2025-12-31,MGEL,small,1854
2025-12-31,DONEAR,small,1855
2025-12-31,TERASOFT,small,1857
2025-12-31,MODISONLTD,small,1858
2025-12-31,VINYLINDIA,small,1859
2025-12-31,EUROBOND,small,1860
2025-12-31,DICIND,small,1862
2025-12-31,CPEDU,small,1863
2025-12-31,MIRZAINT,small,1865
2025-12-31,CLEDUCATE,small,1867
2025-12-31,PAVNAIND,small,1868
2025-12-31,NAHARINDUS,small,1869
2025-12-31,SOFTTECH,small,1870
2025-12-31,CYBERTECH,small,1871
2025-12-31,KNAGRI,small,1872
2025-12-31,MEDICAMEQ,small,1873
2025-12-31,PANACHE,small,1874
2025-12-31,HCL-INSYS,small,1876
2025-12-31,KOTHARIPRO,small,1877
2025-12-31,VRAJ,small,1879
2025-12-31,UGARSUGAR,small,1881
2025-12-31,XTGLOBAL,small,1882
2025-12-31,SINCLAIR,small,1886
2025-12-31,DAVANGERE,small,1887
2025-12-31,PREMIERPOL,small,1890
2025-12-31,MOLDTECH,small,1891
2025-12-31,ARIES,small,1892
2025-12-31,SIGMA,small,1893
2025-12-31,NDL,small,1894
2025-12-31,MONEYBOXX,small,1895
2025-12-31,NAHARCAP,small,1896
2025-12-31,SPENCERS,small,1898
2025-12-31,THOMASCOTT,small,1899
2025-12-31,ORIENTCER,small,1902
2025-12-31,PLASTIBLEN,small,1904
2025-12-31,KANPRPLA,small,1905
2025-12-31,BIRLACABLE,small,1907
2025-12-31,GSLSU,small,1908
2025-12-31,LORDSCHLO,small,1910
2025-12-31,AMANTA,small,1911
2025-12-31,NRL,small,1912
2025-12-31,MCLEODRUSS,small,1913
2025-12-31,MUTHOOTCAP,small,1914
2025-12-31,PANSARI,small,1916
2025-12-31,SOUTHWEST,small,1921
2025-12-31,ALBERTDAVD,small,1922
2025-12-31,SRD,small,1923
2025-12-31,SRGHFL,small,1926
2025-12-31,RAMANEWS,small,1929
2025-12-31,KRITINUT,small,1930
2025-12-31,TIGERLOGS,small,1931
2025-12-31,CHEMBONDCH,small,1932
2025-12-31,TIRUPATIFL,small,1933
2025-12-31,VALIANTLAB,small,1938
2025-12-31,EMAMIREAL,small,1939
2025-12-31,MANAKSIA,small,1941
2025-12-31,NOVAAGRI,small,1943
2025-12-31,MANORG,small,1945
2025-12-31,REMSONSIND,small,1947
2025-12-31,GLOBECIVIL,small,1951
2025-12-31,KHADIM,small,1953
2025-12-31,PASUPTAC,small,1955
2025-12-31,ASHIMASYN,small,1956
2025-12-31,BANSWRAS,small,1957
2025-12-31,FILATFASH,small,1958
2025-12-31,S&SPOWER,small,1959
2025-12-31,HPAL,small,1960
2025-12-31,RUBFILA,small,1961
2025-12-31,GENUSPAPER,small,1963
2025-12-31,TICL,small,1964
2025-12-31,DENORA,small,1966
2025-12-31,ORIENTBELL,small,1967
2025-12-31,RHL,small,1968
2025-12-31,SPCENET,small,1970
2025-12-31,JKIPL,small,1974
2025-12-31,BEDMUTHA,small,1976
2025-12-31,WELINV,small,1978
2025-12-31,NILAINFRA,small,1979
2025-12-31,UNIDT,small,1980
2025-12-31,DEVX,small,1981
2025-12-31,AARON,small,1984
2025-12-31,GOKUL,small,1985
2025-12-31,GOACARBON,small,1987
2025-12-31,RUCHIRA,small,1989
2025-12-31,MANAKSTEEL,small,1991
2025-12-31,AARTISURF,small,1994
2025-12-31,SAKUMA,small,1995
2025-12-31,ASMS,small,1997
2025-12-31,VIKASLIFE,small,1998
2025-12-31,BBTCL,small,1999
2025-12-31,IL&FSENGG,small,2000
2025-12-31,MAHEPC,small,2001
2025-12-31,DYNPRO,small,2002
2025-12-31,BCONCEPTS,small,2006
2025-12-31,FCSSOFT,small,2007
2025-12-31,ZIMLAB,small,2008
2025-12-31,APCL,small,2009
2025-12-31,SUMIT,small,2010
2025-12-31,IITL,small,2011
2025-12-31,SHIVAUM,small,2012
2025-12-31,VARDMNPOLY,small,2013
2025-12-31,OILCOUNTUB,small,2015
2025-12-31,VGL,small,2016
2025-12-31,3IINFOLTD,small,2017
2025-12-31,INSPIRISYS,small,2019
2025-12-31,DCI,small,2020
2025-12-31,RCOM,small,2024
2025-12-31,SHIVAMAUTO,small,2025
2025-12-31,MEDICO,small,2029
2025-12-31,BALAJEE,small,2030
2025-12-31,BROOKS,small,2032
2025-12-31,NDGL,small,2035
2025-12-31,LOKESHMACH,small,2037
2025-12-31,GINNIFILA,small,2040
2025-12-31,NECLIFE,small,2041
2025-12-31,EXXARO,small,2044
2025-12-31,BPL,small,2045
2025-12-31,TRF,small,2046
2025-12-31,MANCREDIT,small,2051
2025-12-31,HALEOSLABS,small,2054
2025-12-31,HARRMALAYA,small,2055
2025-12-31,URAVIDEF,small,2056
2025-12-31,ASAHISONG,small,2057
2025-12-31,GLOBAL,small,2060
2025-12-31,RACE,small,2061
2025-12-31,KANORICHEM,small,2062
2025-12-31,MARKOLINES,small,2065
2025-12-31,ALANKIT,small,2066
2025-12-31,GEEKAYWIRE,small,2068
2025-12-31,VLEGOV,small,2071
2025-12-31,DPWIRES,small,2073
2025-12-31,VIKASECO,small,2074
2025-12-31,BHAGYANGR,small,2075
2025-12-31,KCPSUGIND,small,2076
2025-12-31,MAWANASUG,small,2078
2025-12-31,APOLSINHOT,small,2080
2025-12-31,BYKE,small,2083
2025-12-31,SSDL,small,2084
2025-12-31,VARDHACRLC,small,2085
2025-12-31,SHRADHA,small,2086
2025-12-31,MANOMAY,small,2090
2025-12-31,LYKALABS,small,2093
2025-12-31,AVG,small,2094
2025-12-31,AFFORDABLE,small,2095
2025-12-31,NIPPOBATRY,small,2097
2025-12-31,ATLANTAA,small,2101
2025-12-31,ALMONDZ,small,2106
2025-12-31,SINTERCOM,small,2109
2025-12-31,GOLDTECH,small,2111
2025-12-31,PPAP,small,2112
2025-12-31,NATHBIOGEN,small,2114
2025-12-31,HITECHCORP,small,2115
2025-12-31,VMSTMT,small,2116
2025-12-31,SHANKARA,small,2118
2025-12-31,TREJHARA,small,2122
2025-12-31,DIAMINESQ,small,2123
2025-12-31,VIPCLOTHNG,small,2124
2025-12-31,AXITA,small,2125
2025-12-31,AUTOIND,small,2127
2025-12-31,AFIL,small,2128
2025-12-31,A2ZINFRA,small,2129
2025-12-31,RVHL,small,2131
2025-12-31,SHEMAROO,small,2132
2025-12-31,SOMATEX,small,2133
2025-12-31,NAGAFERT,small,2137
2025-12-31,ROSSELLIND,small,2138
2025-12-31,SUPREME,small,2142
2025-12-31,OMFREIGHT,small,2143
2025-12-31,BAFNAPH,small,2144
2025-12-31,PILITA,small,2148
2025-12-31,GLOBALVECT,small,2154
2025-12-31,CINELINE,small,2156
2025-12-31,SUNDRMBRAK,small,2157
2025-12-31,AIRAN,small,2159
2025-12-31,DJML,small,2160
2025-12-31,STARTECK,small,2161
2025-12-31,DELPHIFX,small,2163
2025-12-31,MODIRUBBER,small,2164
2025-12-31,ELGIRUBCO,small,2168
2025-12-31,SHREYANIND,small,2172
2025-12-31,OSIAHYPER,small,2173
2025-12-31,SAHYADRI,small,2174
2025-12-31,PODDARMENT,small,2176
2025-12-31,DCMNVL,small,2178
2025-12-31,UFO,small,2179
2025-12-31,UCAL,small,2181
2025-12-31,UYFINCORP,small,2184
2025-12-31,VSTL,small,2197
2025-12-31,INDOUS,small,2198
2025-12-31,UNIVPHOTO,small,2201
2025-12-31,JAYSREETEA,small,2202
2025-12-31,UNIVASTU,small,2204
2025-12-31,ZEELEARN,small,2206
2025-12-31,NDLVENTURE,small,2212
2025-12-31,CCHHL,small,2217
2025-12-31,MEGASTAR,small,2219
2025-12-31,RVTH,small,2220
2025-12-31,TAKE,small,2221
2025-12-31,SURANAT&P,small,2222
2025-12-31,TTL,small,2223
2025-12-31,RUDRA,small,2225
2025-12-31,RADIOCITY,small,2226
2025-12-31,PRITIKAUTO,small,2227
2025-12-31,VIRINCHI,small,2228
2025-12-31,SCPL,small,2233
2025-12-31,REPL,small,2236
2025-12-31,KAMOPAINTS,small,2238
2025-12-31,SUPREMEINF,small,2239
2025-12-31,STARPAPER,small,2246
2025-12-31,NURECA,small,2250
2025-12-31,IVC,small,2253
2025-12-31,KOTARISUG,small,2257
2025-12-31,SADHNANIQ,small,2258
2025-12-31,GILLANDERS,small,2260
2025-12-31,COASTCORP,small,2262
2025-12-31,AHLEAST,small,2264
2025-12-31,SAKHTISUG,small,2265
2025-12-31,DRCSYSTEMS,small,2267
2025-12-31,ZODIACLOTH,small,2268
2025-12-31,KMSUGAR,small,2271
2025-12-31,INTENTECH,small,2272
2025-12-31,OMAXAUTO,small,2273
2025-12-31,PIGL,small,2275
2025-12-31,IBULLSLTD,small,2277
2025-12-31,KALYANIFRG,small,2279
2025-12-31,MKPL,small,2282
2025-12-31,PONNIERODE,small,2284
2025-12-31,MURUDCERA,small,2287
2025-12-31,CPCAP,small,2290
2025-12-31,NIRAJ,small,2291
2025-12-31,AERONEU,small,2292
2025-12-31,GENCON,small,2296
2025-12-31,SALSTEEL,small,2301
2025-12-31,ATALREAL,small,2303
2025-12-31,SHAH,small,2308
2025-12-31,SHIVATEX,small,2309
2025-12-31,CHEMBOND,small,2310
2025-12-31,NAVKARURB,small,2311
2025-12-31,CORDSCABLE,small,2314
2025-12-31,ABAN,small,2315
2025-12-31,DEVIT,small,2319
2025-12-31,TRIGYN,small,2321
2025-12-31,WORTHPERI,small,2322
2025-12-31,BALAXI,small,2327
2025-12-31,DHARAN,small,2328
2025-12-31,MHLXMIRU,small,2329
2025-12-31,UNITEDTEA,small,2337
2025-12-31,PKTEA,small,2338
2025-12-31,BASML,small,2342
2025-12-31,KRITIKA,small,2345
2025-12-31,AMJLAND,small,2350
2025-12-31,TEAMGTY,small,2351
2025-12-31,INDOWIND,small,2352
2025-12-31,MARALOVER,small,2357
2025-12-31,VETO,small,2361
2025-12-31,PLAZACABLE,small,2362
2025-12-31,SETCO,small,2369
2025-12-31,LOTUSEYE,small,2374
2025-12-31,RANASUG,small,2376
2025-12-31,RAJTV,small,2378
2025-12-31,ANIKINDS,small,2380
2025-12-31,AKSHARCHEM,small,2382
2025-12-31,PRAXIS,small,2385
2025-12-31,AAREYDRUGS,small,2386
2025-12-31,NATCAPSUQ,small,2390
2025-12-31,DGCONTENT,small,2392
2025-12-31,SADBHAV,small,2395
2025-12-31,ASPINWALL,small,2408
2025-12-31,GULFPETRO,small,2415
2025-12-31,NECCLTD,small,2419
2025-12-31,JMA,small,2423
2025-12-31,NITIRAJ,small,2424
2025-12-31,EQUIPPP,small,2425
2025-12-31,INCREDIBLE,small,2429
2025-12-31,RHFL,small,2430
2025-12-31,TIPSFILMS,small,2434
2025-12-31,EMMBI,small,2435
2025-12-31,ARCHIDPLY,small,2436
2025-12-31,CENTEXT,small,2437
2025-12-31,KEYFINSERV,small,2440
2025-12-31,ESSENTIA,small,2444
2025-12-31,TAINWALCHM,small,2445
2025-12-31,KAVDEFENCE,small,2451
2025-12-31,ARVEE,small,2452
2025-12-31,EXCEL,small,2453
2025-12-31,SIKKO,small,2454
2025-12-31,ALPA,small,2459
2025-12-31,KESORAMIND,small,2466
2025-12-31,DTIL,small,2467
2025-12-31,AVROIND,small,2471
2025-12-31,MANAKALUCO,small,2477
2025-12-31,BRNL,small,2478
2025-12-31,DCM,small,2479
2025-12-31,AARTECH,small,2490
2025-12-31,LAL,small,2491
2025-12-31,SONAMLTD,small,2496
2025-12-31,VISHWARAJ,small,2498
2025-12-31,INDTERRAIN,small,2504
2025-12-31,PRAENG,small,2506
2025-12-31,LANCORHOL,small,2514
2025-12-31,VASWANI,small,2515
2025-12-31,AARVI,small,2516
2025-12-31,SUPERHOUSE,small,2518
2025-12-31,RSSOFTWARE,small,2522
2025-12-31,CORALFINAC,small,2529
2025-12-31,IVP,small,2531
2025-12-31,BSL,small,2532
2025-12-31,RUCHINFRA,small,2536
2025-12-31,CROWN,small,2540
2025-12-31,WEIZMANIND,small,2547
2025-12-31,SOMICONVEY,small,2549
2025-12-31,GVPTECH,small,2551
2025-12-31,USK,small,2554
2025-12-31,MODTHREAD,small,2556
2025-12-31,MAHESHWARI,small,2557
2025-12-31,RKEC,small,2558
2025-12-31,SIGIND,small,2560
2025-12-31,DUCON,small,2561
2025-12-31,XELPMOC,small,2565
2025-12-31,HINDCON,small,2566
2025-12-31,TEXMOPIPES,small,2569
2025-12-31,UMIYA-MRO,small,2571
2025-12-31,MAGNUM,small,2575
2025-12-31,ISFT,small,2577
2025-12-31,AIROLAM,small,2580
2025-12-31,MUKTAARTS,small,2583
2025-12-31,INDIANCARD,small,2591
2025-12-31,ALPHAGEO,small,2592
2025-12-31,BHARATGEAR,small,2595
2025-12-31,KREBSBIO,small,2596
2025-12-31,INDBANK,small,2597
2025-12-31,RPPL,small,2600
2025-12-31,UMAEXPORTS,small,2601
2025-12-31,HECPROJECT,small,2609
2025-12-31,HPIL,small,2612
2025-12-31,GANGESSECU,small,2616
2025-12-31,SURANASOL,small,2618
2025-12-31,SHYAMCENT,small,2621
2025-12-31,INVENTURE,small,2623
2025-12-31,BTML,small,2625
2025-12-31,STEELCITY,small,2627
2025-12-31,COMPUSOFT,small,2633
2025-12-31,SAMBHAAV,small,2639
2025-12-31,LAGNAM,small,2640
2025-12-31,SILGO,small,2641
2025-12-31,AUSOMENT,small,2667
2025-12-31,GENSOL,small,2669
2025-12-31,SMLT,small,2671
2025-12-31,GTL,small,2673
2025-12-31,BAIDFIN,small,2683
2025-12-31,SMARTLINK,small,2684
2025-12-31,MAHAPEXLTD,small,2685
2025-12-31,SADBHIN,small,2686
2025-12-31,SEMAC,small,2691
2025-12-31,TRU,small,2695
2025-12-31,ISHANCH,small,2697
2025-12-31,JOCIL,small,2698
2025-12-31,SALONA,small,2703
2025-12-31,HDIL,small,2706
2025-12-31,VIPULLTD,small,2708
2025-12-31,MCL,small,2709
2025-12-31,BALPHARMA,small,2710
2025-12-31,WIPL,small,2711
2025-12-31,LOVABLE,small,2714
2025-12-31,LOYALTEX,small,2716
2025-12-31,RAJSREESUG,small,2722
2025-12-31,OSWALSEEDS,small,2724
2025-12-31,BAGFILMS,small,2725
2025-12-31,SHAHALLOYS,small,2727
2025-12-31,SECMARK,small,2729
2025-12-31,ZENITHEXPO,small,2737
2025-12-31,CUBEXTUB,small,2738
2025-12-31,LATTEYS,small,2740
2025-12-31,SAMPANN,small,2743
2025-12-31,ARTNIRMAN,small,2747
2025-12-31,TARMAT,small,2753
2025-12-31,FIBERWEB,small,2764
2025-12-31,LAMBODHARA,small,2766
2025-12-31,RAJMET,small,2775
2025-12-31,PAR,small,2778
2025-12-31,BEARDSELL,small,2779
2025-12-31,RELIABLE,small,2781
2025-12-31,AKSHOPTFBR,small,2783
2025-12-31,MOKSH,small,2785
2025-12-31,GROBTEA,small,2788
2025-12-31,REGENCERAM,small,2789
2025-12-31,SURYALAXMI,small,2794
2025-12-31,RELCHEMQ,small,2799
2025-12-31,KOHINOOR,small,2800
2025-12-31,HILTON,small,2809
2025-12-31,PALASHSECU,small,2814
2025-12-31,CURAA,small,2815
2025-12-31,TOTAL,small,2818
2025-12-31,SIL,small,2824
2025-12-31,VAISHALI,small,2825
2025-12-31,OBCL,small,2827
2025-12-31,TOKYOPLAST,small,2830
2025-12-31,VIVIMEDLAB,small,2833
2025-12-31,DIGIDRIVE,small,2835
2025-12-31,BHANDARI,small,2836
2025-12-31,ODIGMA,small,2838
2025-12-31,KAKATCEM,small,2839
2025-12-31,MITCON,small,2840
2025-12-31,TOUCHWOOD,small,2842
2025-12-31,SPLIL,small,2846
2025-12-31,AAATECH,small,2847
2025-12-31,ZENITHSTL,small,2850
2025-12-31,PIONEEREMB,small,2866
2025-12-31,GLOBE,small,2885
2025-12-31,DHRUV,small,2886
2025-12-31,SELMC,small,2888
2025-12-31,ATAM,small,2896
2025-12-31,LPDC,small,2898
2025-12-31,PATINTLOG,small,2906
2025-12-31,GOYALALUM,small,2908
2025-12-31,IL&FSTRANS,small,2912
2025-12-31,MANGALAM,small,2915
2025-12-31,PRUDMOULI,small,2917
2025-12-31,AMDIND,small,2919
2025-12-31,DIGJAMLMTD,small,2921
2025-12-31,CAPTRUST,small,2922
2025-12-31,CINEVISTA,small,2931
2025-12-31,BVCL,small,2932
2025-12-31,MOTOGENFIN,small,2933
2025-12-31,HISARMETAL,small,2936
2025-12-31,JHS,small,2938
2025-12-31,PRITI,small,2944
2025-12-31,ENERGYDEV,small,2948
2025-12-31,AAKASH,small,2951
2025-12-31,ACCURACY,small,2957
2025-12-31,ORCHASP,small,2966
2025-12-31,PRAKASHSTL,small,2981
2025-12-31,SUNDARAM,small,2983
2025-12-31,DBSTOCKBRO,small,2987
2025-12-31,AKI,small,2995
2025-12-31,AURIGROW,small,2997
2025-12-31,ALKALI,small,2998
2025-12-31,CEREBRAINT,small,3001
2025-12-31,FCONSUMER,small,3002
2025-12-31,AJOONI,small,3014
2025-12-31,ANMOL,small,3016
2025-12-31,NAGREEKEXP,small,3017
2025-12-31,BANKA,small,3020
2025-12-31,DELTAMAGNT,small,3022
2025-12-31,HGM,small,3033
2025-12-31,CTE,small,3034
2025-12-31,CALSOFT,small,3042
2025-12-31,SUVIDHAA,small,3043
2025-12-31,ORIENTLTD,small,3044
2025-12-31,NARMADA,small,3052
2025-12-31,BLUECOAST,small,3055
2025-12-31,TFL,small,3062
2025-12-31,AGRITECH,small,3070
2025-12-31,BLBLIMITED,small,3072
2025-12-31,BANARBEADS,small,3076
2025-12-31,AGROPHOS,small,3080
2025-12-31,GATECH,small,3091
2025-12-31,DAMODARIND,small,3099
2025-12-31,NOIDATOLL,small,3104
2025-12-31,3PLAND,small,3112
2025-12-31,SECURKLOUD,small,3115
2025-12-31,TPHQ,small,3133
2025-12-31,ROML,small,3135
2025-12-31,PARASPETRO,small,3136
2025-12-31,AHLADA,small,3139
2025-12-31,ATLASCYCLE,small,3147
2025-12-31,SHEKHAWATI,small,3159
2025-12-31,ORIENTALTL,small,3165
2025-12-31,FMNL,small,3169
2025-12-31,FLEXITUFF,small,3177
2025-12-31,NORBTEAEXP,small,3180
2025-12-31,BANG,small,3187
2025-12-31,ANSALAPI,small,3194
2025-12-31,BALKRISHNA,small,3207
2025-12-31,NIBL,small,3214
2025-12-31,JAIPURKURT,small,3217
2025-12-31,CELEBRITY,small,3223
2025-12-31,JETFREIGHT,small,3233
2025-12-31,GSS,small,3235
2025-12-31,BIOFILCHEM,small,3238
2025-12-31,KARMAENG,small,3240
2025-12-31,GAYAHWS,small,3241
2025-12-31,ARCHIES,small,3242
2025-12-31,TNTELE,small,3251
2025-12-31,DANGEE,small,3257
2025-12-31,MALUPAPER,small,3258
2025-12-31,RKDL,small,3268
2025-12-31,ICDSLTD,small,3289
2025-12-31,PALREDTEC,small,3297
2025-12-31,AGSTRA,small,3305
2025-12-31,MANUGRAPH,small,3306
2025-12-31,GOLDENTOBC,small,3311
2025-12-31,LFIC,small,3312
2025-12-31,VINNY,small,3315
2025-12-31,SHIVAMILLS,small,3322
2025-12-31,LEXUS,small,3327
2025-12-31,HBSL,small,3336
2025-12-31,ADROITINFO,small,3340
2025-12-31,TARAPUR,small,3345
2025-12-31,ASTRON,small,3370
2025-12-31,KHAITANLTD,small,3372
2025-12-31,AROGRANITE,small,3377
2025-12-31,SIMBHALS,small,3378
2025-12-31,HYBRIDFIN,small,3380
2025-12-31,ARSHIYA,small,3382
2025-12-31,21STCENMGM,small,3387
2025-12-31,LASA,small,3399
2025-12-31,DNAMEDIA,small,3405
2025-12-31,LCCINFOTEC,small,3430
2025-12-31,SEYAIND,small,3433
2025-12-31,SUPERSPIN,small,3434
2025-12-31,COUNCODOS,small,3436
2025-12-31,WEWIN,small,3438
2025-12-31,MADHUCON,small,3442
2025-12-31,NGIL,small,3452
2025-12-31,MASKINVEST,small,3454
2025-12-31,SVPGLOB,small,3467
2025-12-31,PEARLPOLY,small,3470
2025-12-31,SAGARDEEP,small,3478
2025-12-31,GANGAFORGE,small,3479
2025-12-31,ADL,small,3482
2025-12-31,ABMINTLLTD,small,3494
2025-12-31,AKASH,small,3496
2025-12-31,AMBICAAGAR,small,3509
2025-12-31,MOHITIND,small,3513
2025-12-31,VIJIFIN,small,3520
2025-12-31,AKSHAR,small,3528
2025-12-31,KEEPLEARN,small,3532
2025-12-31,NEXTMEDIA,small,3555
2025-12-31,PNC,small,3557
2025-12-31,SITINET,small,3581
2025-12-31,ASHOKAMET,small,3582
2025-12-31,BOHRAIND,small,3590
2025-12-31,NKIND,small,3591
2025-12-31,AKG,small,3600
2025-12-31,LAXMICOT,small,3617
2025-12-31,MADHAV,small,3634
2025-12-31,SGL,small,3641
2025-12-31,KRIDHANINF,small,3647
2025-12-31,FEL,small,3648
2025-12-31,KANANIIND,small,3650
2025-12-31,KSR,small,3658
2025-12-31,TECILCHEM,small,3668
2025-12-31,VINEETLAB,small,3672
2025-12-31,MEP,small,3673
2025-12-31,WILLAMAGOR,small,3675
2025-12-31,INFOMEDIA,small,3676
2025-12-31,KHANDSE,small,3690
2025-12-31,NAGREEKCAP,small,3695
2025-12-31,KAUSHALYA,small,3704
2025-12-31,BILVYAPAR,small,3714
2025-12-31,SKIL,small,3717
2025-12-31,MITTAL,small,3738
2025-12-31,ROLLT,small,3747
2025-12-31,TGBHOTELS,small,3750
2025-12-31,SHRENIK,small,3751
2025-12-31,FLFL,small,3756
2025-12-31,NEUEON,small,3758
2025-12-31,TREEHOUSE,small,3764
2025-12-31,CYBERMEDIA,small,3768
2025-12-31,LIBAS,small,3783
2025-12-31,DIL,small,3785
2025-12-31,HAVISHA,small,3803
2025-12-31,MFML,small,3815
2025-12-31,MORARJEE,small,3836
2025-12-31,SANWARIA,small,3838
2025-12-31,GFSTEELS,small,3849
2025-12-31,KSHITIJPOL,small,3860
2025-12-31,SRPL,small,3875
2025-12-31,SUPREMEENG,small,3903
2025-12-31,TVVISION,small,3927
2025-12-31,ANKITMETAL,small,3936
2025-12-31,SANGINITA,small,3945
2025-12-31,GUJRAFFIA,small,3964
2025-12-31,GTECJAINX,small,3977
2025-12-31,ACEINTEG,small,3989
2025-12-31,RETAIL,small,3994
2025-12-31,BLUECHIP,small,4011
2025-12-31,VCL,small,4024
2025-12-31,VIVIDHA,small,4029
2025-12-31,EASTSILK,small,4042
2025-12-31,HEADSUP,small,4045
2025-12-31,NIRAJISPAT,small,4110
2025-12-31,TIJARIA,small,4135
2025-12-31,SILLYMONKS,small,4141
2025-12-31,UNIINFO,small,4153
2025-12-31,LYPSAGEMS,small,4172
2025-12-31,EDUCOMP,small,4173
2025-12-31,GLFL,small,4176
2025-12-31,ONELIFECAP,small,4196
2025-12-31,COMPINFO,small,4204
2025-12-31,TCIFINANCE,small,4235
2025-12-31,IMPEXFERRO,small,4238
2025-12-31,RADAAN,small,4241
2025-12-31,ANTGRAPHIC,small,4259
2025-12-31,CREATIVEYE,small,4314
2025-12-31,SHYAMTEL,small,4315
2025-12-31,ARENTERP,small,4328
2025-12-31,MTEDUCARE,small,4330
2025-12-31,EUROTEXIND,small,4345
2025-12-31,UMESLTD,small,4363
2025-12-31,UNIVAFOODS,small,4364
2025-12-31,MARSHALL,small,4376
2025-12-31,GLOBALE,small,4388
2025-12-31,WINSOME,small,4392
2025-12-31,KALYANI,small,4395
2025-12-31,SUULD,small,4418
2025-12-31,OMKARCHEM,small,4468
2025-12-31,SHANTI,small,4501
2025-12-31,DCMFINSERV,small,4546
2025-12-31,PREMIER,small,4568
2025-12-31,ORTINGLOBE,small,4574
2025-12-31,ALPSINDUS,small,4711
2025-12-31,SETUINFRA,small,4732
2025-12-31,SABEVENTS,small,4796
2025-12-31,LAKPRE,small,4856
2025-12-31,CMICABLES,small,4857
2025-12-31,BGLOBAL,small,4888
2025-12-31,ORTEL,small,4913
2025-12-31,QUINTEGRA,small,4971
2025-12-31,RAJVIR,small,5025
2025-12-31,SANCO,small,5094
2025-12-31,GANGOTRI,small,5179
